is_legendary,weight_kg,height_m,gender_Female,gender_Male,gender_No Gender,hp,attack,defense,spattack,spdefense,speed
0,13.54,0.72,0,1,0,256,129,141,170,128,152
0,19.04,1.03,0,1,0,212,133,108,132,121,141
0,4.73,0.61,0,0,1,216,173,123,171,109,120
0,22.05,0.59,0,1,0,254,206,114,248,177,226
0,108.05,1.5,0,0,1,261,172,222,185,272,159
0,88.12,0.96,1,0,0,295,126,147,167,150,99
0,8.65,0.07,1,0,0,241,167,194,141,150,120
0,55.97,1.05,0,1,0,256,182,180,236,185,246
0,105.46,2.24,0,1,0,341,314,244,207,220,177
0,21.71,0.48,0,1,0,275,237,185,175,188,172
0,14.18,1.3,0,1,0,240,340,181,220,175,186
0,1.58,0.37,0,1,0,236,135,295,82,290,17
0,40.13,0.59,1,0,0,274,202,111,35,100,128
0,0.91,0.1,1,0,0,274,116,134,146,124,60
0,26.13,1.54,0,1,0,236,244,218,195,153,151
0,102.31,2.55,0,0,1,313,215,196,188,233,224
0,46.15,1.85,1,0,0,240,133,119,297,211,248
1,35.14,0.85,0,0,1,249,199,184,158,206,237
1,331.48,4.57,0,0,1,369,294,194,376,236,225
0,40.73,0.26,0,0,1,249,131,205,146,231,140
1,202.89,7.21,0,0,1,376,298,226,298,209,209
0,10.7,0.24,1,0,0,241,142,159,121,144,74
0,55.72,0.92,1,0,0,244,319,252,130,214,225
0,22.54,0.76,0,1,0,230,176,92,149,134,157
0,15.16,0.73,1,0,0,290,119,98,196,106,212
0,92.77,1.1,0,1,0,281,269,88,220,101,208
0,57.57,2.48,0,1,0,287,256,162,95,214,223
0,29.85,0.59,0,1,0,270,204,139,211,144,210
0,157.44,1.23,0,1,0,271,210,282,280,265,206
1,496.37,7.0,0,0,1,301,356,156,362,245,209
0,32.29,0.72,1,0,0,279,210,152,114,174,108
0,28.53,0.35,0,1,0,279,206,154,197,150,128
1,1.53,0.35,0,0,1,316,236,233,236,236,236
0,50.1,2.29,0,1,0,286,206,217,312,199,231
0,133.77,2.39,1,0,0,315,283,169,166,170,115
0,303.52,2.2,0,1,0,301,268,269,126,166,124
0,1.9,0.32,0,1,0,170,88,68,101,63,95
0,0.8,0.74,0,1,0,194,143,202,134,114,98
0,38.78,0.2,0,0,1,236,132,205,141,234,136
1,58.0,1.12,0,0,1,359,142,106,286,298,217
0,0.67,0.3,0,1,0,196,74,126,86,121,156
0,9.64,0.58,0,1,0,251,203,109,68,107,171
0,41.21,0.3,0,0,1,233,126,248,139,221,142
0,52.11,0.92,1,0,0,303,196,192,171,209,166
0,21.6,1.24,1,0,0,279,233,203,105,243,153
0,24.56,0.94,1,0,0,273,160,101,134,99,171
0,0.63,0.37,0,0,1,245,234,139,216,125,286
0,55.68,2.2,0,1,0,246,350,199,136,239,251
0,21.59,0.47,0,1,0,238,131,166,156,176,145
0,70.96,1.19,1,0,0,298,112,121,202,246,185
0,121.01,1.6,0,1,0,315,239,180,169,185,132
0,28.65,0.7,1,0,0,237,202,145,91,183,262
0,81.36,0.12,1,0,0,251,236,217,162,189,213
0,12.26,1.56,0,1,0,254,358,149,236,188,180
1,29.21,1.43,0,0,1,244,234,171,142,206,266
0,43.67,1.14,1,0,0,209,187,123,99,87,188
0,36.69,1.43,1,0,0,253,301,143,106,197,237
0,10.3,0.45,0,1,0,259,187,122,98,133,134
0,7.79,0.49,0,1,0,245,128,144,201,143,71
0,37.68,1.71,0,1,0,262,262,143,219,141,238
0,37.86,0.8,1,0,0,252,182,232,177,209,99
0,4.98,0.34,0,1,0,180,95,95,102,102,153
0,111.97,1.9,0,1,0,287,308,192,126,155,224
0,9.35,0.21,1,0,0,281,130,163,183,181,193
0,43.25,0.37,0,0,1,233,119,234,136,256,136
0,2.49,0.45,0,1,0,186,139,75,73,86,153
0,50.66,0.76,0,1,0,252,120,272,200,183,67
0,57.43,1.08,0,1,0,290,253,137,231,172,232
0,213.19,2.48,1,0,0,282,102,147,164,295,177
0,96.04,1.44,0,1,0,288,200,196,135,164,85
0,60.11,1.66,1,0,0,273,181,144,168,249,189
0,31.85,1.09,0,1,0,251,112,152,108,218,147
0,54.71,1.13,0,1,0,267,234,264,75,143,161
0,34.86,1.98,0,1,0,285,240,183,188,222,160
0,35.85,1.74,1,0,0,268,180,185,304,182,115
0,41.72,0.76,0,0,1,252,125,229,157,201,156
1,63.97,1.47,0,0,1,241,336,105,316,114,336
0,41.48,0.48,0,0,1,260,145,251,129,193,130
0,42.21,2.34,0,1,0,267,218,149,236,146,253
0,40.75,1.7,1,0,0,236,136,140,291,187,234
0,17.3,0.74,0,1,0,243,156,133,116,102,93
0,33.64,0.8,1,0,0,250,146,148,185,162,266
0,99.8,2.19,0,1,0,330,268,175,151,174,219
1,980.7,0.14,0,0,1,227,103,298,87,297,78
0,3.19,0.09,1,0,0,202,104,124,132,136,80
0,33.17,1.16,0,0,1,304,178,151,306,204,201
0,24.98,1.61,1,0,0,300,280,167,142,163,157
0,94.27,1.71,1,0,0,301,217,148,115,152,225
0,67.26,1.75,0,1,0,301,216,255,337,229,119
0,12.0,0.49,1,0,0,241,96,99,97,103,131
0,8.27,0.21,0,1,0,232,140,200,131,209,85
0,58.57,1.68,1,0,0,256,216,249,125,181,221
1,78.82,0.31,0,0,1,283,276,225,276,201,226
0,135.97,1.55,0,1,0,430,345,207,222,137,251
0,40.25,1.15,1,0,0,217,159,162,175,201,120
0,1.7,0.17,1,0,0,195,95,79,118,163,128
0,54.08,1.47,0,1,0,255,304,207,129,135,177
0,5.58,0.31,1,0,0,234,139,174,98,132,135
0,70.87,1.65,1,0,0,308,233,185,159,172,260
0,0.92,0.45,1,0,0,267,161,175,161,152,175
0,20.62,0.77,1,0,0,269,175,191,169,154,91
0,23.71,1.07,0,1,0,202,200,79,153,129,197
0,48.38,1.5,1,0,0,638,31,40,175,332,103
0,101.22,2.59,1,0,0,344,268,229,138,202,230
0,43.26,1.97,0,1,0,276,223,144,229,172,258
0,79.01,1.76,1,0,0,283,227,275,224,236,224
0,52.19,0.45,0,1,0,175,91,270,98,190,78
0,17.6,1.33,0,1,0,301,123,115,186,94,207
0,10.69,1.29,1,0,0,203,79,133,57,71,86
0,87.68,2.25,1,0,0,281,236,168,151,140,221
0,34.6,2.27,1,0,0,266,229,163,235,237,148
1,39.69,0.83,1,0,0,301,206,187,215,296,256
0,150.58,2.24,0,1,0,318,209,168,256,178,199
0,2.35,0.37,1,0,0,217,65,69,108,107,84
0,67.9,1.33,1,0,0,292,116,153,143,166,89
0,102.32,1.48,1,0,0,325,337,144,156,110,149
1,23.59,0.54,0,0,1,321,302,196,216,207,256
0,55.58,2.43,1,0,0,259,123,314,99,353,142
0,12.93,0.85,0,1,0,220,177,123,112,133,173
1,175.01,1.84,0,0,1,272,136,209,212,422,149
0,6.03,0.14,1,0,0,205,92,55,195,157,136
0,6.48,0.56,0,0,1,228,179,127,153,138,92
1,1.31,0.49,0,0,1,341,212,209,232,208,259
0,11.52,1.42,1,0,0,293,166,167,208,326,198
0,19.06,0.67,0,1,0,230,144,95,187,162,198
0,45.12,1.53,1,0,0,247,145,119,252,206,246
0,32.83,0.92,0,1,0,317,144,166,85,114,39
0,1.42,0.15,1,0,0,312,107,91,128,124,172
0,68.55,0.25,1,0,0,229,115,191,149,101,67
0,6.07,0.67,0,1,0,202,116,158,140,137,81
0,32.89,0.95,0,1,0,271,204,149,132,138,110
0,41.34,0.44,0,0,1,254,136,232,137,210,140
0,76.2,0.8,1,0,0,250,207,256,158,173,203
0,5.85,0.32,1,0,0,270,122,119,119,138,100
0,16.86,1.19,0,1,0,267,188,182,169,133,215
1,60.75,1.92,0,0,1,241,206,194,226,189,423
1,333.33,2.9,0,0,1,341,276,257,315,276,174
0,256.51,2.38,1,0,0,420,258,130,104,154,111
1,56.46,1.66,0,0,1,312,197,236,226,257,203
1,199.88,5.8,0,0,1,382,298,226,298,186,226
0,6.19,0.87,0,1,0,199,267,194,86,61,120
0,161.64,5.86,1,0,0,304,156,182,210,290,175
0,44.62,1.97,0,1,0,274,157,213,300,150,123
0,32.77,1.51,0,1,0,287,229,160,231,220,162
0,39.43,0.41,0,0,1,240,127,218,168,194,142
0,87.02,1.8,0,1,0,288,248,223,104,154,215
0,2.94,0.53,1,0,0,240,101,113,94,118,115
0,20.68,0.58,0,1,0,243,134,126,107,102,169
0,5.48,0.39,0,1,0,277,122,99,122,145,80
0,22.0,1.37,0,1,0,229,149,172,128,167,124
0,31.76,0.76,1,0,0,243,148,107,143,155,127
1,23.98,1.64,0,0,1,258,270,108,310,110,371
0,113.02,1.63,1,0,0,248,204,259,114,96,94
0,135.1,1.55,1,0,0,336,168,226,193,212,106
0,97.72,1.71,1,0,0,260,196,279,115,193,164
0,29.29,1.61,1,0,0,268,162,155,161,204,235
0,98.54,2.43,0,0,1,321,216,220,204,188,215
0,66.59,1.99,0,1,0,281,206,154,134,125,117
0,18.78,1.23,1,0,0,276,188,163,178,133,208
0,69.06,4.06,1,0,0,244,226,169,152,179,184
1,230.93,2.01,0,0,1,274,236,392,149,226,136
0,6.62,0.61,1,0,0,284,134,113,137,138,68
1,197.64,4.95,0,0,1,393,241,248,285,232,203
0,5.45,0.51,1,0,0,230,103,48,180,166,157
0,8.76,0.77,1,0,0,195,121,120,149,117,146
0,39.78,1.72,0,1,0,255,171,139,225,152,218
0,5.02,0.22,0,1,0,214,97,95,104,104,211
0,7.2,0.32,0,1,0,248,159,125,122,114,93
1,213.44,2.17,0,0,1,351,284,176,194,186,236
0,2.6,0.41,1,0,0,281,158,153,222,150,213
0,98.61,0.27,0,1,0,190,98,279,100,201,66
0,0.64,0.13,0,1,0,292,88,39,102,65,61
0,28.92,0.48,0,1,0,258,270,114,89,69,112
0,15.51,1.03,0,1,0,221,183,229,101,132,68
0,30.18,0.98,0,1,0,284,222,138,202,149,223
0,8.87,0.54,0,1,0,196,99,99,151,147,153
0,4.64,0.71,0,0,1,218,164,124,163,102,117
0,25.09,0.75,1,0,0,322,37,36,55,144,72
0,3.61,0.19,0,1,0,217,111,80,55,77,66
0,22.62,1.31,1,0,0,248,163,113,268,138,270
0,132.68,2.8,0,1,0,386,134,89,191,77,155
0,44.63,1.42,0,1,0,296,150,170,294,217,236
0,47.14,2.14,1,0,0,256,190,319,99,144,166
0,16.8,0.63,1,0,0,291,112,132,185,140,183
0,72.0,1.14,0,1,0,272,225,146,117,140,112
0,499.15,1.49,1,0,0,307,251,421,114,112,54
1,19.55,1.05,0,0,1,281,185,161,323,250,226
0,119.89,1.85,1,0,0,281,293,235,135,172,164
0,31.94,0.64,1,0,0,314,153,137,105,114,100
0,56.35,1.79,0,1,0,299,237,126,220,149,146
0,38.7,0.74,1,0,0,184,182,124,88,82,185
0,14.15,0.7,1,0,0,203,108,111,137,92,164
0,7.0,0.26,0,1,0,216,122,132,160,118,111
0,159.83,5.88,1,0,0,327,128,165,200,314,172
0,208.14,9.25,0,1,0,180,100,345,88,117,167
0,39.8,0.35,0,0,1,248,121,231,138,230,130
0,51.73,0.99,0,1,0,318,257,183,147,145,94
0,30.33,0.67,1,0,0,255,196,155,139,164,165
0,0.74,0.03,1,0,0,232,98,102,176,212,129
1,36.28,0.64,0,0,1,249,225,177,158,193,266
0,5.77,0.25,0,0,1,169,95,159,207,138,111
0,49.48,1.2,0,1,0,281,170,149,173,235,215
0,17.89,0.25,0,1,0,244,152,179,75,86,56
0,42.33,0.93,0,1,0,275,170,120,101,120,61
0,84.2,1.17,0,1,0,280,148,81,48,81,80
0,94.45,0.8,0,0,1,235,154,123,97,117,87
0,6.95,0.35,1,0,0,193,133,118,135,116,107
0,3.36,0.48,0,1,0,226,150,127,97,105,106
0,62.05,0.9,0,1,0,309,253,216,102,208,178
0,101.99,1.67,0,1,0,327,323,233,213,235,150
1,25.87,2.23,0,0,1,283,280,110,268,110,371
0,8.13,0.62,0,1,0,285,218,152,155,129,286
0,113.31,1.99,1,0,0,226,212,289,141,280,122
0,12.2,0.71,0,1,0,238,166,161,297,201,207
0,98.66,2.6,0,0,1,331,217,195,246,187,214
1,199.35,1.68,0,0,1,301,220,298,272,216,176
0,31.25,1.08,0,1,0,276,145,242,244,170,133
0,30.27,0.8,1,0,0,217,120,149,117,122,116
0,14.9,0.99,0,1,0,232,134,145,214,149,177
0,28.84,0.35,0,1,0,260,212,128,158,195,214
0,132.55,1.93,0,1,0,366,279,165,127,112,142
0,9.05,0.34,1,0,0,240,150,167,102,110,101
0,83.48,2.35,0,1,0,298,268,194,219,175,136
0,36.09,0.86,1,0,0,264,208,144,152,149,176
0,38.44,0.19,1,0,0,211,159,132,115,89,135
1,1.14,0.15,0,0,1,318,240,226,236,212,236
1,942.43,2.94,0,0,1,320,323,316,236,205,216
1,83.86,1.22,0,0,1,283,276,201,242,203,257
0,50.17,0.87,0,1,0,246,165,206,174,196,117
0,44.6,2.06,1,0,0,272,171,210,296,183,106
0,8.51,1.17,1,0,0,291,165,147,206,335,185
0,21.81,0.18,1,0,0,171,45,437,42,542,26
0,61.26,1.84,1,0,0,281,171,232,146,184,228
0,2.57,0.46,1,0,0,203,72,107,69,97,56
0,11.78,0.62,1,0,0,420,141,111,192,110,112
0,66.24,0.81,0,1,0,231,62,108,154,260,109
0,51.51,0.73,0,1,0,283,213,253,61,168,155
0,28.27,1.65,1,0,0,333,145,294,172,270,117
0,8.16,0.95,0,1,0,247,105,87,162,101,105
0,99.03,0.46,0,1,0,286,205,197,128,139,90
0,15.04,0.51,1,0,0,195,110,110,144,100,147
0,0.93,0.22,1,0,0,153,151,81,91,121,222
0,22.61,1.24,0,1,0,275,158,149,96,177,201
0,63.09,1.16,1,0,0,281,269,195,118,207,163
0,138.3,2.21,1,0,0,325,132,145,200,239,126
0,5.5,0.09,0,1,0,235,154,110,124,133,198
0,0.63,0.46,0,0,1,248,201,129,234,148,264
1,179.87,2.23,0,0,1,289,136,257,230,436,122
0,14.86,0.32,1,0,0,274,164,126,211,147,250
0,6.99,0.3,0,1,0,231,143,166,112,117,128
0,13.98,0.77,0,1,0,164,103,196,81,196,83
0,8.1,0.03,0,1,0,275,59,113,57,102,106
0,7.63,0.81,0,1,0,280,109,180,192,202,215
0,391.63,9.69,0,1,0,289,176,414,118,180,67
0,320.88,0.84,1,0,0,276,267,212,342,224,61
0,11.52,0.68,0,1,0,232,67,122,56,55,64
0,10.21,0.78,1,0,0,270,157,148,259,315,156
1,997.36,9.07,0,0,1,335,234,242,198,238,134
0,0.88,0.21,1,0,0,240,116,107,119,166,168
0,3.25,0.3,0,0,1,237,108,106,111,136,106
0,156.39,0.84,0,0,1,278,143,136,212,260,234
0,25.0,0.59,1,0,0,240,166,105,189,130,164
0,38.1,1.43,0,1,0,242,129,136,322,185,240
0,0.44,0.1,0,0,1,237,228,139,224,143,267
0,6.22,0.49,1,0,0,221,171,78,87,93,97
0,501.9,2.2,0,1,0,317,266,395,110,116,92
0,17.52,1.19,0,1,0,291,127,115,203,134,166
0,156.03,1.4,0,0,1,309,198,210,120,130,163
1,197.51,7.9,0,0,1,351,314,216,283,237,212
0,6.88,0.9,0,1,0,222,171,130,114,118,150
0,22.96,0.44,1,0,0,285,79,96,177,118,61
0,19.26,0.63,0,1,0,233,205,128,80,116,128
0,44.05,0.25,0,0,1,241,115,233,143,232,146
0,27.84,1.55,0,1,0,293,156,109,169,158,90
0,29.24,1.77,1,0,0,275,184,137,147,187,223
0,3.67,1.63,0,1,0,238,150,145,125,167,136
0,7.95,0.46,1,0,0,223,95,105,90,70,131
0,3.33,0.57,1,0,0,206,93,112,59,121,70
0,36.61,1.23,1,0,0,266,211,127,161,131,193
0,28.0,1.4,0,1,0,268,282,235,117,203,294
0,50.36,0.76,0,1,0,249,162,206,160,202,127
0,9.64,0.81,1,0,0,231,124,160,152,141,110
0,17.49,0.22,1,0,0,190,86,104,78,116,161
0,4.36,0.12,1,0,0,232,103,100,107,109,141
0,18.89,1.39,1,0,0,263,225,153,145,173,207
0,5.76,0.61,0,1,0,233,134,122,92,158,132
0,6.19,0.57,0,1,0,261,126,211,144,200,82
0,117.37,2.0,1,0,0,313,223,201,269,160,133
0,15.98,0.39,1,0,0,205,105,116,132,92,139
0,25.75,0.47,0,1,0,216,143,91,173,121,201
0,4.05,0.98,1,0,0,236,135,154,150,150,155
0,48.8,1.51,1,0,0,638,25,51,149,326,126
0,53.83,0.8,0,1,0,331,210,193,132,163,129
0,1.16,0.28,0,1,0,216,101,72,106,172,118
0,924.01,2.56,0,1,0,318,287,231,134,157,93
0,5.12,0.52,0,0,1,236,198,117,172,113,123
0,18.2,0.72,1,0,0,251,100,154,159,206,121
0,2.91,0.4,1,0,0,227,54,74,123,130,38
1,210.45,3.24,0,0,1,386,274,226,327,232,186
0,20.57,0.96,0,1,0,226,136,109,149,113,129
0,0.23,0.12,1,0,0,240,119,195,200,247,210
0,38.95,1.76,0,1,0,275,145,173,267,232,216
0,4.21,0.13,1,0,0,229,81,120,181,145,53
0,62.47,0.37,0,0,1,235,83,183,70,217,66
1,7.41,0.32,0,0,1,318,292,203,190,189,292
0,17.34,0.2,0,1,0,230,124,132,128,133,113
0,102.96,0.87,0,1,0,246,223,264,95,109,68
0,2.19,0.27,0,1,0,262,119,158,110,94,101
0,4.86,0.51,1,0,0,235,67,144,149,123,65
0,81.38,2.08,1,0,0,279,224,142,193,131,264
0,117.38,0.53,1,0,0,235,226,261,125,113,89
1,179.83,2.26,0,0,1,330,186,261,194,253,206
0,23.43,0.95,1,0,0,228,253,283,141,199,121
0,5.77,0.92,0,1,0,231,107,114,159,141,95
0,18.54,0.76,1,0,0,246,197,135,182,108,279
1,176.7,1.81,0,0,1,321,184,186,292,221,228
0,30.88,0.71,1,0,0,448,183,155,125,114,141
0,30.97,1.05,0,1,0,259,202,289,101,239,136
0,79.99,2.29,0,1,0,263,166,217,120,298,112
0,7.62,0.62,1,0,0,285,125,182,154,167,242
0,27.89,0.68,0,1,0,205,134,155,119,100,103
0,13.48,0.85,0,1,0,255,350,196,201,195,156
0,30.34,0.88,0,1,0,288,168,136,151,172,234
1,257.89,1.91,0,0,1,307,240,216,180,189,277
1,0.14,0.33,0,0,1,291,255,159,261,158,266
1,0.12,0.02,0,0,1,220,84,98,66,98,86
0,17.84,0.74,0,1,0,292,127,123,210,130,185
0,26.65,0.32,1,0,0,232,206,143,201,177,252
0,16.16,1.28,0,1,0,280,113,130,190,136,209
0,14.04,0.91,1,0,0,197,108,101,92,66,112
0,142.84,2.01,1,0,0,333,301,140,189,163,146
0,154.21,1.55,1,0,0,344,186,205,235,195,131
0,31.93,1.2,0,1,0,255,228,153,112,158,91
0,39.31,1.77,1,0,0,254,284,108,55,190,315
0,40.92,1.34,0,1,0,286,268,195,222,171,159
0,45.72,1.36,1,0,0,287,188,187,302,163,119
0,15.64,1.53,0,1,0,233,157,195,133,194,146
0,2.67,0.62,1,0,0,268,138,131,209,188,189
0,5.85,0.48,0,1,0,196,125,103,131,119,199
0,10.16,0.89,1,0,0,261,98,205,185,179,235
0,20.8,0.61,0,1,0,219,147,101,86,93,117
0,84.86,1.69,0,1,0,338,181,193,173,176,126
0,13.71,0.49,1,0,0,217,196,195,33,113,22
1,259.86,2.11,0,0,1,310,237,294,187,180,208
0,4.39,0.32,0,0,1,210,169,116,168,125,107
0,85.82,2.06,1,0,0,294,255,176,147,173,182
0,55.91,2.16,0,1,0,279,345,174,268,195,228
0,67.75,3.54,1,0,0,253,223,160,135,203,158
0,3.42,0.45,0,0,1,214,111,137,107,110,130
0,20.89,0.92,0,1,0,204,84,89,93,79,103
0,41.92,0.14,0,0,1,248,152,194,129,214,140
0,49.74,1.96,0,1,0,246,191,336,114,130,152
0,39.86,0.37,0,0,1,254,135,208,153,193,159
0,318.51,2.25,0,1,0,267,266,234,299,239,58
1,78.0,1.93,0,0,1,283,248,219,245,248,226
0,54.83,0.55,1,0,0,199,107,276,96,190,75
0,2.32,0.44,1,0,0,228,120,139,94,150,121
0,33.78,1.22,1,0,0,442,176,191,106,98,165
0,301.65,3.49,1,0,0,339,319,184,135,146,192
0,32.23,0.84,0,0,1,310,180,165,302,172,174
1,33.39,0.65,0,0,1,249,217,164,158,178,292
1,5.02,0.46,0,0,1,328,170,190,292,264,216
0,15.61,0.77,1,0,0,249,181,136,90,104,186
0,7.03,0.11,0,1,0,196,127,126,107,135,168
1,428.37,2.06,1,0,0,323,216,243,264,244,190
1,68.75,1.84,0,1,0,319,286,216,264,192,238
0,74.94,1.71,1,0,0,282,171,146,162,261,157
0,87.18,1.27,1,0,0,288,171,193,228,162,302
0,96.65,0.85,1,0,0,185,102,303,117,235,81
0,6.93,0.28,1,0,0,239,139,220,151,229,99
0,1.8,0.57,1,0,0,260,192,100,193,129,205
0,40.59,0.24,0,0,1,259,137,229,157,236,143
0,12.53,0.75,0,1,0,216,137,109,172,108,150
0,95.7,0.83,0,1,0,221,144,170,74,79,94
0,104.03,2.55,0,1,0,330,338,147,135,110,112
0,6.53,0.42,0,1,0,184,118,114,104,110,232
0,23.26,0.92,0,1,0,205,222,57,160,60,144
0,24.17,0.65,1,0,0,294,146,87,228,126,324
0,108.89,2.61,0,0,1,329,201,223,223,189,236
0,22.52,1.4,0,1,0,267,200,156,198,144,215
0,39.34,0.56,0,0,1,248,151,214,129,223,130
0,33.66,1.37,0,1,0,245,113,116,147,175,123
1,33.24,0.07,0,0,1,249,205,162,158,206,282
0,46.49,0.83,0,1,0,224,110,158,329,199,353
0,28.99,1.01,1,0,0,265,204,99,90,215,178
0,3.04,0.36,1,0,0,207,78,100,79,93,90
0,8.97,0.47,1,0,0,210,91,123,101,151,242
0,1.67,0.3,0,1,0,185,77,71,77,59,94
0,19.53,0.99,1,0,0,239,150,107,156,116,150
0,98.62,2.12,0,0,1,328,201,176,234,225,219
0,0.14,1.32,1,0,0,219,117,100,292,115,219
0,117.35,1.32,0,0,1,330,218,175,195,226,150
0,27.58,0.51,0,1,0,250,178,140,220,186,229
0,11.45,0.48,0,1,0,185,169,180,126,114,120
0,13.12,0.22,0,1,0,183,81,77,65,71,215
1,324.49,4.87,0,0,1,370,248,224,358,236,226
0,3.91,0.4,1,0,0,199,122,75,69,83,162
0,11.61,0.96,0,1,0,184,151,113,142,94,128
0,4.58,0.7,0,1,0,207,116,101,81,99,199
0,28.2,0.43,1,0,0,209,125,128,115,103,137
0,8.21,0.45,1,0,0,246,145,171,167,178,86
1,227.21,5.2,0,0,1,341,231,296,186,344,230
0,1.92,0.22,1,0,0,208,65,85,96,131,79
0,7.12,0.07,0,1,0,234,113,195,87,118,81
0,4.98,0.38,0,1,0,198,137,79,139,119,164
0,2.53,0.5,1,0,0,196,60,96,86,105,66
0,114.35,1.48,0,1,0,277,268,203,133,191,161
0,2.94,0.59,0,1,0,199,183,71,163,88,124
0,0.52,0.31,0,1,0,239,219,170,218,118,262
0,39.27,0.37,0,0,1,257,135,210,141,243,131
0,6.65,0.71,1,0,0,254,173,116,106,126,118
0,100.11,0.88,1,0,0,254,224,199,115,101,74
0,5.3,0.51,0,0,1,223,160,111,176,125,125
1,47.79,2.29,0,0,1,281,325,266,196,203,162
0,98.79,1.38,1,0,0,309,146,205,180,162,115
0,40.62,0.84,0,1,0,359,291,139,136,151,204
0,2.54,0.53,1,0,0,212,113,97,94,110,187
0,6.59,0.13,0,1,0,193,140,81,145,128,216
0,18.79,0.63,0,1,0,211,182,150,70,113,147
0,13.82,0.84,1,0,0,310,273,126,145,133,97
0,7.25,0.92,1,0,0,256,143,204,184,176,254
0,60.31,1.15,1,0,0,241,277,248,107,125,178
0,7.74,0.76,0,1,0,230,58,146,73,67,77
0,54.51,1.99,0,1,0,261,119,296,109,353,149
0,142.77,0.98,0,1,0,267,258,170,180,196,221
0,23.12,0.46,1,0,0,326,189,295,118,181,122
1,34.88,1.08,0,0,1,249,225,178,136,206,262
1,0.09,0.14,0,0,1,259,398,294,136,98,225
0,14.04,0.58,0,1,0,241,182,131,96,124,172
0,31.25,1.4,1,0,0,258,262,218,133,205,277
0,24.21,1.63,0,1,0,244,93,185,140,187,59
0,9.7,0.48,0,1,0,353,187,145,190,185,67
0,38.96,1.3,0,1,0,252,152,146,301,170,203
0,155.61,1.07,0,0,1,297,211,211,115,135,153
0,210.36,2.3,0,1,0,234,180,270,207,199,100
0,21.25,0.71,0,1,0,226,175,114,114,106,98
0,1.14,0.32,0,1,0,298,113,88,126,104,173
0,91.01,0.61,0,0,1,193,122,173,93,126,100
0,72.61,0.37,1,0,0,285,123,164,197,226,186
0,100.41,1.29,1,0,0,301,273,193,245,194,236
0,17.83,0.84,1,0,0,277,171,201,178,229,225
0,10.73,0.13,0,1,0,198,117,89,109,102,151
0,23.44,0.45,0,1,0,338,167,174,144,161,162
0,88.0,1.54,0,1,0,281,197,221,86,170,243
0,4.39,0.69,0,0,1,206,179,116,155,126,125
0,61.02,0.81,1,0,0,281,250,202,107,214,175
0,11.76,0.77,0,1,0,254,117,128,195,134,173
1,82.72,1.82,0,0,1,283,232,198,289,226,234
0,27.92,1.42,1,0,0,274,181,117,156,216,232
0,2.58,0.07,0,1,0,263,166,125,187,152,236
0,6.64,0.84,0,1,0,205,128,109,164,158,122
0,1.07,0.14,1,0,0,149,117,72,85,133,212
0,125.57,2.45,0,1,0,265,282,165,233,174,235
0,55.41,0.64,0,1,0,242,105,269,186,194,78
0,12.53,1.37,1,0,0,413,176,115,184,105,96
0,47.88,0.74,1,0,0,265,290,117,199,149,164
0,23.11,0.82,0,1,0,246,140,148,197,188,113
0,32.17,0.43,0,1,0,349,200,164,218,199,90
0,38.88,1.1,1,0,0,624,19,35,80,234,132
0,0.95,0.2,0,1,0,219,158,216,115,106,84
0,27.83,0.85,0,1,0,248,188,87,122,176,159
1,327.85,3.0,0,0,1,347,314,294,156,137,174
0,38.62,1.52,0,1,0,255,329,99,44,168,266
0,2.9,0.08,0,1,0,237,187,200,159,204,156
0,1.45,0.23,1,0,0,201,85,206,143,137,78
0,129.04,2.05,1,0,0,302,279,179,163,183,124
0,37.87,0.96,0,1,0,265,193,162,125,139,160
0,15.28,0.83,0,1,0,220,130,315,130,326,101
0,41.25,1.4,1,0,0,257,107,83,260,204,196
0,19.5,0.73,1,0,0,271,159,139,137,137,149
0,10.05,0.43,1,0,0,278,127,150,209,178,191
0,1.51,0.42,1,0,0,219,118,109,89,102,137
1,117.66,2.39,0,0,1,324,412,212,344,209,325
0,0.14,0.27,0,0,1,223,160,244,202,239,216
0,5.4,0.63,0,1,0,230,120,88,167,101,162
0,5.52,0.02,0,1,0,359,95,66,119,82,75
0,10.56,0.64,0,1,0,211,109,102,148,125,139
0,1.46,0.09,1,0,0,224,125,119,78,83,99
0,83.68,1.92,0,1,0,280,184,211,216,215,150
0,19.12,0.7,1,0,0,236,94,123,116,125,115
0,23.6,1.16,1,0,0,382,140,121,168,172,163
0,0.39,0.24,0,0,1,236,145,228,249,200,191
0,209.28,2.05,0,1,0,311,327,191,217,218,171
0,11.54,1.1,0,1,0,177,172,203,134,133,117
0,88.96,0.88,0,1,0,275,210,208,87,180,243
0,16.91,1.29,1,0,0,291,122,127,205,105,203
0,128.23,1.8,0,1,0,266,286,132,245,179,217
1,348.7,2.24,0,0,1,341,329,253,241,259,216
0,15.39,0.64,0,1,0,285,156,127,157,108,144
0,22.34,0.75,0,1,0,251,207,147,180,120,139
0,5.98,0.79,0,0,1,214,155,128,161,133,114
0,20.26,0.98,0,0,1,210,107,141,96,146,133
0,1.44,0.22,1,0,0,189,81,114,64,81,75
0,18.09,1.01,0,1,0,285,99,106,202,132,216
0,27.65,1.34,1,0,0,274,160,177,190,151,228
0,24.53,0.85,0,1,0,268,200,167,177,136,267
0,77.31,1.75,0,1,0,299,170,186,205,175,187
0,97.21,0.79,0,0,1,192,128,184,95,129,72
0,1.51,0.23,0,1,0,202,96,164,136,149,90
0,5.97,0.73,1,0,0,188,134,92,119,119,210
0,6.02,0.31,0,0,1,207,192,110,180,117,115
1,249.16,3.06,0,0,1,312,206,264,216,183,252
0,40.4,0.44,0,0,1,241,146,238,138,199,134
0,129.87,1.23,0,1,0,233,197,377,180,123,167
0,4.6,0.41,0,0,1,227,196,101,174,125,104
0,55.42,1.93,0,1,0,307,206,174,204,139,154
0,5.89,0.07,1,0,0,211,75,136,129,155,117
0,7.7,1.63,0,1,0,196,155,108,93,130,139
0,13.25,1.02,1,0,0,253,171,135,205,140,251
0,133.29,1.93,1,0,0,388,145,100,163,80,114
0,26.7,0.97,0,1,0,273,183,131,165,204,239
1,56.84,1.33,0,1,0,299,241,176,273,186,258
0,19.12,0.66,0,1,0,280,243,169,201,205,104
0,35.12,1.39,1,0,0,241,168,191,142,188,243
0,15.96,0.85,1,0,0,240,180,163,80,139,163
0,34.08,0.1,0,1,0,254,116,147,183,152,242
0,80.73,0.37,0,1,0,304,253,187,169,212,121
0,110.87,2.04,0,1,0,331,277,195,235,188,207
1,194.54,1.71,0,0,1,278,249,251,266,216,176
0,9.08,0.46,1,0,0,256,151,129,114,107,73
0,7.59,0.71,1,0,0,286,213,151,138,138,241
0,25.53,0.82,1,0,0,284,165,147,136,202,238
1,89.39,1.13,0,0,1,365,158,248,204,296,189
0,42.18,0.37,0,0,1,252,142,220,136,229,140
1,85.78,1.61,0,0,1,283,303,198,276,198,234
0,0.97,0.0,1,0,0,276,157,152,175,151,187
1,43.54,1.13,0,0,1,323,157,237,294,194,252
0,36.42,0.99,0,1,0,244,137,150,167,167,106
0,111.18,1.69,1,0,0,250,228,155,91,125,130
0,42.59,0.46,0,0,1,258,149,215,145,224,125
0,0.33,0.3,0,0,1,241,138,204,234,245,212
0,504.83,2.19,1,0,0,310,270,381,123,116,71
1,5.54,0.85,0,0,1,333,183,159,321,292,216
0,3.36,0.18,1,0,0,212,83,111,159,126,57
0,1.63,0.52,0,1,0,227,86,130,100,192,107
1,17.71,1.23,0,0,1,254,173,239,218,296,206
0,4.56,0.21,0,0,1,208,163,131,168,104,120
0,52.22,2.36,1,0,0,237,315,128,355,118,148
0,38.46,1.08,1,0,0,270,196,178,129,150,212
0,2.29,0.21,0,1,0,208,156,151,105,146,115
0,18.8,1.38,0,1,0,272,190,180,232,179,144
0,39.94,0.18,0,0,1,255,117,232,129,259,146
0,1.88,0.33,1,0,0,192,139,72,95,80,147
1,126.58,2.03,0,0,1,353,416,191,378,236,296
0,9.12,0.99,0,1,0,246,247,116,161,125,167
0,41.81,0.54,0,0,1,241,134,227,140,225,144
0,92.81,1.0,0,1,0,243,126,151,92,153,104
0,16.33,1.25,0,1,0,286,110,109,208,136,187
0,4.99,0.4,0,0,1,210,179,127,161,138,104
0,33.96,0.77,0,1,0,280,259,220,144,240,71
0,15.71,0.55,1,0,0,231,171,240,113,115,59
0,71.09,0.99,1,0,0,279,106,163,205,255,184
0,24.02,0.76,1,0,0,270,74,85,159,133,75
0,42.33,0.22,0,0,1,248,131,205,154,235,144
0,159.38,0.82,1,0,0,221,203,283,168,256,64
1,61.71,1.17,0,1,0,299,266,176,256,172,236
1,70.32,1.54,0,1,0,299,260,216,283,196,214
0,63.13,1.56,0,1,0,321,210,141,184,185,183
0,27.94,1.16,0,1,0,283,232,138,206,146,214
0,17.58,0.39,1,0,0,195,84,97,85,90,166
0,4.03,0.24,1,0,0,205,117,83,94,99,186
0,5.53,0.03,0,1,0,183,139,106,136,99,206
0,25.33,0.6,1,0,0,231,136,108,139,103,128
0,39.0,0.53,0,0,1,247,143,209,163,218,126
0,73.57,2.04,1,0,0,313,202,180,163,155,95
1,3.2,0.3,1,0,0,315,246,236,236,212,232
0,38.37,0.26,0,0,1,231,127,212,150,217,154
1,84.1,1.71,0,0,1,256,276,226,253,226,212
0,1.57,0.54,0,1,0,211,174,80,104,78,145
0,5.78,0.35,0,0,1,215,172,115,173,114,92
0,61.97,1.99,0,1,0,286,224,143,136,195,279
0,27.75,1.35,1,0,0,272,144,119,160,144,111
0,4.61,0.51,0,0,1,232,159,111,176,107,112
0,12.98,0.3,0,1,0,231,168,78,83,88,143
0,111.66,1.95,0,1,0,300,301,279,273,198,245
0,2.64,0.91,0,1,0,244,104,178,194,212,86
1,181.15,1.5,0,0,1,341,177,247,216,239,206
0,35.88,1.56,0,1,0,247,193,243,118,175,103
0,75.6,2.32,0,1,0,273,304,202,131,204,363
0,5.1,1.1,0,1,0,222,180,90,157,75,126
1,65.94,0.95,0,1,0,319,286,206,217,205,238
1,121.22,3.13,0,0,1,396,278,194,279,250,230
0,297.31,2.7,1,0,0,349,253,249,141,139,108
1,25.16,1.56,0,0,1,283,327,110,270,104,338
0,183.67,3.24,0,1,0,278,145,180,283,180,104
0,331.93,1.44,0,1,0,233,135,338,151,329,96
0,13.74,1.0,1,0,0,278,127,138,185,118,125
0,0.33,0.65,0,0,1,257,210,150,196,142,267
0,17.33,1.36,1,0,0,289,116,135,227,98,191
0,17.33,1.22,0,1,0,267,220,135,184,123,203
0,16.69,0.85,0,1,0,231,134,166,280,226,207
0,124.12,1.48,1,0,0,261,338,293,165,206,175
0,5.44,0.31,1,0,0,278,183,191,158,166,194
1,178.4,1.47,0,0,1,273,120,236,259,415,122
0,19.18,0.41,1,0,0,212,192,225,86,85,60
0,17.88,1.26,0,1,0,296,119,105,202,103,205
0,4.38,0.5,1,0,0,224,123,102,130,91,178
0,26.13,0.94,0,1,0,287,178,144,108,183,172
0,1.4,0.12,1,0,0,276,124,120,145,144,62
1,69.52,1.58,0,1,0,319,309,204,246,196,187
0,12.95,0.83,1,0,0,216,158,159,149,162,118
0,33.71,0.4,0,1,0,214,129,158,106,140,162
0,27.13,0.84,1,0,0,251,180,122,116,115,137
0,0.98,0.55,1,0,0,267,157,151,165,165,167
0,39.21,0.33,0,0,1,257,139,216,154,201,127
1,322.8,2.73,0,0,1,391,268,210,376,231,203
0,112.81,0.67,0,1,0,297,205,204,75,102,68
0,24.97,0.77,0,1,0,268,170,112,265,222,226
0,1.31,0.16,0,1,0,211,121,121,205,176,160
0,454.84,2.53,1,0,0,439,241,138,155,233,97
0,27.32,1.75,1,0,0,253,135,231,209,153,139
0,32.26,0.48,0,0,1,308,193,171,274,171,196
0,98.93,2.97,0,0,1,314,214,179,217,240,206
0,34.29,0.87,0,1,0,300,194,129,214,126,258
0,52.62,1.38,0,1,0,298,198,213,173,212,151
0,35.6,0.44,0,0,1,237,133,245,154,210,113
0,18.9,0.13,0,1,0,262,157,137,89,88,163
0,41.33,1.91,0,1,0,303,155,153,228,198,137
0,55.98,1.39,0,1,0,212,111,149,246,243,189
0,38.26,0.33,0,0,1,253,137,221,163,195,150
0,16.72,1.23,1,0,0,283,117,130,192,148,193
1,327.97,2.85,0,0,1,381,248,255,278,276,248
0,0.4,0.25,0,0,1,235,211,135,232,135,269
0,11.74,0.94,1,0,0,181,110,139,100,146,113
0,128.28,2.31,1,0,0,410,337,225,188,154,208
0,80.9,1.47,1,0,0,325,277,191,182,191,126
0,21.83,1.3,1,0,0,262,151,158,185,244,207
0,29.27,1.32,0,1,0,274,220,151,197,132,261
0,28.44,0.83,1,0,0,245,206,143,130,147,121
0,5.9,0.77,1,0,0,239,165,217,166,194,84
0,5.91,0.19,0,1,0,174,78,69,122,86,114
0,16.16,1.46,0,1,0,292,127,110,173,107,193
1,69.38,1.56,0,1,0,311,326,216,265,176,211
0,7.79,0.5,0,1,0,219,114,111,146,123,142
0,91.19,0.96,0,1,0,278,221,219,97,150,248
0,7.48,0.62,1,0,0,250,107,111,83,84,51
0,7.03,0.45,0,1,0,227,127,116,162,120,87
0,8.84,0.65,1,0,0,237,63,140,77,75,84
0,30.99,0.7,1,0,0,256,135,107,114,130,116
0,63.93,1.04,1,0,0,300,244,199,113,210,198
0,132.25,1.08,1,0,0,211,203,394,177,105,184
0,9.27,0.74,1,0,0,282,175,137,204,184,79
0,17.76,1.01,0,1,0,241,161,104,148,99,138
0,17.94,0.13,1,0,0,203,169,111,101,94,128
0,5.73,0.11,1,0,0,187,108,144,93,95,128
0,39.69,0.3,0,0,1,232,150,229,125,205,146
0,17.29,0.92,0,1,0,272,239,135,149,168,225
0,210.14,4.37,0,0,1,250,265,206,190,192,105
0,44.48,1.08,0,1,0,265,174,160,237,257,173
0,33.02,1.68,1,0,0,253,235,175,184,205,230
0,40.25,0.4,0,0,1,231,121,228,151,231,136
0,36.08,1.03,0,1,0,206,101,103,165,97,71
0,30.21,1.83,0,1,0,263,270,158,239,182,227
0,8.34,0.65,1,0,0,199,91,172,159,79,118
0,10.61,0.02,1,0,0,278,143,150,255,338,174
0,32.99,0.68,1,0,0,241,176,111,136,113,168
1,63.34,2.2,0,0,1,234,226,203,203,229,396
0,77.63,2.48,1,0,0,305,253,206,195,190,116
1,5.37,0.97,0,0,1,312,259,236,219,202,236
0,43.51,1.32,0,1,0,265,306,144,363,158,289
0,19.35,0.92,0,1,0,274,136,134,216,127,199
0,19.06,0.91,0,1,0,300,124,115,214,135,206
0,4.21,2.11,1,0,0,203,132,114,121,116,122
1,1.57,0.24,0,0,1,320,211,212,236,236,237
0,10.06,0.61,0,1,0,268,156,146,183,184,201
0,35.56,0.97,1,0,0,289,210,160,142,182,155
0,18.62,1.16,0,1,0,231,173,108,159,129,130
0,14.34,1.26,1,0,0,264,171,146,88,143,151
0,35.31,0.9,1,0,0,258,140,160,166,144,254
0,42.02,0.36,0,0,1,232,134,255,152,227,124
0,29.78,0.55,1,0,0,271,164,145,130,158,228
0,48.4,0.83,1,0,0,257,300,132,166,136,176
0,45.42,0.73,0,1,0,203,92,110,135,220,150
0,8.11,1.06,0,1,0,255,175,167,109,108,84
0,26.5,1.31,0,1,0,278,192,170,142,172,284
0,78.07,1.71,1,0,0,320,171,166,189,226,96
0,1.24,0.61,0,1,0,194,105,93,77,91,140
1,61.18,2.04,0,1,0,301,216,161,292,273,256
0,24.49,0.43,1,0,0,313,29,37,44,156,96
0,37.34,1.69,0,1,0,296,124,223,249,244,174
0,16.56,0.91,1,0,0,281,116,126,216,129,199
0,47.31,1.24,0,1,0,264,165,146,268,257,202
0,98.98,2.5,0,0,1,300,210,223,229,195,210
0,57.64,1.26,1,0,0,306,248,206,106,167,187
0,1.97,0.35,1,0,0,224,79,107,75,92,54
0,0.48,0.17,1,0,0,224,85,112,173,227,139
0,12.32,0.84,1,0,0,280,139,164,251,374,156
0,39.35,2.1,0,1,0,298,110,237,250,253,183
0,38.95,0.12,0,0,1,243,155,220,154,234,113
0,123.24,0.97,1,0,0,303,276,280,135,129,130
0,8.4,1.08,1,0,0,285,161,134,254,330,200
0,96.88,2.43,0,0,1,318,203,219,209,219,220
0,5.23,0.48,0,1,0,206,109,114,178,161,93
1,45.13,0.88,0,0,1,288,236,235,316,336,247
0,105.91,1.1,0,1,0,268,214,149,105,117,99
0,0.48,0.16,0,1,0,249,206,149,242,150,256
0,85.47,2.7,0,1,0,299,194,216,171,178,182
0,4.43,0.18,0,1,0,219,140,106,126,97,126
0,44.51,1.11,0,1,0,296,207,190,106,140,108
0,27.35,1.03,1,0,0,265,158,170,185,165,238
0,22.51,0.71,0,1,0,234,127,96,163,112,87
0,549.08,1.67,0,0,1,276,283,286,221,209,153
0,83.96,1.64,0,1,0,298,172,151,248,158,233
0,59.77,0.69,0,1,0,220,294,279,120,136,154
0,1.18,0.68,1,0,0,266,124,205,207,189,149
0,25.82,1.22,1,0,0,293,289,179,107,162,200
0,185.06,3.89,1,0,0,308,271,224,252,259,71
0,18.52,0.53,1,0,0,278,153,167,117,117,157
1,262.83,2.0,0,0,1,311,294,216,155,175,277
1,310.78,5.51,0,0,1,335,200,278,217,219,226
0,2.44,0.69,0,1,0,216,141,91,99,80,198
1,1.05,0.69,0,0,1,322,212,227,236,231,236
0,7.27,1.94,1,0,0,188,132,122,100,138,119
0,116.58,1.34,0,1,0,230,227,306,121,107,88
0,92.07,1.73,0,1,0,281,173,236,170,239,174
0,1.34,0.25,1,0,0,299,115,69,125,118,153
0,1.09,0.71,1,0,0,264,132,169,207,208,160
0,10.79,0.52,0,0,1,214,77,112,118,127,186
0,42.37,1.88,1,0,0,277,195,278,86,177,238
0,21.34,0.94,1,0,0,261,80,79,100,137,114
1,60.66,1.8,0,0,1,306,234,216,279,226,194
0,49.87,1.39,0,1,0,275,244,146,253,182,171
0,99.89,1.13,0,1,0,252,235,153,160,174,246
0,63.9,1.49,0,1,0,284,279,206,94,212,185
0,122.61,1.34,0,1,0,318,177,184,171,193,153
0,14.47,0.69,1,0,0,247,128,166,117,139,106
0,54.51,2.77,0,1,0,271,246,150,233,166,188
0,2.82,0.39,0,1,0,177,145,75,68,77,170
0,255.26,1.14,1,0,0,294,177,175,167,200,176
1,317.03,3.76,0,0,1,379,299,276,276,257,248
0,28.32,1.37,0,1,0,393,154,125,245,216,135
0,18.62,0.74,1,0,0,241,193,130,98,169,214
0,115.78,1.81,0,0,1,312,202,223,198,185,144
0,16.29,0.91,1,0,0,248,160,120,222,258,127
0,17.49,1.08,1,0,0,242,169,161,112,121,171
0,34.1,1.28,1,0,0,613,34,23,80,225,135
0,0.85,0.42,1,0,0,307,125,90,161,94,175
0,16.88,3.27,1,0,0,254,166,148,155,166,157
1,18.99,1.39,0,0,1,277,206,162,296,251,226
0,9.03,0.33,0,1,0,261,107,109,119,133,119
1,31.3,1.01,0,0,1,223,191,178,158,200,292
0,22.97,1.3,0,1,0,263,179,160,187,171,81
0,28.85,0.94,0,1,0,272,201,138,206,165,236
0,138.39,1.6,0,1,0,268,266,174,224,198,202
0,77.95,2.23,0,1,0,259,174,171,146,274,102
0,40.56,0.43,0,0,1,241,125,233,130,222,145
0,39.95,0.74,0,1,0,259,251,158,112,129,155
0,10.69,0.92,1,0,0,229,178,292,127,164,210
0,141.49,1.41,1,0,0,359,158,239,170,215,108
0,16.94,4.4,0,1,0,257,169,149,165,155,170
0,85.31,0.8,0,1,0,285,173,173,231,205,214
0,32.96,1.43,0,1,0,266,313,163,241,146,230
0,17.24,0.84,1,0,0,278,119,99,204,114,199
0,47.71,2.33,1,0,0,274,185,189,308,211,249
0,4.16,0.36,0,0,1,215,178,114,180,105,94
1,61.13,1.92,0,0,1,241,408,76,374,45,336
0,25.0,0.7,0,1,0,263,184,169,87,154,164
0,0.36,0.15,0,1,0,145,121,74,75,111,210
0,299.36,1.59,1,0,0,357,257,256,168,137,124
0,41.23,1.26,0,1,0,283,170,144,264,222,256
0,5.69,0.16,0,1,0,260,126,199,156,237,86
0,26.2,0.94,0,1,0,247,198,150,134,131,168
0,1.41,0.49,0,1,0,209,61,141,117,161,56
0,82.59,1.45,0,1,0,242,200,131,283,147,230
0,2.44,0.59,0,1,0,242,108,183,114,102,111
0,222.19,2.03,0,1,0,392,209,181,177,222,130
0,4.49,0.49,0,0,1,237,163,132,156,106,125
0,38.74,1.38,0,1,0,237,128,147,290,181,264
0,12.15,0.58,0,1,0,187,126,83,76,70,81
0,4.93,0.39,0,0,1,212,144,108,165,117,123
0,6.86,0.28,0,0,1,166,74,148,221,134,118
0,325.2,1.21,1,0,0,299,257,260,133,148,100
1,201.51,1.81,0,0,1,301,192,316,153,336,136
0,29.35,1.7,0,1,0,225,205,120,118,136,133
0,7.91,0.37,0,1,0,192,116,218,185,127,83
0,42.87,1.43,0,1,0,282,231,137,194,146,188
0,97.54,1.39,0,0,1,303,206,213,197,209,215
0,42.06,0.23,0,0,1,233,152,207,139,198,150
0,48.15,1.83,1,0,0,238,171,214,142,153,145
0,1.43,0.46,1,0,0,138,133,71,102,123,183
0,20.94,0.5,0,1,0,250,240,159,141,197,139
0,6.07,0.46,1,0,0,231,149,181,190,239,80
1,199.57,6.64,0,0,1,351,305,216,357,173,226
0,42.71,1.27,0,1,0,311,102,108,208,211,165
0,1.65,0.33,0,1,0,201,61,139,116,151,52
1,87.95,1.82,0,0,1,353,176,276,186,296,175
0,1.73,0.08,0,1,0,305,114,91,135,114,172
0,148.14,1.53,1,0,0,302,236,146,240,316,167
0,98.38,1.11,0,1,0,193,111,280,102,189,84
0,28.43,0.82,0,1,0,280,210,145,141,193,221
0,17.99,0.54,1,0,0,235,85,115,96,91,76
0,8.88,0.44,1,0,0,268,107,183,192,176,235
0,1.15,0.66,1,0,0,221,148,214,140,101,95
0,4.71,0.65,0,1,0,233,120,107,157,109,119
0,30.76,1.45,1,0,0,521,99,115,78,148,103
0,27.43,1.23,1,0,0,264,191,153,137,218,235
0,106.47,1.72,1,0,0,271,266,300,126,190,89
0,72.44,1.01,0,1,0,281,247,159,138,190,128
0,39.76,1.34,1,0,0,287,218,182,114,108,107
0,39.57,0.7,0,0,1,237,161,225,139,217,152
