is_legendary,weight_kg,height_m,gender_Female,gender_Male,gender_No Gender,PC1,PC2,PC3
0,13.54,0.72,0,1,0,-0.10708858344115962,-0.08393078586592947,-0.047419288817307434
0,19.04,1.03,0,1,0,-0.2091607997624279,-0.10172892297601449,0.023915284585222747
0,4.73,0.61,0,0,1,-0.11334627699076866,-0.06974289772312213,0.026045007822009077
0,22.05,0.59,0,1,0,0.19782501925937526,-0.21116884166954036,-0.020443012907776722
0,108.05,1.5,0,0,1,0.09408518238277726,0.12679139564151135,-0.13651631791467836
0,88.12,0.96,1,0,0,-0.14773379070560352,-0.004399499846704609,-0.10397851964111748
0,8.65,0.07,1,0,0,-0.10033796542856405,0.0968954991209253,0.0026997407872710443
0,55.97,1.05,0,1,0,0.2138667808221461,-0.11570898574977496,-0.05451700985095537
0,105.46,2.24,0,1,0,0.34007505811955696,0.18656459578647083,0.099622314832746
0,21.71,0.48,0,1,0,0.11800950580052538,0.055029518599242204,0.06690515067023162
0,14.18,1.3,0,1,0,0.31794120528208586,0.043271224210109614,0.19229399719784057
0,1.58,0.37,0,1,0,-0.22049069970840598,0.4777668078618164,-0.1718375855285242
0,40.13,0.59,1,0,0,-0.28092694169864413,0.03122230353691701,0.2713292654872759
0,0.91,0.1,1,0,0,-0.2601173463919886,0.013131592937213978,-0.08773106352421264
0,26.13,1.54,0,1,0,0.13103624843352565,0.10362691793489051,0.06092235610414884
0,102.31,2.55,0,0,1,0.20238254954522047,0.01929107977474538,0.0020178235172666377
0,46.15,1.85,1,0,0,0.22084233818288163,-0.29228527560694095,-0.21944903941761962
1,35.14,0.85,0,0,1,0.1116212790408957,-0.014888278050603429,0.05771313364046501
1,331.48,4.57,0,0,1,0.6184492131696572,-0.09655628126195237,-0.13982660878785041
0,40.73,0.26,0,0,1,-0.07209766577806898,0.10839376850339022,-0.11982907039059862
1,202.89,7.21,0,0,1,0.49179614231548224,0.03279261452541595,-0.02203774926322138
0,10.7,0.24,1,0,0,-0.2366195367439683,0.0845482028901071,-0.02311509102487803
0,55.72,0.92,1,0,0,0.25088227989588313,0.20929296506018003,0.25594476404269195
0,22.54,0.76,0,1,0,-0.10982180104232013,-0.13058937780371674,0.07061703543379635
0,15.16,0.73,1,0,0,-0.04237813655134644,-0.25772858187165376,-0.036074578271663195
0,92.77,1.1,0,1,0,0.17160623970275704,-0.2124715023090088,0.17497194140038044
0,57.57,2.48,0,1,0,0.06899030744559738,0.05161093570531301,0.22334086182975232
0,29.85,0.59,0,1,0,0.12430821978187612,-0.13421762027693265,0.036813859586375064
0,157.44,1.23,0,1,0,0.37969985566761344,0.12024461354617771,-0.19060777931876502
1,496.37,7.0,0,0,1,0.6208264813053976,-0.10082631202038603,-0.021974915543267474
0,32.29,0.72,1,0,0,-0.10641757320314332,0.09537074922855127,0.08948837729747577
0,28.53,0.35,0,1,0,0.03241091194647402,-0.005445497642416585,-0.0007166417196458732
1,1.53,0.35,0,0,1,0.34308162769054196,0.04386711158261705,-0.03665670488952663
0,50.1,2.29,0,1,0,0.38660182595046977,-0.07815554316444787,-0.15548020874562216
0,133.77,2.39,1,0,0,0.09480549303074529,0.11396099195150142,0.1331860612306736
0,303.52,2.2,0,1,0,0.07736694395226291,0.3027794008470898,0.14775170155703432
0,1.9,0.32,0,1,0,-0.4257323680951218,-0.1505131538276963,0.029648668655016436
0,0.8,0.74,0,1,0,-0.18871914290396208,0.10775003081884338,-0.007422586953867783
0,38.78,0.2,0,0,1,-0.08510487453510208,0.11793407338942379,-0.11498278536640053
1,58.0,1.12,0,0,1,0.2442930766484524,-0.2215881628388365,-0.2881838215790447
0,0.67,0.3,0,1,0,-0.334863746985988,-0.08014961716154274,-0.0004313310909281684
0,9.64,0.58,0,1,0,-0.18593074546829888,-0.043165761077646386,0.25040460053412616
0,41.21,0.3,0,0,1,-0.06978694188893438,0.17935233193515138,-0.11881007698004985
0,52.11,0.92,1,0,0,0.07423965956077516,0.0658811140230146,-0.018432048376151717
0,21.6,1.24,1,0,0,0.017938890836109875,0.18874444206078708,0.09555614922556258
0,24.56,0.94,1,0,0,-0.13804999515010546,-0.13873328522359418,0.09683903570652795
0,0.63,0.37,0,0,1,0.23540859982952378,-0.21219951996522843,0.14232074738670789
0,55.68,2.2,0,1,0,0.3063755349685632,0.1122726117377096,0.30663608292406097
0,21.59,0.47,0,1,0,-0.10224795896422288,0.0007768701482319543,-0.07370542720106321
0,70.96,1.19,1,0,0,0.00847324181583941,-0.1341311191343774,-0.1944354177952687
0,121.01,1.6,0,1,0,0.07500106131482248,0.09562817679948848,0.05394629296209127
0,28.65,0.7,1,0,0,-0.0023978688140229494,-0.06233831356902665,0.2016071973990321
0,81.36,0.12,1,0,0,0.15296136985656378,0.0774106260452826,0.10125092736111625
0,12.26,1.56,0,1,0,0.34985214995366215,-0.0035029398665161466,0.191767854344829
1,29.21,1.43,0,0,1,0.15185586336446724,-0.03588683939987885,0.15754355854683813
0,43.67,1.14,1,0,0,-0.15034760972820538,-0.08309534705480115,0.20888127631583658
0,36.69,1.43,1,0,0,0.13026337603341506,0.009001614927284504,0.3107778621091703
0,10.3,0.45,0,1,0,-0.17574214304713684,-0.003314723675370604,0.13481594226338942
0,7.79,0.49,0,1,0,-0.13864439518160504,-0.014130909409443025,-0.1538913242184652
0,37.68,1.71,0,1,0,0.23929442837486567,-0.1336946761591406,0.13748252672201167
0,37.86,0.8,1,0,0,0.006525060793362971,0.19063697382445943,-0.09625200344362925
0,4.98,0.34,0,1,0,-0.3175447908909055,-0.14300477333078837,0.034580648047228456
0,111.97,1.9,0,1,0,0.177687418568881,0.07855929743018991,0.3042073933650881
0,9.35,0.21,1,0,0,0.0018222472594285415,-0.07347300494271068,-0.0907371322884913
0,43.25,0.37,0,0,1,-0.08278434888903477,0.17567242913662667,-0.1544918445974302
0,2.49,0.45,0,1,0,-0.3256673049857859,-0.13640825181145266,0.16307605136750872
0,50.66,0.76,0,1,0,-0.056365014463703796,0.2294244401771646,-0.23616401691472674
0,57.43,1.08,0,1,0,0.25818541502062897,-0.13722123148083237,0.07624058162100453
0,213.19,2.48,1,0,0,-0.039665960709287705,-0.03226567405357596,-0.20840841499767698
0,96.04,1.44,0,1,0,-0.08495019341402564,0.16950272673966935,0.02566552755427619
0,60.11,1.66,1,0,0,0.05505873300570816,-0.03184945165790812,-0.04110487566593754
0,31.85,1.09,0,1,0,-0.18725795442777168,0.024197098905047038,-0.06808700329803677
0,54.71,1.13,0,1,0,-0.030472947056299642,0.26724418667894073,0.21060802459146752
0,34.86,1.98,0,1,0,0.14647064498115972,0.0707634822881929,0.017868340054322137
0,35.85,1.74,1,0,0,0.18662809887919984,-0.02837703783749747,-0.2325514751677464
0,41.72,0.76,0,0,1,-0.04317930538133956,0.10767171726402962,-0.11697887380176919
1,63.97,1.47,0,0,1,0.5503252890239344,-0.3587003454385863,0.2153739651268086
0,41.48,0.48,0,0,1,-0.07772750716138406,0.20505801924892417,-0.06229693438413174
0,42.21,2.34,0,1,0,0.2334943331294702,-0.17474828202066275,0.046689104938353924
0,40.75,1.7,1,0,0,0.2014835705189628,-0.24512927903680784,-0.20049354084539447
0,17.3,0.74,0,1,0,-0.2409311634532461,0.011985182986820319,0.05928182042109933
0,33.64,0.8,1,0,0,0.07639057988138284,-0.18004537665325257,-0.0005715189607557029
0,99.8,2.19,0,1,0,0.17080571087577415,0.02231230823933569,0.18755154058931978
1,980.7,0.14,0,0,1,-0.1863542440979583,0.3997911622700074,-0.19812006804803678
0,3.19,0.09,1,0,0,-0.29641561243476056,-0.01913740789792705,-0.0754974416241682
0,33.17,1.16,0,0,1,0.2763009103384251,-0.16907466579211797,-0.19803404137330774
0,24.98,1.61,1,0,0,0.08866938406671435,0.08085753906861279,0.1952336535493244
0,94.27,1.71,1,0,0,0.02087047586979316,-0.040362304531766875,0.18814509426870096
0,67.26,1.75,0,1,0,0.361843352621343,0.10505751208229629,-0.27943237897497053
0,12.0,0.49,1,0,0,-0.32841823152142363,-0.10385961349007329,0.02194817026958975
0,8.27,0.21,0,1,0,-0.15986818644678638,0.16410589572731604,-0.0972886329761605
0,58.57,1.68,1,0,0,0.09438102156492773,0.14219640047665133,0.12307687677584234
1,78.82,0.31,0,0,1,0.4179414843768408,0.010445690329637852,-0.0004689023872323054
0,135.97,1.55,0,1,0,0.4451305795018422,0.016014798770823777,0.24360205700733206
0,40.25,1.15,1,0,0,-0.05955696831895515,0.029244393680013508,-0.08830601756261469
0,1.7,0.17,1,0,0,-0.2970510927043805,-0.12979312923859335,-0.05027475935702307
0,54.08,1.47,0,1,0,0.11972381954720646,0.13857181217185593,0.28024579610435524
0,5.58,0.31,1,0,0,-0.210826890852602,0.05863686729714579,0.047928547107905006
0,70.87,1.65,1,0,0,0.18169783570876538,-0.0313934582506632,0.14678565192189666
0,0.92,0.45,1,0,0,-0.02205551941807151,-0.011964722185878891,0.00014920608365612864
0,20.62,0.77,1,0,0,-0.0687503872951819,0.10634034868127704,-0.046357262111376266
0,23.71,1.07,0,1,0,-0.04839902180515945,-0.1897584694426738,0.13816198766417367
0,48.38,1.5,1,0,0,-0.14557902108254367,-0.15127482899011177,-0.41726822363112576
0,101.22,2.59,1,0,0,0.2109954320697886,0.1299066324464248,0.17327478513346167
0,43.26,1.97,0,1,0,0.2448520185225755,-0.16781849787565573,0.046553098023778425
0,79.01,1.76,1,0,0,0.31694505895419844,0.13332855452949835,-0.0500103040374335
0,52.19,0.45,0,1,0,-0.26267556380434026,0.2833036672847995,-0.13188307123416726
0,17.6,1.33,0,1,0,-0.050510031333695894,-0.2167745702185826,-0.014658112950161563
0,10.69,1.29,1,0,0,-0.4646159949486725,0.010871966198516634,0.043502507705978924
0,87.68,2.25,1,0,0,0.09985046468520455,-0.02787715032887574,0.17229581970197502
0,34.6,2.27,1,0,0,0.18416297306679585,0.00817039059780734,-0.07743697139230914
1,39.69,0.83,1,0,0,0.28707824747335897,-0.030172897606089995,-0.07850926198132085
0,150.58,2.24,0,1,0,0.23643863806103813,-0.08885629306622685,-0.06491277347627593
0,2.35,0.37,1,0,0,-0.4227700874439174,-0.13285735910621124,-0.06444177251829081
0,67.9,1.33,1,0,0,-0.1992167417498176,0.03855201865203759,-0.10723742681130338
0,102.32,1.48,1,0,0,0.1438759490304779,0.04574586655445385,0.3092972133883539
1,23.59,0.54,0,0,1,0.38184684921666595,-0.0019471471595223842,0.14210581951910423
0,55.58,2.43,1,0,0,-0.03115493682591502,0.3885161318913749,-0.19714776528743436
0,12.93,0.85,0,1,0,-0.1347324976640015,-0.06229530798934901,0.12675720209676264
1,175.01,1.84,0,0,1,0.14260384341315716,0.140538162074374,-0.3585779210471211
0,6.03,0.14,1,0,0,-0.18445759425714903,-0.2491795553206137,-0.14659786395977942
0,6.48,0.56,0,0,1,-0.14536149007485677,-0.0009218659605229225,0.01734106378129072
1,1.31,0.49,0,0,1,0.30980959536862496,-0.04319919302232523,-0.028028696834467782
0,11.52,1.42,1,0,0,0.16295328605720358,-0.0069996090130954,-0.1866332122609054
0,19.06,0.67,0,1,0,-0.03241234496808325,-0.20540814158239581,-0.03192319938340874
0,45.12,1.53,1,0,0,0.16187288459978255,-0.24738434618963745,-0.13556895950666173
0,32.83,0.92,0,1,0,-0.31734991446454736,0.15632624967013362,0.02423451194870315
0,1.42,0.15,1,0,0,-0.19863944719888124,-0.167400777043182,-0.00026329346197345905
0,68.55,0.25,1,0,0,-0.23636628289096498,0.08941971958531754,-0.08152627414415259
0,6.07,0.67,0,1,0,-0.2460355071874197,0.03961979954287492,-0.0769478264472461
0,32.89,0.95,0,1,0,-0.10324130176589646,0.05274084165400293,0.08735940057709685
0,41.34,0.44,0,0,1,-0.07155264243613911,0.15687512651432314,-0.08988532692946534
0,76.2,0.8,1,0,0,0.11573363398862803,0.13658450727242047,0.057089374534897895
0,5.85,0.32,1,0,0,-0.2574202063206507,-0.023042330672397235,-0.023186105765992653
0,16.86,1.19,0,1,0,0.06298641805431632,-0.04243345150111375,0.07035532734356127
1,60.75,1.92,0,0,1,0.42130772720297427,-0.25497981665526936,0.1005130098721325
1,333.33,2.9,0,0,1,0.4937150373143314,0.1257049257498989,-0.16250263152737573
0,256.51,2.38,1,0,0,-0.04338617535044915,0.08791204781170273,0.19087880356909945
1,56.46,1.66,0,0,1,0.25294564670560404,0.08031201114755522,-0.1229146950492002
1,199.88,5.8,0,0,1,0.5010370960151791,0.004880581114237351,0.0067614042674773965
0,6.19,0.87,0,1,0,-0.11164536663744197,0.15510505931996704,0.31580628389181764
0,161.64,5.86,1,0,0,0.12526838710240462,0.020757567451537937,-0.19494160529675733
0,44.62,1.97,0,1,0,0.16395256756319518,-0.01095367654051583,-0.24059805767274314
0,32.77,1.51,0,1,0,0.18865842442924746,-0.014821690026694265,-0.05046270809772788
0,39.43,0.41,0,0,1,-0.0508892732231798,0.09099747757482118,-0.12776525871736957
0,87.02,1.8,0,1,0,0.07571276393290167,0.12791207238032823,0.22587925397258218
0,2.94,0.53,1,0,0,-0.32868302359860946,-0.05050662749241155,0.008204942234982438
0,20.68,0.58,0,1,0,-0.20748292423860967,-0.08461224923813135,0.08522948222922583
0,5.48,0.39,0,1,0,-0.2810172490528163,-0.035998009168824924,-0.04060100504203337
0,22.0,1.37,0,1,0,-0.1488267779821135,0.062270196671437586,-0.012358066620324607
0,31.76,0.76,1,0,0,-0.16458375016155202,-0.07261492218871528,-0.00669518102774793
1,23.98,1.64,0,0,1,0.4982759213040833,-0.4218989638856695,0.14081929289404713
0,113.02,1.63,1,0,0,-0.10604811645435352,0.25720990051011994,0.10936176122095186
0,135.1,1.55,1,0,0,0.04143199752412597,0.1581186033267531,-0.14528715438984457
0,97.72,1.71,1,0,0,0.01779228601423874,0.25799050295318376,0.05169440028554699
0,29.29,1.61,1,0,0,0.05358162981939851,-0.08603904248259639,0.0010746554970353331
0,98.54,2.43,0,0,1,0.21646910757682775,0.03798192011145976,0.005627787398949422
0,66.59,1.99,0,1,0,-0.09022163996676184,0.048276515532063746,0.10046095516584612
0,18.78,1.23,1,0,0,0.060670621824179156,-0.07543334623589994,0.05788078958353099
0,69.06,4.06,1,0,0,0.057986190812995234,0.021858612485248976,0.10338037610948932
1,230.93,2.01,0,0,1,0.18112161841329943,0.4942946793256906,-0.008208759332849341
0,6.62,0.61,1,0,0,-0.24716896047814726,-0.007726685181763284,-0.04837818891102439
1,197.64,4.95,0,0,1,0.42053661237994144,0.06906384509003559,-0.12507199339559516
0,5.45,0.51,1,0,0,-0.165952649362824,-0.2592476431640272,-0.103209155027228
0,8.76,0.77,1,0,0,-0.19095039052129917,-0.10973776912523615,-0.014134861849664981
0,39.78,1.72,0,1,0,0.11271000774758741,-0.1697679848587689,-0.03551284585594947
0,5.02,0.22,0,1,0,-0.24085093837893634,-0.2016337853288446,0.06570260451683803
0,7.2,0.32,0,1,0,-0.2257962209310784,0.00025068769955987724,0.047552982073137774
1,213.44,2.17,0,0,1,0.28910582599225687,-0.01478485498834689,0.15160796579276725
0,2.6,0.41,1,0,0,0.10070052610654216,-0.14381298837728268,-0.05976148785167992
0,98.61,0.27,0,1,0,-0.24884301222427196,0.31971971061704346,-0.14378825573104456
0,0.64,0.13,0,1,0,-0.44466710481376326,-0.15799483232176484,0.002120729209391802
0,28.92,0.48,0,1,0,-0.1414529994070286,0.029650490957839587,0.3211320378736576
0,15.51,1.03,0,1,0,-0.19035541429433234,0.24615628621677293,0.05907153148429109
0,30.18,0.98,0,1,0,0.1518467100350964,-0.1291035213384339,0.08082058480587816
0,8.87,0.54,0,1,0,-0.20761280564221943,-0.15396529852957982,-0.06677622497611377
0,4.64,0.71,0,0,1,-0.1426785354496886,-0.06600519314212083,0.026273256407709247
0,25.09,0.75,1,0,0,-0.5315507436643562,-0.12527038839973859,-0.07422007459283762
0,3.61,0.19,0,1,0,-0.4743625632914005,-0.03828177835753174,0.09320057434792038
0,22.62,1.31,1,0,0,0.20181686779377583,-0.3175625398803181,-0.05684469546474248
0,132.68,2.8,0,1,0,-0.0844380395808649,-0.20832061678466593,-0.022918257222044033
0,44.63,1.42,0,1,0,0.273793817726698,-0.17230976660829272,-0.21965954667327967
0,47.14,2.14,1,0,0,-0.011571671362740978,0.3138765842022194,0.09542038434216908
0,16.8,0.63,1,0,0,-0.06307070536272327,-0.14669772434217512,-0.0870896419757544
0,72.0,1.14,0,1,0,-0.0990375881193169,0.07047881285074203,0.14198246085401744
0,499.15,1.49,1,0,0,0.03372047043512214,0.6197031995849392,0.09689765560982713
1,19.55,1.05,0,0,1,0.3592053575134153,-0.16905389946465785,-0.23358636481725312
0,119.89,1.85,1,0,0,0.14215322639584557,0.20858038211215948,0.2058480527444399
0,31.94,0.64,1,0,0,-0.2283634024439038,0.029105695037300115,0.05639093048934527
0,56.35,1.79,0,1,0,0.11508827801695874,-0.0752620275476722,0.0343506760559103
0,38.7,0.74,1,0,0,-0.18561222434816954,-0.0753992135351698,0.22056069729933908
0,14.15,0.7,1,0,0,-0.22220024326647556,-0.15218110937420207,0.01513132331445408
0,7.0,0.26,0,1,0,-0.19565788963320432,-0.058900213204163054,-0.05536614093636307
0,159.83,5.88,1,0,0,0.0769029592463329,-0.000405118568299426,-0.24483905898671457
0,208.14,9.25,0,1,0,-0.15859306604961915,0.3017975555685033,-0.00983553621556831
0,39.8,0.35,0,0,1,-0.09284468857751234,0.16529670300975582,-0.13695297354089764
0,51.73,0.99,0,1,0,0.007588254821597718,0.15139961264530943,0.12174087069437566
0,30.33,0.67,1,0,0,-0.03326576889359702,0.005872136092308321,0.0770817129819001
0,0.74,0.03,1,0,0,-0.1539998358444388,-0.11356488695812485,-0.17556936779450455
1,36.28,0.64,0,0,1,0.16513050299942975,-0.04938300946705364,0.1295640084972824
0,5.77,0.25,0,0,1,-0.14197127839582496,-0.05992170333475477,-0.18308873128254094
0,49.48,1.2,0,1,0,0.07537641796154025,-0.0664999791392315,-0.04023185562543291
0,17.89,0.25,0,1,0,-0.3289786728539844,0.1568940542538012,0.08772835187396202
0,42.33,0.93,0,1,0,-0.2722684890308094,0.05329748163245132,0.06850753651924055
0,84.2,1.17,0,1,0,-0.4047145575062598,-0.019490988430692736,0.16098068487776965
0,94.45,0.8,0,0,1,-0.28164815919628855,0.02205006505862145,0.06993734739509194
0,6.95,0.35,1,0,0,-0.24129840833828284,-0.05439860109007041,0.0020847721712891855
0,3.36,0.48,0,1,0,-0.27198599254745703,0.000913300597367106,0.08485668308857067
0,62.05,0.9,0,1,0,0.06521613304776595,0.1846888157726651,0.16938955306114967
0,101.99,1.67,0,1,0,0.3288756267605612,0.20143325190639758,0.08104239282432206
1,25.87,2.23,0,0,1,0.45186031885751304,-0.3758566631506702,0.2122056383419118
0,8.13,0.62,0,1,0,0.13814770173390736,-0.14222533821136502,0.19094369964689883
0,113.31,1.99,1,0,0,0.07127577871173442,0.3436423186506211,-0.05582817925446766
0,12.2,0.71,0,1,0,0.24040231129347772,-0.16220124172392114,-0.19499478882104282
0,98.66,2.6,0,0,1,0.2704863278719249,-0.03962464061780314,-0.045057039844683865
1,199.35,1.68,0,0,1,0.34395862700930957,0.17177263937877685,-0.14879305097822837
0,31.25,1.08,0,1,0,0.09720565304342675,0.079379446429725,-0.20035027469547076
0,30.27,0.8,1,0,0,-0.2489978807472059,0.0028113988128586017,-0.003765094982809762
0,14.9,0.99,0,1,0,0.001225666566294281,-0.12972985239314996,-0.10135677463558414
0,28.84,0.35,0,1,0,0.06753955635990215,-0.08605406742416061,0.08759941812927441
0,132.55,1.93,0,1,0,0.041146659140146924,0.08630190824649438,0.24158025489920112
0,9.05,0.34,1,0,0,-0.23880203212793527,0.07517305633872017,0.05851076975515328
0,83.48,2.35,0,1,0,0.19543806687703785,0.08386571968983705,0.039199975054660045
0,36.09,0.86,1,0,0,0.003237149672851189,-0.035673471627978036,0.09939579928819745
0,38.44,0.19,1,0,0,-0.20932181055906188,-0.039324254901754896,0.10521712286019874
1,1.14,0.15,0,0,1,0.3337004946384178,0.023052850965033927,-0.008799154447336147
1,942.43,2.94,0,0,1,0.47080381217817713,0.2440093847014229,0.09233392154950754
1,83.86,1.22,0,0,1,0.3825538718110467,-0.03455379919383043,0.07066918532231761
0,50.17,0.87,0,1,0,-0.024245909755169166,0.11316192116115803,-0.08979600387990326
0,44.6,2.06,1,0,0,0.16980280397287706,0.02747772876880103,-0.24931507414799012
0,8.51,1.17,1,0,0,0.1360042284472322,-0.02328346764818974,-0.1951985597293134
0,21.81,0.18,1,0,0,-0.2068510924357483,0.8119089305320317,-0.4942699586527882
0,61.26,1.84,1,0,0,0.07552599844771629,0.0656453767681561,0.026243879476489127
0,2.57,0.46,1,0,0,-0.490361503650923,-0.005353108167056062,-0.017060282471811936
0,11.78,0.62,1,0,0,-0.08205480906793701,-0.1045424301108002,-0.07589998260936187
0,66.24,0.81,0,1,0,-0.23109045257200403,-0.06136060800115741,-0.2557333362954217
0,51.51,0.73,0,1,0,-0.07719500334843012,0.2669734536430149,0.1737928643136422
0,28.27,1.65,1,0,0,0.05710930038651402,0.2970060009702545,-0.2120282053601804
0,8.16,0.95,0,1,0,-0.24742193156463957,-0.1481857615908189,-0.06560757878602352
0,99.03,0.46,0,1,0,-0.0955420416821551,0.16322070154490095,0.06693261027351823
0,15.04,0.51,1,0,0,-0.2255668259539226,-0.13776008880849056,-0.007390930518133068
0,0.93,0.22,1,0,0,-0.19845988072455764,-0.1934034003106137,0.1721856719010321
0,22.61,1.24,0,1,0,-0.10480785090286315,-0.019715845120215347,0.08735473121951758
0,63.09,1.16,1,0,0,0.0745323766942372,0.15665916734681923,0.17265901383462678
0,138.3,2.21,1,0,0,-0.012701835457444582,-0.018902935613702956,-0.19928011171651105
0,5.5,0.09,0,1,0,-0.12252731213306334,-0.13314503395841876,0.0908704084202864
0,0.63,0.46,0,0,1,0.20388125690392353,-0.2292098828915431,0.03470580403668263
1,179.87,2.23,0,0,1,0.18305078368914,0.24521592108277232,-0.4263514497126547
0,14.86,0.32,1,0,0,0.11000817871917218,-0.21927410142555714,-0.001735452470846892
0,6.99,0.3,0,1,0,-0.20318641976048446,0.0353446747319737,0.0453761998722662
0,13.98,0.77,0,1,0,-0.3149137084162485,0.1713013499637843,-0.069817084829274
0,8.1,0.03,0,1,0,-0.4484311209653689,-0.03767201973965575,-0.0030067965645169366
0,7.63,0.81,0,1,0,0.03218129156930721,-0.0764505874137445,-0.14505610715480738
0,391.63,9.69,0,1,0,-0.020291220117594832,0.5791433895600381,-0.0726501988229485
0,320.88,0.84,1,0,0,0.3383223609914531,0.11046211092315704,-0.22245105709114216
0,11.52,0.68,0,1,0,-0.5108698747080572,0.0036045946134877238,0.025695089447445373
0,10.21,0.78,1,0,0,0.1659325649867833,-0.05056958795949642,-0.28119108645049157
1,997.36,9.07,0,0,1,0.1839448669327589,0.20010933817197235,-0.05550564569178078
0,0.88,0.21,1,0,0,-0.19622109504692228,-0.10808214280866621,-0.007998571329139857
0,3.25,0.3,0,0,1,-0.2992318787054803,-0.05593204043811536,-0.022405674870657703
0,156.39,0.84,0,0,1,0.1256093250280415,-0.14587876237455788,-0.1425723188589996
0,25.0,0.59,1,0,0,-0.04255686282949424,-0.15566450688830152,0.002202994083991873
0,38.1,1.43,0,1,0,0.24656043603245342,-0.28903912776326757,-0.24887384135080193
0,0.44,0.1,0,0,1,0.2264303830696319,-0.1946057837475783,0.09592076507805912
0,6.22,0.49,1,0,0,-0.30746272585816126,-0.06132949930827724,0.15040774733262952
0,501.9,2.2,0,1,0,0.0749019530958524,0.5481311643255871,0.15251710268728824
0,17.52,1.19,0,1,0,-0.046326869967302675,-0.16838443357538094,-0.08903898099412345
0,156.03,1.4,0,0,1,-0.030254015523797997,0.10950742601637273,0.11335695001850361
1,197.51,7.9,0,0,1,0.4911252924937672,0.044635191116058806,0.008181035691769777
0,6.88,0.9,0,1,0,-0.16525997386135982,-0.03744428047705363,0.11056265311876178
0,22.96,0.44,1,0,0,-0.27978033228072174,-0.10295057650739918,-0.17492941782420737
0,19.26,0.63,0,1,0,-0.19863062997027606,0.029269096178127615,0.1996652411629444
0,44.05,0.25,0,0,1,-0.07537491881775717,0.14494022911828197,-0.1451819517785213
0,27.84,1.55,0,1,0,-0.13618135608468052,-0.04339298607979705,-0.060498271393630204
0,29.24,1.77,1,0,0,0.029809656260540586,-0.08838127481115757,0.06647903122946
0,3.67,1.63,0,1,0,-0.15389751147983105,0.005959555794062761,0.007265195655834678
0,7.95,0.46,1,0,0,-0.3566231819331821,-0.1039870430596327,0.05732152444366116
0,3.33,0.57,1,0,0,-0.4503018429491786,0.019615312513087547,0.017492528173031128
0,36.61,1.23,1,0,0,0.021375001084023282,-0.09735201034452583,0.12136399906433315
0,28.0,1.4,0,1,0,0.24680450273789611,0.09425567897785203,0.2687530356506158
0,50.36,0.76,0,1,0,-0.03637744463482,0.11575292002894397,-0.0742197646246639
0,9.64,0.81,1,0,0,-0.17552249877756107,0.010408231807494107,-0.06965840515838523
0,17.49,0.22,1,0,0,-0.3444135360774645,-0.11329196361056842,0.043557061732616274
0,4.36,0.12,1,0,0,-0.29213156559745085,-0.11512237051263108,0.020986659577301774
0,18.89,1.39,1,0,0,0.06230241366007647,-0.026545104538365023,0.13311899621403533
0,5.76,0.61,0,1,0,-0.2505081659406991,-0.015303427231071916,0.03929626291239257
0,6.19,0.57,0,1,0,-0.1497055716630148,0.16563210976334758,-0.13783645239722453
0,117.37,2.0,1,0,0,0.21635145273483436,0.026603649183961794,-0.09482356597014054
0,15.98,0.39,1,0,0,-0.25672249441842726,-0.11439269081270952,0.00041091455629546414
0,25.75,0.47,0,1,0,-0.07726498109105655,-0.223663541111083,0.023947815337534362
0,4.05,0.98,1,0,0,-0.11567647210664647,-0.03539428717845592,-0.027992067928339744
0,48.8,1.51,1,0,0,-0.16634629911867946,-0.14016730681885353,-0.37465988572215153
0,53.83,0.8,0,1,0,-0.021608598234152124,0.12813382867151474,0.07033849241048061
0,1.16,0.28,0,1,0,-0.31383140256001046,-0.1127539444939368,-0.037660922801152165
0,924.01,2.56,0,1,0,0.0587638318713865,0.2693501046101605,0.16406741933417052
0,5.12,0.52,0,0,1,-0.07343377708377741,-0.06760457940815295,0.06280333474024177
0,18.2,0.72,1,0,0,-0.1527205495852529,-6.906080615485159e-05,-0.16468381304916813
0,2.91,0.4,1,0,0,-0.44533882157076154,-0.08337169311035668,-0.15227937362495778
1,210.45,3.24,0,0,1,0.4961785607553625,0.030384496937583404,-0.1345840865502538
0,20.57,0.96,0,1,0,-0.1901442870111794,-0.10285869607495897,0.0027117755570399533
0,0.23,0.12,1,0,0,0.07108673964600122,-0.028349451875732623,-0.1806523104544732
0,38.95,1.76,0,1,0,0.2063121324199168,-0.12039323390924904,-0.21356993184033823
0,4.21,0.13,1,0,0,-0.2673012733633179,-0.04601165377163277,-0.205678621735659
0,62.47,0.37,0,0,1,-0.3556640537081908,0.17868501910042794,-0.11731416891176379
1,7.41,0.32,0,0,1,0.3610934541992373,-0.01931559538674136,0.19756453505206237
0,17.34,0.2,0,1,0,-0.2316408088807084,-0.025187596254451054,-0.02016843759776645
0,102.96,0.87,0,1,0,-0.13123693096988842,0.3255127363809818,0.13822716582174066
0,2.19,0.27,0,1,0,-0.2723062047611142,0.029865713862923318,0.011517543916882773
0,4.86,0.51,1,0,0,-0.31695699855237053,-0.006686071186649502,-0.16516748120412061
0,81.38,2.08,1,0,0,0.17634566879723398,-0.16496686575934083,0.1358658046281902
0,117.38,0.53,1,0,0,-0.060439669696314105,0.27553120549385296,0.11277389102928355
1,179.83,2.26,0,0,1,0.2094262033494703,0.1413684649850195,-0.09936979245964393
0,23.43,0.95,1,0,0,0.08308605823552472,0.32002441092620115,0.07707223973103962
0,5.77,0.92,0,1,0,-0.23001577749328714,-0.06961937112379035,-0.1031621034461757
0,18.54,0.76,1,0,0,0.11703076730915829,-0.21084265664681306,0.1412667227539924
1,176.7,1.81,0,0,1,0.3236031754394024,-0.11228850794542074,-0.1775939944703941
0,30.88,0.71,1,0,0,-0.0687368098743566,0.02518525928127916,0.08401125493907079
0,30.97,1.05,0,1,0,-1.7339001755132e-05,0.3408246600584947,0.023029628350650984
0,79.99,2.29,0,1,0,-0.057625675284862524,0.2311020403594376,-0.10484160323134857
0,7.62,0.62,1,0,0,0.007334214925570645,-0.07598481577663714,-0.022388587288122815
0,27.89,0.68,0,1,0,-0.250995712322527,0.022255798504695414,0.025420887148203553
0,13.48,0.85,0,1,0,0.2908436611411416,0.13261875958487973,0.19426243796845694
0,30.34,0.88,0,1,0,0.02356634924957661,-0.11978691181542692,0.05355408220615027
1,257.89,1.91,0,0,1,0.268325572477207,-0.0012857437833972065,0.11685177209388807
1,0.14,0.33,0,0,1,0.35189881349699065,-0.1650034510322443,0.06404685496357308
1,0.12,0.02,0,0,1,-0.4488796926381163,-0.042116907774283334,0.02465973571570162
0,17.84,0.74,0,1,0,-0.011760417171641344,-0.18202461327297437,-0.08608981986229663
0,26.65,0.32,1,0,0,0.16228653729788073,-0.14926952835814564,0.054984966734435765
0,16.16,1.28,0,1,0,-0.03235380894953147,-0.18373190729678507,-0.07161667588286005
0,14.04,0.91,1,0,0,-0.3680246927707492,-0.08902880446457598,0.0704573229500927
0,142.84,2.01,1,0,0,0.170835633799014,0.018797821077935623,0.1609024000319051
0,154.21,1.55,1,0,0,0.13924552458702374,0.062072262959833535,-0.14064595819901793
0,31.93,1.2,0,1,0,-0.11748347129604059,0.1177970442547739,0.12571088660141566
0,39.31,1.77,1,0,0,0.08517498594736554,-0.10360529161304055,0.41756896262460036
0,40.92,1.34,0,1,0,0.22011306118787943,0.056332653061528654,0.05329488519739243
0,45.72,1.36,1,0,0,0.19559774505853278,-0.030446541251107972,-0.20125983475974396
0,15.64,1.53,0,1,0,-0.08030187148380734,0.09201059724845419,-0.021930992501695806
0,2.67,0.62,1,0,0,0.029269055157250506,-0.14063793924597615,-0.11237963154424005
0,5.85,0.48,0,1,0,-0.16801039515661137,-0.1769177115221062,0.05264439291800837
0,10.16,0.89,1,0,0,0.028189960697606768,-0.06530811916769434,-0.12667320283338926
0,20.8,0.61,0,1,0,-0.30490527600017914,-0.054409321274218776,0.11972579002892388
0,84.86,1.69,0,1,0,0.011367127569235065,0.08709781852233373,-0.046066324492277516
0,13.71,0.49,1,0,0,-0.361085313815495,0.29076616758060414,0.17133989765543015
1,259.86,2.11,0,0,1,0.24765180621473556,0.19658226721744693,0.04591221735797855
0,4.39,0.32,0,0,1,-0.1356580659049716,-0.06111175956501876,0.005160053786389752
0,85.82,2.06,1,0,0,0.09959372751572908,0.05662897031738916,0.15364375261911864
0,55.91,2.16,0,1,0,0.45996893617779483,-0.03965022910234635,0.14108815399673158
0,67.75,3.54,1,0,0,0.0072298484754490045,0.057596680107614345,0.08810543078970554
0,3.42,0.45,0,0,1,-0.2751394093306182,-0.034997735865612216,0.017798340518952606
0,20.89,0.92,0,1,0,-0.40614604072703675,-0.1082043276179868,0.0171842463513756
0,41.92,0.14,0,0,1,-0.08709627532385678,0.1071965012199728,-0.04564075008179455
0,49.74,1.96,0,1,0,0.000421612049527729,0.33930752277593645,0.075433401476111
0,39.86,0.37,0,0,1,-0.04961346625821199,0.07304830736692249,-0.08152136649160749
0,318.51,2.25,0,1,0,0.2831590617745443,0.19425467882543793,-0.1836364676238805
1,78.0,1.93,0,0,1,0.3501928038486026,0.032159452669527896,-0.0391111511650294
0,54.83,0.55,1,0,0,-0.2386668178802406,0.30886305144163,-0.10933777121471508
0,2.32,0.44,1,0,0,-0.27115286307036385,0.012823993187678366,0.00988159255905196
0,33.78,1.22,1,0,0,-0.0692552698577797,0.06769959895692526,0.11790804721740145
0,301.65,3.49,1,0,0,0.17711060644421991,0.09571615299069909,0.2942877669105947
0,32.23,0.84,0,0,1,0.23994120160363977,-0.12574697969619258,-0.18387656339806374
1,33.39,0.65,0,0,1,0.16768339161997575,-0.11066115023978115,0.1486477359632664
1,5.02,0.46,0,0,1,0.3166327936460415,-0.08041170879250592,-0.24443496777941118
0,15.61,0.77,1,0,0,-0.14831410850536866,-0.04370815303119742,0.189271705891029
0,7.03,0.11,0,1,0,-0.2151320682274151,-0.07535380744102049,0.050725021238243406
1,428.37,2.06,1,0,0,0.3253883759606512,0.07924630988757896,-0.1456303135413814
1,68.75,1.84,0,1,0,0.42413000554414515,-0.00420018130676335,0.045964476942889666
0,74.94,1.71,1,0,0,0.00802389876592249,0.010934286209436248,-0.07961631194709468
0,87.18,1.27,1,0,0,0.25229771744127194,-0.15948763738606117,-0.014219142683821337
0,96.65,0.85,1,0,0,-0.17228887281828237,0.34885129060513576,-0.18588930602499165
0,6.93,0.28,1,0,0,-0.09146917218725921,0.1764278168463659,-0.14065955641320804
0,1.8,0.57,1,0,0,0.04182457452223934,-0.1960093314076494,0.06353950312413766
0,40.59,0.24,0,0,1,-0.02417275633191032,0.14413608705533118,-0.13530323254194784
0,12.53,0.75,0,1,0,-0.13495387003482984,-0.14675262753037205,-0.009705225619636786
0,95.7,0.83,0,1,0,-0.31542820694179613,0.09304613624331062,0.11005909503105497
0,104.03,2.55,0,1,0,0.0758552763494598,0.10856089434613243,0.31608412151752924
0,6.53,0.42,0,1,0,-0.1856130919655991,-0.17812515613512975,0.10478601407944303
0,23.26,0.92,0,1,0,-0.10857103681441632,-0.19749728756745014,0.19353170831477245
0,24.17,0.65,1,0,0,0.16415583290077332,-0.3979414234099109,0.017356005968549554
0,108.89,2.61,0,0,1,0.25421021416949624,-0.002162448073153439,-0.03420105886736677
0,22.52,1.4,0,1,0,0.11341152608734324,-0.101042297358927,0.047218886699833346
0,39.34,0.56,0,0,1,-0.08261205541655851,0.15629531484412976,-0.06622549015095613
0,33.66,1.37,0,1,0,-0.19194643881778164,-0.06591926493752179,-0.08961701142708184
1,33.24,0.07,0,0,1,0.15314596927011592,-0.097526369004378,0.10086971725016307
0,46.49,0.83,0,1,0,0.36759745800225385,-0.38042715209523265,-0.23540189900935973
0,28.99,1.01,1,0,0,-0.0965250036665551,-0.036459333291383476,0.1381922268706525
0,3.04,0.36,1,0,0,-0.43600116653091253,-0.06015246595474784,0.004287789684705241
0,8.97,0.47,1,0,0,-0.18352354945256572,-0.16490698677024748,0.03336890145056895
0,1.67,0.3,0,1,0,-0.4750104438827794,-0.1307641115899178,0.045899794422004564
0,19.53,0.99,1,0,0,-0.13552630760405115,-0.12460149687114548,0.025032559398647396
0,98.62,2.12,0,0,1,0.24076398110696137,-0.05975511840728988,-0.07666273931013641
0,0.14,1.32,1,0,0,0.10199057300316015,-0.3442405716188185,-0.16958687674540673
0,117.35,1.32,0,0,1,0.12787707953859656,0.053935413362796364,-0.038436013060217655
0,27.58,0.51,0,1,0,0.13967284401633484,-0.15648503667254626,-0.03845659869293953
0,11.45,0.48,0,1,0,-0.16112728401288218,0.06642196267282763,0.06547967729885801
0,13.12,0.22,0,1,0,-0.3530880954281223,-0.22992097710697604,0.1318362074861101
1,324.49,4.87,0,0,1,0.5510139941368148,-0.054785652741531986,-0.19580895390304132
0,3.91,0.4,1,0,0,-0.3420796536012048,-0.15230660539588461,0.14829068910837445
0,11.61,0.96,0,1,0,-0.20038591119496887,-0.09187546240670157,0.05426654083611981
0,4.58,0.7,0,1,0,-0.26639651368743006,-0.1513660552632997,0.12373480138132387
0,28.2,0.43,1,0,0,-0.24718016130875764,-0.060754680563311333,0.04198568776110286
0,8.21,0.45,1,0,0,-0.12299457004394194,0.07132887262325059,-0.10661853165884783
1,227.21,5.2,0,0,1,0.34410723835791834,0.2505515746429665,-0.08729533893478576
0,1.92,0.22,1,0,0,-0.4290230787720995,-0.0791034007737266,-0.07410565041476075
0,7.12,0.07,0,1,0,-0.3116455645839542,0.14108070956738908,-0.005551738451697302
0,4.98,0.38,0,1,0,-0.19107856667707676,-0.1822697166802021,0.045541254141980646
0,2.53,0.5,1,0,0,-0.4730167186593259,-0.0528954393663596,-0.05660811735835712
0,114.35,1.48,0,1,0,0.09179114998974083,0.1520662732499847,0.16037363266098686
0,2.94,0.59,0,1,0,-0.15494374166638142,-0.16341325587323938,0.08861562155754059
0,0.52,0.31,0,1,0,0.20857494838470797,-0.1460105207875612,0.09879736761558792
0,39.27,0.37,0,0,1,-0.07393500228271208,0.13895404197887243,-0.12402457312140878
0,6.65,0.71,1,0,0,-0.20576361191908477,-0.014865644557312346,0.09943796846595176
0,100.11,0.88,1,0,0,-0.13312139448378893,0.18576667543579412,0.1392456041255174
0,5.3,0.51,0,0,1,-0.11502287279847292,-0.0996865693600569,-0.009131204390624738
1,47.79,2.29,0,0,1,0.31081540914495775,0.24482857175579875,0.13692391195846357
0,98.79,1.38,1,0,0,-0.040080376689866186,0.08660046646474738,-0.10733746674433006
0,40.62,0.84,0,1,0,0.135632358052241,-0.008387633479976356,0.26186158889258193
0,2.54,0.53,1,0,0,-0.2583608484656679,-0.15310902302541698,0.08508896658899466
0,6.59,0.13,0,1,0,-0.11900314411179912,-0.23316052999929224,0.06639878898319977
0,18.79,0.63,0,1,0,-0.2174322375611517,0.04106300986963638,0.1871017500026888
0,13.82,0.84,1,0,0,-0.014553604519618369,0.05282968451207859,0.17802769102869082
0,7.25,0.92,1,0,0,0.10054460857813055,-0.0633578832251997,-0.038669441018818376
0,60.31,1.15,1,0,0,0.06840240573492261,0.2079133293512848,0.26677098052200227
0,7.74,0.76,0,1,0,-0.461961541979576,0.018000977367090512,-0.020526519503097248
0,54.51,1.99,0,1,0,-0.023447216681101328,0.3390824611870017,-0.2084127786056116
0,142.77,0.98,0,1,0,0.19653819289992872,-0.012486963085217908,0.12174632723620443
0,23.12,0.46,1,0,0,-0.008673199871483355,0.32251471982805535,0.009890770812388693
1,34.88,1.08,0,0,1,0.13225357465091522,-0.018924907066749878,0.14669818372516064
1,0.09,0.14,0,0,1,0.3389173245858008,0.269355307615324,0.4562300816067425
0,14.04,0.58,0,1,0,-0.14849329027090682,-0.033729091283412185,0.15959198456707369
0,31.25,1.4,1,0,0,0.21679380641990137,0.05819713711643696,0.20813788214607903
0,24.21,1.63,0,1,0,-0.2485033579888412,0.12274851995459325,-0.1796074198982845
0,9.7,0.48,0,1,0,-0.03755491757338213,0.058914770176428564,-0.0920647160413217
0,38.96,1.3,0,1,0,0.2054382866358403,-0.20844326612285632,-0.19703805348831777
0,155.61,1.07,0,0,1,-0.032557962437370164,0.1346151874034773,0.13164162652138828
0,210.36,2.3,0,1,0,0.06698168112704071,0.22407743547882225,-0.14091731639628058
0,21.25,0.71,0,1,0,-0.22906797166946136,-0.013774692548716019,0.09890671307383837
0,1.14,0.32,0,1,0,-0.20759750369149296,-0.1786520125418812,0.03130463373377394
0,91.01,0.61,0,0,1,-0.291386943262808,0.08344354548035053,0.015394005942561944
0,72.61,0.37,1,0,0,0.029593178342700237,-0.059432990504689386,-0.16334778956909335
0,100.41,1.29,1,0,0,0.3572291676003874,-0.03361255329320456,0.056725857171231735
0,17.83,0.84,1,0,0,0.12334661637516242,0.007474254186795205,-0.048290910632918085
0,10.73,0.13,0,1,0,-0.27945876278687765,-0.1442494327381813,0.05863634324214376
0,23.44,0.45,0,1,0,-0.03308666593454848,0.026059928975050883,0.01150848482255721
0,88.0,1.54,0,1,0,0.015737675292418103,0.08920297117307179,0.17477946070173073
0,4.39,0.69,0,0,1,-0.1253183205696902,-0.06339443591365075,0.04975934913915164
0,61.02,0.81,1,0,0,0.052902051853948945,0.15842767276504346,0.15733854995839977
0,11.76,0.77,0,1,0,-0.06620266347380753,-0.15391935950761032,-0.0896161589575253
1,82.72,1.82,0,0,1,0.38572548630945386,-0.0689656237093878,-0.09700938934717683
0,27.92,1.42,1,0,0,0.05020644138070982,-0.1291113155940253,0.03637202889216472
0,2.58,0.07,0,1,0,0.05825468421116755,-0.18331125706711282,0.02340503496023348
0,6.64,0.84,0,1,0,-0.16926263714701265,-0.09350282878416863,-0.07024656800923204
0,1.07,0.14,1,0,0,-0.2630128959075571,-0.20692033865687287,0.11312758172167056
0,125.57,2.45,0,1,0,0.3128819736203329,-0.07783465272684002,0.11463062388811855
0,55.41,0.64,0,1,0,-0.08574213289176265,0.2206276902989936,-0.24117796213163434
0,12.53,1.37,1,0,0,-0.06879042020695773,-0.05755274629056737,-0.015106665773550226
0,47.88,0.74,1,0,0,0.15344807470047456,-0.0654263159901558,0.16473194552571205
0,23.11,0.82,0,1,0,-0.06274760723437628,-0.020987881748350593,-0.14168156369296964
0,32.17,0.43,0,1,0,0.06468364795549746,0.05747949504364738,-0.1124561411226383
0,38.88,1.1,1,0,0,-0.3321692907859942,-0.16183254051297208,-0.20324408357057888
0,0.95,0.2,0,1,0,-0.20305970203599139,0.16919503809694367,0.03471484998813995
0,27.83,0.85,0,1,0,-0.11510236030061,-0.09197591488012509,0.09356131363426136
1,327.85,3.0,0,0,1,0.2509017400890806,0.28338061998867137,0.22280314372265267
0,38.62,1.52,0,1,0,0.05816020661964043,-0.04388456272957015,0.49501599963102216
0,2.9,0.08,0,1,0,0.018398414598947473,0.0893528029679416,-0.014063655569304856
0,1.45,0.23,1,0,0,-0.2546165566253406,0.10742030509788393,-0.14535601977887094
0,129.04,2.05,1,0,0,0.10292096053081029,0.12745398271769107,0.12429774585439476
0,37.87,0.96,0,1,0,-0.06886973030089898,0.022934588540771825,0.1064175325201058
0,15.28,0.83,0,1,0,-0.037741027157190535,0.3963745635078109,-0.2285540933657098
0,41.25,1.4,1,0,0,0.0532959236477046,-0.28563254820532574,-0.22743145827040698
0,19.5,0.73,1,0,0,-0.11797680990971292,-0.03501523185223101,0.0361336323494748
0,10.05,0.43,1,0,0,0.027239570090339827,-0.11933577580302997,-0.1265751373864812
0,1.51,0.42,1,0,0,-0.30699715189253546,-0.07569811990674975,0.07199892331469308
1,117.66,2.39,0,0,1,0.8099215357676068,-0.0938381175675446,0.17568492959219004
0,0.14,0.27,0,0,1,0.15474507370594195,0.06719731946287386,-0.11952992687045477
0,5.4,0.63,0,1,0,-0.16421127668921548,-0.20351432874406425,-0.01234381855003086
0,5.52,0.02,0,1,0,-0.35208452115476724,-0.12416622225462294,-0.029435953025839085
0,10.56,0.64,0,1,0,-0.21843521190705098,-0.13501004746256892,-0.03937030707351898
0,1.46,0.09,1,0,0,-0.356673096191946,-0.013345347363939065,0.08758528789732901
0,83.68,1.92,0,1,0,0.12213493035930609,0.07268657521464902,-0.11783641494370642
0,19.12,0.7,1,0,0,-0.2943071647897537,-0.05249620340070469,-0.04162937183387474
0,23.6,1.16,1,0,0,-0.04411899983349314,-0.09522445783072055,-0.06305582374398588
0,0.39,0.24,0,0,1,0.16049277770520734,0.0006795120229892045,-0.18883344337378727
0,209.28,2.05,0,1,0,0.32487451736215134,0.09584792221561908,0.12169052647556781
0,11.54,1.1,0,1,0,-0.12724405140811634,0.11284812772092091,0.03615600384087796
0,88.96,0.88,0,1,0,0.028749813260824313,0.07680224732033493,0.18998907876946225
0,16.91,1.29,1,0,0,-0.016075998071196706,-0.2038045172418536,-0.056482909927755176
0,128.23,1.8,0,1,0,0.3003679182235314,-0.12239256067129181,0.09806998507280999
1,348.7,2.24,0,0,1,0.4773341072739486,0.15832437212174355,0.06565512216430511
0,15.39,0.64,0,1,0,-0.11177156441467284,-0.08159409662222722,0.02632204657218991
0,22.34,0.75,0,1,0,-0.0068886896197953035,-0.029638480574907897,0.06050008665421584
0,5.98,0.79,0,0,1,-0.145251835741296,-0.04528273496753926,-0.013375712173095763
0,20.26,0.98,0,0,1,-0.2771549970496176,-0.00798705484238285,-0.00181240002431316
0,1.44,0.22,1,0,0,-0.4734049061620326,-0.012034536470343176,0.02848186819240443
0,18.09,1.01,0,1,0,-0.038844394714003416,-0.2524446988830722,-0.09695981540858514
0,27.65,1.34,1,0,0,0.08136402575931574,-0.0893344283114421,-0.009611404161752626
0,24.53,0.85,0,1,0,0.13816383666941812,-0.12225319497795518,0.11178584949725769
0,77.31,1.75,0,1,0,0.09761815463020453,-0.02528387664216591,-0.06423186896850283
0,97.21,0.79,0,0,1,-0.3022407768968338,0.13505308013394346,-0.00036297649254421054
0,1.51,0.23,0,1,0,-0.2593238245576066,0.03858222992951048,-0.1092728753734421
0,5.97,0.73,1,0,0,-0.17297618557550629,-0.19320481179411025,0.09416355049233543
0,6.02,0.31,0,0,1,-0.08690399528346855,-0.08147486799923671,0.03857011294590164
1,249.16,3.06,0,0,1,0.2842718286482028,0.05775386964221779,-0.011306634128423433
0,40.4,0.44,0,0,1,-0.06821696964216784,0.17253220183989365,-0.07035766946610544
0,129.87,1.23,0,1,0,0.14768322993171681,0.33882655455512894,-0.0016657089699360927
0,4.6,0.41,0,0,1,-0.09965276703703377,-0.07357045988588345,0.04050864089201789
0,55.42,1.93,0,1,0,0.08572471227991077,-0.006918303610002454,0.006469853545896838
0,5.89,0.07,1,0,0,-0.28087635569294994,-0.0411490645419278,-0.11463650194338097
0,7.7,1.63,0,1,0,-0.24568416864881729,-0.05154910505075743,0.10604901594607571
0,13.25,1.02,1,0,0,0.10725819890922089,-0.20011805299846872,0.023673329121023528
0,133.29,1.93,1,0,0,-0.1496626040259836,-0.11473232987906679,0.00271888386464725
0,26.7,0.97,0,1,0,0.07745281440412102,-0.12395188621151541,0.037514320392127785
1,56.84,1.33,0,1,0,0.3698314446467191,-0.13142483475247935,-0.008294867001262985
0,19.12,0.66,0,1,0,0.09452563010953974,0.08778458126773249,-0.011472675499444033
0,35.12,1.39,1,0,0,0.04719170514733738,-0.020903248849536614,0.047870104018097645
0,15.96,0.85,1,0,0,-0.15995586217393531,0.05099840427192955,0.1521414760922531
0,34.08,0.1,0,1,0,0.005768955237996231,-0.17546786173577156,-0.052214596010839026
0,80.73,0.37,0,1,0,0.094638091778575,0.13862189975930292,0.046420844295070395
0,110.87,2.04,0,1,0,0.3222952552124772,0.010184584963446425,0.06076946125178596
1,194.54,1.71,0,0,1,0.33633415536850775,0.10885244889236186,-0.0792487771616517
0,9.08,0.46,1,0,0,-0.2683399808161555,0.02804735668985891,0.0375647244920867
0,7.59,0.71,1,0,0,0.0609487211414702,-0.08083661132804366,0.17175674315937073
0,25.53,0.82,1,0,0,0.01912219076256134,-0.08034078713364845,0.044743034165783714
1,89.39,1.13,0,0,1,0.19228657830266785,0.1343450228241198,-0.20350979920531354
0,42.18,0.37,0,0,1,-0.06494647012001188,0.14842126530393232,-0.09111920355090176
1,85.78,1.61,0,0,1,0.44277857151726524,-0.031944008118989974,0.0573074539910248
0,0.97,0.0,1,0,0,-0.004371936928251821,-0.07882905707004681,-0.012083287414131184
1,43.54,1.13,0,0,1,0.33755518529760037,-0.0766308332677315,-0.20054234595040718
0,36.42,0.99,0,1,0,-0.13041868578676918,0.004026497565921619,-0.09214125222625323
0,111.18,1.69,1,0,0,-0.12467652373527816,0.08282067140283346,0.2059090829885153
0,42.59,0.46,0,0,1,-0.06121640967799825,0.1497447490716324,-0.09675109569696133
0,0.33,0.3,0,0,1,0.15644518880472588,-0.03395067026720361,-0.1972679024749346
0,504.83,2.19,1,0,0,0.06814644615464178,0.5364321660057267,0.13242731319055032
1,5.54,0.85,0,0,1,0.374155766319189,-0.1392479277280581,-0.2790872776531282
0,3.36,0.18,1,0,0,-0.3140963580726726,-0.055918888027465176,-0.1497679010571819
0,1.63,0.52,0,1,0,-0.306627593272695,0.007102481704204063,-0.09328924397166187
1,17.71,1.23,0,0,1,0.21675907438133493,0.09016565839444754,-0.17567288687594457
0,4.56,0.21,0,0,1,-0.13026929700077514,-0.06138157884822899,0.016964845210682724
0,52.22,2.36,1,0,0,0.40260632753140285,-0.16347234373162225,0.0032240967673636462
0,38.46,1.08,1,0,0,0.01214300507791687,-0.0002052728059073787,0.12364919849033729
0,2.29,0.21,0,1,0,-0.21386850794809917,0.04742771643782144,0.050232978194796246
0,18.8,1.38,0,1,0,0.11176031226129422,-0.0023731184755459277,-0.09533709707766445
0,39.94,0.18,0,0,1,-0.08003589238639858,0.1691924869567111,-0.14582785971928305
0,1.88,0.33,1,0,0,-0.2998490107775364,-0.15631690105813728,0.13402155700735122
1,126.58,2.03,0,0,1,0.845453138597714,-0.11274260086435649,0.09778162380682592
0,9.12,0.99,0,1,0,0.02504393229387508,-0.07361125187895098,0.1726407736008839
0,41.81,0.54,0,0,1,-0.06491446328005734,0.1462528754345931,-0.10455005255812463
0,92.81,1.0,0,1,0,-0.2719588542582186,0.05898414563258812,0.0046434968821076296
0,16.33,1.25,0,1,0,-0.04195686198317176,-0.21389177742272017,-0.10974987025819376
0,4.99,0.4,0,0,1,-0.1247181532086282,-0.02142797048468834,0.01528843322416364
0,33.96,0.77,0,1,0,0.03614528530299777,0.28467382115708034,0.030279423167681504
0,15.71,0.55,1,0,0,-0.19414517062388667,0.2511447833346941,0.027805845933052808
0,71.09,0.99,1,0,0,0.02935615512918011,-0.06237517175184621,-0.22583384471452553
0,24.02,0.76,1,0,0,-0.30410994992534945,-0.11859307368519882,-0.1572454248251587
0,42.33,0.22,0,0,1,-0.05361208913466647,0.09916010024134171,-0.13168955301637292
0,159.38,0.82,1,0,0,0.02607894272398716,0.35523947297845276,-0.12139248297896997
1,61.71,1.17,0,1,0,0.34509665775137227,-0.08659875307943551,0.05321731568893577
1,70.32,1.54,0,1,0,0.39258927629030094,-0.008617125544404495,-0.03800847092029044
0,63.13,1.56,0,1,0,0.09341284540239896,-0.05450988336343417,0.028202699141584197
0,27.94,1.16,0,1,0,0.1598536596313021,-0.11899048328989537,0.08825174677800626
0,17.58,0.39,1,0,0,-0.34509545529026037,-0.1492791394504091,0.056553303159035416
0,4.03,0.24,1,0,0,-0.26967436019337154,-0.17981909267145355,0.10438507925189275
0,5.53,0.03,0,1,0,-0.14537182589882283,-0.1854712711687183,0.08919362533033444
0,25.33,0.6,1,0,0,-0.2108901876732974,-0.09930669653024048,0.02402579369749805
0,39.0,0.53,0,0,1,-0.04835663228486896,0.11628303917504335,-0.12309690205986566
0,73.57,2.04,1,0,0,-0.03447332744881147,0.10580005547686389,0.005491010226224276
1,3.2,0.3,1,0,0,0.3424615279367043,0.04787193047369876,-0.004125684487178258
0,38.37,0.26,0,0,1,-0.06275100320528008,0.09293174848882944,-0.11185267629519295
1,84.1,1.71,0,0,1,0.37115830231407376,0.05603172482346151,0.0045924078239987206
0,1.57,0.54,0,1,0,-0.23408147839046098,-0.12847764993754954,0.1737654491289456
0,5.78,0.35,0,0,1,-0.14387174737153458,-0.05434392495681982,0.002654202832287348
0,61.97,1.99,0,1,0,0.132266108015673,-0.10139315109179468,0.1706206361579122
0,27.75,1.35,1,0,0,-0.1493043124740067,-0.05450079705059946,-0.043455484665394464
0,4.61,0.51,0,0,1,-0.13563539589954468,-0.09413431052537577,-0.004727425104171256
0,12.98,0.3,0,1,0,-0.2687848900986767,-0.10962022351514392,0.18256722544036041
0,111.66,1.95,0,1,0,0.5012558392526951,0.10094984751016763,0.04137042988887147
0,2.64,0.91,0,1,0,-0.11314967335859684,0.053655816864687476,-0.23921306733316663
1,181.15,1.5,0,0,1,0.2211251401363169,0.08765712888964652,-0.12998319652962573
0,35.88,1.56,0,1,0,-0.07905189221170257,0.2459636851350418,0.03118401747782573
0,75.6,2.32,0,1,0,0.3512807000511959,-0.03528848895255825,0.3343878549542285
0,5.1,1.1,0,1,0,-0.15427430976360615,-0.1332299650793426,0.09675206136351976
1,65.94,0.95,0,1,0,0.3488601149038343,0.023929931279509094,0.10328002050032592
1,121.22,3.13,0,0,1,0.46211111094666296,-0.02043833926274726,-0.04158748578379046
0,297.31,2.7,1,0,0,0.053713040067655295,0.2544469065064484,0.11632461321330372
1,25.16,1.56,0,0,1,0.4773587177900614,-0.3199399543126917,0.26906211231119054
0,183.67,3.24,0,1,0,0.0957495386786919,-0.027144343837469404,-0.26386184869569984
0,331.93,1.44,0,1,0,0.015713243646962898,0.4290533277280099,-0.26278682579699486
0,13.74,1.0,1,0,0,-0.11465324580617746,-0.07773094369140461,-0.08103621290482671
0,0.33,0.65,0,0,1,0.1704987693706031,-0.16065035509555797,0.1020605681042186
0,17.33,1.36,1,0,0,-9.457384554649122e-06,-0.20233344139882378,-0.1001988673405569
0,17.33,1.22,0,1,0,0.08162511163764237,-0.11197123265880901,0.11420714184222673
0,16.69,0.85,0,1,0,0.18498733773118073,-0.1456108167511146,-0.24368191128001657
0,124.12,1.48,1,0,0,0.3042515654106116,0.31191775960446044,0.2007611446675432
0,5.44,0.31,1,0,0,0.04010917491986894,0.017615855960138597,0.03412093178151645
1,178.4,1.47,0,0,1,0.18246683045470033,0.16467044818760512,-0.4676273877470724
0,19.18,0.41,1,0,0,-0.23703208804930206,0.2433640794496591,0.12999671913713362
0,17.88,1.26,0,1,0,-0.03564321552540572,-0.2441592957664461,-0.04870672526486279
0,4.38,0.5,1,0,0,-0.19997164708775103,-0.16774833847819776,0.05864702138792928
0,26.13,0.94,0,1,0,-0.08803134574928179,0.006220739024469639,0.08006931239070657
0,1.4,0.12,1,0,0,-0.24858835540200566,0.0008558155194996934,-0.0852066468041192
1,69.52,1.58,0,1,0,0.36536482179652163,0.05799790797977169,0.0763356582721546
0,12.95,0.83,1,0,0,-0.12386995739327421,0.029864361748047248,-0.021978266386481798
0,33.71,0.4,0,1,0,-0.19387958800971153,-0.007649297243010142,0.03709049116063459
0,27.13,0.84,1,0,0,-0.16291961092734508,-0.03414788767970356,0.11606666938253235
0,0.98,0.55,1,0,0,-0.038131391876060336,-0.045301669876088045,-0.02086218146952516
0,39.21,0.33,0,0,1,-0.0673751521333099,0.1258715853742065,-0.10520972065451334
1,322.8,2.73,0,0,1,0.5756234023700864,-0.060432043130351464,-0.1970923993548556
0,112.81,0.67,0,1,0,-0.2124961291752894,0.2274520223040865,0.15459503137811578
0,24.97,0.77,0,1,0,0.20168469470859032,-0.22747124362743074,-0.13929294940499537
0,1.31,0.16,0,1,0,-0.05579866337434719,-0.14246261432142046,-0.13371928895155308
0,454.84,2.53,1,0,0,0.046691524165802314,0.10111274807424883,0.015304619583027892
0,27.32,1.75,1,0,0,0.014618984674354003,0.06886387201769142,-0.1448190603740763
0,32.26,0.48,0,0,1,0.23771618653180576,-0.10817226312547347,-0.11137710628388674
0,98.93,2.97,0,0,1,0.221326925037267,-0.013432002732089053,-0.05213647557421921
0,34.29,0.87,0,1,0,0.16069891305155248,-0.21652093727487134,0.06085142913875316
0,52.62,1.38,0,1,0,0.0770788816552617,0.11891473461539405,-0.03493779798448333
0,35.6,0.44,0,0,1,-0.07321398206910992,0.1909977116489861,-0.136779221620532
0,18.9,0.13,0,1,0,-0.2077317783271952,-0.03641289648703864,0.14996403141800196
0,41.33,1.91,0,1,0,0.05359139238047246,-0.04751272269025425,-0.1611003255571602
0,55.98,1.39,0,1,0,0.07471248738387265,-0.13370532500438398,-0.2517288897116751
0,38.26,0.33,0,0,1,-0.032001970138266764,0.09877045153043543,-0.10283799435216841
0,16.72,1.23,1,0,0,-0.03479534971623399,-0.16080321630134323,-0.08799651602957852
1,327.97,2.85,0,0,1,0.4864201474929922,0.06287145096849017,-0.1135903232739924
0,0.4,0.25,0,0,1,0.21313072009646983,-0.2234910655451754,0.06679501837468113
0,11.74,0.94,1,0,0,-0.296914978583402,0.006012019392544586,-0.011566851072888762
0,128.28,2.31,1,0,0,0.34881185236434387,0.12367780419256233,0.2347012521390328
0,80.9,1.47,1,0,0,0.14977696735244822,0.13424379272289,0.08390895133548056
0,21.83,1.3,1,0,0,0.06644749194864583,-0.059917513030994324,-0.10016833009106513
0,29.27,1.32,0,1,0,0.17912845798908505,-0.15145652193918785,0.11928979936105183
0,28.44,0.83,1,0,0,-0.09883419044874821,0.035898966485587866,0.0967541839554794
0,5.9,0.77,1,0,0,-0.06774748603793689,0.1725986854609048,-0.09960800249343191
0,5.91,0.19,0,1,0,-0.37303230695854994,-0.18133118949369995,-0.023407236153376677
0,16.16,1.46,0,1,0,-0.08054793514234936,-0.1923048505069423,-0.007299032739397566
1,69.38,1.56,0,1,0,0.4388880004518818,0.037424644233788544,0.1057208873225611
0,7.79,0.5,0,1,0,-0.205361799585369,-0.11838674375963197,-0.028340008986744075
0,91.19,0.96,0,1,0,0.058116066509364864,0.07497466007427331,0.21812561272272238
0,7.48,0.62,1,0,0,-0.4197516404402771,0.011153109563409458,0.02139702270834192
0,7.03,0.45,0,1,0,-0.2174236765630535,-0.05907994685956558,-0.06322334948807375
0,8.84,0.65,1,0,0,-0.44012556820979787,0.0035044918832740006,-0.019434502064999398
0,30.99,0.7,1,0,0,-0.2466380704719108,-0.054074446888656875,0.025479241756100692
0,63.93,1.04,1,0,0,0.08045838196956208,0.11998630449626221,0.15585763634325683
0,132.25,1.08,1,0,0,0.1650440448826904,0.3470528344339065,0.03476849583741431
0,9.27,0.74,1,0,0,-0.04194671112193838,0.009054640697860173,-0.11357258822036913
0,17.76,1.01,0,1,0,-0.15582759570058138,-0.1120311734477279,0.06095158961514329
0,17.94,0.13,1,0,0,-0.23907696054006863,-0.04970257632290596,0.1386748082414531
0,5.73,0.11,1,0,0,-0.31289176023538434,-0.018851699886355253,0.044237744053770255
0,39.69,0.3,0,0,1,-0.07644153121727519,0.15947153952609094,-0.04019844274735143
0,17.29,0.92,0,1,0,0.09453378452179867,-0.07449789939971839,0.16909031003186756
0,210.14,4.37,0,0,1,0.11501346808107107,0.1651529145790257,0.04296544170938097
0,44.48,1.08,0,1,0,0.15057797376762275,-0.04606461038640252,-0.1681292749752679
0,33.02,1.68,1,0,0,0.18654334401797235,-0.02590116821789524,0.0775900884508477
0,40.25,0.4,0,0,1,-0.07168330264198003,0.1421267907804771,-0.14973331589542285
0,36.08,1.03,0,1,0,-0.28632166223330197,-0.09342141816826621,-0.09419266100425842
0,30.21,1.83,0,1,0,0.2975050890463492,-0.08980885283244042,0.07776329486610115
0,8.34,0.65,1,0,0,-0.22659724713122303,-0.03086977133228718,-0.0762774255377057
0,10.61,0.02,1,0,0,0.17431053162794985,-0.05935460614817016,-0.3071553817782526
0,32.99,0.68,1,0,0,-0.11374960716580458,-0.10667145958523522,0.10650402659026754
1,63.34,2.2,0,0,1,0.4031296174270498,-0.16278851657314117,0.11306663571499367
0,77.63,2.48,1,0,0,0.13294206601553965,0.14529566957593412,0.020080221246407553
1,5.37,0.97,0,0,1,0.3308519507501699,0.06042898583261651,0.05119080628360876
0,43.51,1.32,0,1,0,0.5874903113657872,-0.27565082053747497,0.024298016516967412
0,19.35,0.92,0,1,0,0.024658471914235584,-0.1801159279733471,-0.07031283418635696
0,19.06,0.91,0,1,0,0.012352724788064201,-0.22040838867946355,-0.08624545815781437
0,4.21,2.11,1,0,0,-0.24890270653075497,-0.06527032440044087,0.029284521224483818
1,1.57,0.24,0,0,1,0.3005181166389976,-0.007363007668687444,-0.07056212564279435
0,10.06,0.61,0,1,0,0.030770332565941208,-0.09696937350028514,-0.04098973083999209
0,35.56,0.97,1,0,0,-0.0011549779667600444,0.04047387691863121,0.06970282058607856
0,18.62,1.16,0,1,0,-0.1182779960180926,-0.08643451759401835,0.03504693782439146
0,14.34,1.26,1,0,0,-0.17360423202823477,0.025440898780511968,0.11838378355318546
0,35.31,0.9,1,0,0,0.02728990490122937,-0.1412157632903518,0.01969784088791884
0,42.02,0.36,0,0,1,-0.05114730371176803,0.2065642399146002,-0.14190868695996245
0,29.78,0.55,1,0,0,-0.0265170090173887,-0.08947853032281966,0.08335746287211236
0,48.4,0.83,1,0,0,0.1274980892366748,-0.024750982330136128,0.24125983396593786
0,45.42,0.73,0,1,0,-0.20404225476520213,-0.08837415431947311,-0.12131780131144684
0,8.11,1.06,0,1,0,-0.2107032330999129,0.10077216578289142,0.07844630849078164
0,26.5,1.31,0,1,0,0.1106330007646609,-0.09272737884898029,0.12667654122487843
0,78.07,1.71,1,0,0,-0.006483760966499971,0.07383847627647563,-0.13475847574737065
0,1.24,0.61,0,1,0,-0.3608158768781702,-0.11033399421713046,0.08556264910845844
1,61.18,2.04,0,1,0,0.3963264023448762,-0.1458661743977263,-0.14352352660061357
0,24.49,0.43,1,0,0,-0.5303872559288446,-0.1389469520753995,-0.06627535016039632
0,37.34,1.69,0,1,0,0.14826558766789152,0.021947147919437755,-0.2732853729761855
0,16.56,0.91,1,0,0,-0.0029382489203263877,-0.20369632652842534,-0.10233022170085818
0,47.31,1.24,0,1,0,0.21024560249682048,-0.1323176806048248,-0.20385375068183148
0,98.98,2.5,0,0,1,0.2428472260764305,0.02594205812791143,-0.04633344411074899
0,57.64,1.26,1,0,0,0.04951336508126328,0.13286766367089145,0.19814928910282056
0,1.97,0.35,1,0,0,-0.4706908725483923,-0.0054804540408364254,-0.013330551067315498
0,0.48,0.17,1,0,0,-0.15406083268875023,-0.10481428626745208,-0.20031314984355195
0,12.32,0.84,1,0,0,0.16905499811181798,0.0017230101239946558,-0.35266154862220983
0,39.35,2.1,0,1,0,0.15467742758704564,0.03273471001317919,-0.30288792684617255
0,38.95,0.12,0,0,1,-0.048315410643823636,0.17037994460040143,-0.11522676322431392
0,123.24,0.97,1,0,0,0.09899512861377151,0.2958866172792374,0.1789666563407823
0,8.4,1.08,1,0,0,0.21144631156320676,-0.10728737135774788,-0.250838521272056
0,96.88,2.43,0,0,1,0.22559158285839004,0.03348154191655318,-0.04395016938542521
0,5.23,0.48,0,1,0,-0.19697617217683178,-0.07500861401717124,-0.14170267784994697
1,45.13,0.88,0,0,1,0.5206063799052084,0.011557092541083756,-0.22129900258265
0,105.91,1.1,0,1,0,-0.15530965285331155,0.08293851116453284,0.15164408785862965
0,0.48,0.16,0,1,0,0.22799684313583707,-0.18882071114609017,0.01946904202729997
0,85.47,2.7,0,1,0,0.08841413102185017,0.07576519399846769,0.00756327744726632
0,4.43,0.18,0,1,0,-0.2357051022611423,-0.09097677960144367,0.053857534106770695
0,44.51,1.11,0,1,0,-0.110321656005798,0.15279179806410148,0.11186331812323146
0,27.35,1.03,1,0,0,0.08095178438972096,-0.10320914024455224,-0.00849175671427867
0,22.51,0.71,0,1,0,-0.22982592346878458,-0.09816518129281865,-0.05324091782386551
0,549.08,1.67,0,0,1,0.3014301509616477,0.24771833823006467,0.019794563932816554
0,83.96,1.64,0,1,0,0.1878378750025411,-0.17807931999881582,-0.06894650456679655
0,59.77,0.69,0,1,0,0.1038463698127917,0.28943316279844655,0.24558009569589107
0,1.18,0.68,1,0,0,0.011495248979909486,0.025544794284453446,-0.17723925136724616
0,25.82,1.22,1,0,0,0.09468615597498642,0.0902916434916011,0.28279992708844304
0,185.06,3.89,1,0,0,0.2418806032461592,0.21712029045622414,-0.12001653862372215
0,18.52,0.53,1,0,0,-0.13893584991521388,0.010695866655317948,0.06744381469956613
1,262.83,2.0,0,0,1,0.29193367674736537,0.04320711000506148,0.24882972523288255
1,310.78,5.51,0,0,1,0.2815598030705036,0.12322101565796295,-0.07384023310705991
0,2.44,0.69,0,1,0,-0.21920694837418936,-0.17749216907743873,0.15549040358453128
1,1.05,0.69,0,0,1,0.3082441947156087,0.0183879828300951,-0.06973725099572718
0,7.27,1.94,1,0,0,-0.2747824515580311,-0.02129823536147382,0.037743680864347616
0,116.58,1.34,0,1,0,-0.04296568509821098,0.35636615354138085,0.11247255639126966
0,92.07,1.73,0,1,0,0.08641155139541108,0.13510557799595121,-0.08341087462474932
0,1.34,0.25,1,0,0,-0.2328785677877489,-0.1825858065772215,0.01716640325086737
0,1.09,0.71,1,0,0,0.019091423831717337,-0.036304907283798815,-0.16339205370144552
0,10.79,0.52,0,0,1,-0.24960523135490895,-0.15788247283323023,-0.02453681088957934
0,42.37,1.88,1,0,0,0.04498579335327635,0.19619654847321713,0.1476173691885765
0,21.34,0.94,1,0,0,-0.35372986636044623,-0.11568272138820107,-0.042599016302388416
1,60.66,1.8,0,0,1,0.34731090913989027,0.01563971307280639,-0.11153680814492453
0,49.87,1.39,0,1,0,0.22358036787936647,-0.07719398942431821,-0.01535395041469998
0,99.89,1.13,0,1,0,0.13755226895036327,-0.0750538237718033,0.15235940179702662
0,63.9,1.49,0,1,0,0.081933649264399,0.18099758672929794,0.22804317789903694
0,122.61,1.34,0,1,0,0.028308907044448762,0.048880749679915264,-0.0427624135293442
0,14.47,0.69,1,0,0,-0.22343111824560496,0.05701842949066296,-0.018607983675743074
0,54.51,2.77,0,1,0,0.2064171131213754,-0.07752972707260156,0.038512188229926636
0,2.82,0.39,0,1,0,-0.31448919225139293,-0.15141665978919944,0.1982775259697567
0,255.26,1.14,1,0,0,0.0374210371847871,0.013977737238075343,-0.024142965544796176
1,317.03,3.76,0,0,1,0.5519601839287928,0.12044013901635311,-0.019383117116825607
0,28.32,1.37,0,1,0,0.0919000165070978,-0.09573779335628406,-0.2032471486335592
0,18.62,0.74,1,0,0,-0.06763642088488273,-0.055034475351531234,0.16332752807964432
0,115.78,1.81,0,0,1,0.112444126228794,0.11348464907993126,-0.04939953870335229
0,16.29,0.91,1,0,0,0.031813757769789695,-0.063299595875904,-0.18614834927913618
0,17.49,1.08,1,0,0,-0.12322167724722581,-0.0020134327064023276,0.11023021984215405
0,34.1,1.28,1,0,0,-0.32422232939917883,-0.18259662874887617,-0.1657701330958051
0,0.85,0.42,1,0,0,-0.13529486124729861,-0.2043043780075833,0.009876695646815392
0,16.88,3.27,1,0,0,-0.05799323216544074,-0.027020945254908058,0.0024692502622994487
1,18.99,1.39,0,0,1,0.34286291744624375,-0.13280376976649175,-0.16331118646384765
0,9.03,0.33,0,1,0,-0.26721649730715086,-0.07154500256832758,-0.027756779277815797
1,31.3,1.01,0,0,1,0.14616960755218042,-0.09194377217741952,0.08772455757594867
0,22.97,1.3,0,1,0,-0.05854376369940208,0.05678454218159313,-0.07611145505120473
0,28.85,0.94,0,1,0,0.14918597836222316,-0.1511134996862719,0.03771447723048794
0,138.39,1.6,0,1,0,0.2604460970194342,-0.017404709751782023,0.058887338594756554
0,77.95,2.23,0,1,0,-0.0565350554842806,0.13225541667595275,-0.10167547135542881
0,40.56,0.43,0,0,1,-0.08889685788896878,0.1579230812316523,-0.1035560721473745
0,39.95,0.74,0,1,0,-0.029626460831653965,0.05889077990471446,0.223775222533195
0,10.69,0.92,1,0,0,0.04937159019350933,0.1973986384766425,0.05780951082552858
0,141.49,1.41,1,0,0,0.009549973061800198,0.19559334708458614,-0.1362345558031418
0,16.94,4.4,0,1,0,-0.02804059393113894,-0.050563016629300794,0.009834725731492622
0,85.31,0.8,0,1,0,0.1730160888246718,-0.08415343597793924,-0.09885146599124965
0,32.96,1.43,0,1,0,0.3463325331789684,-0.07855870717156348,0.17338134696126986
0,17.24,0.84,1,0,0,-0.042307221196356215,-0.24619295764256008,-0.060887895394606595
0,47.71,2.33,1,0,0,0.3574825061206409,-0.14953885946953016,-0.17348709739312604
0,4.16,0.36,0,0,1,-0.12760373949926,-0.06492541450389629,0.011405266968031968
1,61.13,1.92,0,0,1,0.6857567343026986,-0.45058931831831817,0.3143025721816761
0,25.0,0.7,0,1,0,-0.12621942734762495,0.06491302291251834,0.13324666824636897
0,0.36,0.15,0,1,0,-0.2856091762897181,-0.20085739782655354,0.15012131123333058
0,299.36,1.59,1,0,0,0.124211839720341,0.2287960553537586,0.09398843402035009
0,41.23,1.26,0,1,0,0.2552975121048726,-0.2011779691759962,-0.12963513909429347
0,5.69,0.16,0,1,0,-0.11750297358093485,0.14689509990183447,-0.1791610961070322
0,26.2,0.94,0,1,0,-0.055422388811820385,-0.01613425128387402,0.11834922875061411
0,1.41,0.49,0,1,0,-0.3768455050479479,0.03691518218985173,-0.1638122208905153
0,82.59,1.45,0,1,0,0.24410530441246345,-0.23277244709232928,-0.05497208740895072
0,2.44,0.59,0,1,0,-0.2557439277350638,0.05616840734201042,-0.016948273146172362
0,222.19,2.03,0,1,0,0.08493790799305412,0.09784000382235325,-0.04424603067403929
0,4.49,0.49,0,0,1,-0.13497258854475605,-0.05204184482171703,0.03204217465335187
0,38.74,1.38,0,1,0,0.2232095037235702,-0.2705858903908936,-0.19051875059815007
0,12.15,0.58,0,1,0,-0.4152121875770849,-0.06342232914921153,0.10492406341444395
0,4.93,0.39,0,0,1,-0.1633150940826425,-0.10653841276066495,-0.012140368356774487
0,6.86,0.28,0,0,1,-0.14830252873319041,-0.11184775983030557,-0.22515434826270944
0,325.2,1.21,1,0,0,0.03518516128573011,0.2920811639803374,0.12323077616592257
1,201.51,1.81,0,0,1,0.14105803656415014,0.38511594735686294,-0.15635728554094847
0,29.35,1.7,0,1,0,-0.13089543418461877,-0.013630834088181094,0.13640340625813432
0,7.91,0.37,0,1,0,-0.14245321897858637,0.09945391179506405,-0.14539759993064957
0,42.87,1.43,0,1,0,0.11118611316986843,-0.0838367436739904,0.08774928114149254
0,97.54,1.39,0,0,1,0.19290913437842908,0.03457319401155616,-0.0142754165058868
0,42.06,0.23,0,0,1,-0.0637296324590244,0.10284052497327179,-0.042346639768495044
0,48.15,1.83,1,0,0,-0.054499887528445534,0.10814969118499605,0.015388595764054845
0,1.43,0.46,1,0,0,-0.25409619947564493,-0.18903233696899302,0.10677910117879462
0,20.94,0.5,0,1,0,0.01431056537250095,0.07711932573225605,0.10071684069643494
0,6.07,0.46,1,0,0,-0.05819811793532373,0.10452591631317738,-0.1874115434681759
1,199.57,6.64,0,0,1,0.5838748176759841,-0.06655805444678882,-0.04768865138739244
0,42.71,1.27,0,1,0,-0.03589112922579069,-0.16141695833967895,-0.19984944404569904
0,1.65,0.33,0,1,0,-0.39044943124795634,0.03345215693137935,-0.1553406150619078
1,87.95,1.82,0,0,1,0.1857487014299198,0.22245182143754247,-0.16488020517262936
0,1.73,0.08,0,1,0,-0.18488634029763215,-0.17446382418137737,0.010068454824341622
0,148.14,1.53,1,0,0,0.2553208426693661,-0.004112237947162155,-0.12539837404180448
0,98.38,1.11,0,1,0,-0.21410997729632886,0.30268324730596735,-0.10547465795220771
0,28.43,0.82,0,1,0,0.06009461849473018,-0.04999481229941091,0.10744940809735701
0,17.99,0.54,1,0,0,-0.39904259134359055,-0.02888673908711256,-0.02184154945377074
0,8.88,0.44,1,0,0,0.0377940216154312,-0.1058152179364917,-0.11425026778362726
0,1.15,0.66,1,0,0,-0.16725915711037698,0.12537198568424296,-0.0047419366962555875
0,4.71,0.65,0,1,0,-0.20942776924282497,-0.11270573858473422,-0.03686902072661379
0,30.76,1.45,1,0,0,-0.2806095929384434,0.00895004868151095,-0.03193115609038568
0,27.43,1.23,1,0,0,0.05614340827115246,-0.04735318572892206,0.0700484827070567
0,106.47,1.72,1,0,0,0.0597649994220353,0.4018481506101989,0.0977284406761965
0,72.44,1.01,0,1,0,0.01190115042906232,0.09379123540920173,0.11213183276120278
0,39.76,1.34,1,0,0,-0.10618724128607454,0.12402498254934757,0.1470535161542746
0,39.57,0.7,0,0,1,-0.029607599611924783,0.146021252381347,-0.047696157392238474
