is_legendary,weight_kg,height_m,gender_Female,gender_Male,gender_No Gender,PC1,PC2,PC3,PC4
0,13.54,0.72,0,1,0,-17.84045762970028,5.758002458515815,-1.9422710391137934,-1.386546724644705
0,19.04,1.03,0,1,0,-25.067813115270248,6.4099285280004805,1.370119208368061,-2.2531852529670613
0,4.73,0.61,0,0,1,-18.734233428359122,5.771076127474144,1.3132790869400774,-6.888330805977942
0,22.05,0.59,0,1,0,16.71572226865567,18.608617145905054,-2.2280994059284667,0.08070767774752108
0,108.05,1.5,0,0,1,4.962221967012415,-11.780099315837559,-11.712857418537904,6.10942522297979
0,88.12,0.96,1,0,0,-20.556905812005137,2.2844714233250003,-4.343169889549793,-5.06433390477733
0,8.65,0.07,1,0,0,-16.37077571729295,-3.595856345400018,0.3923751337162811,-2.787238581660628
0,55.97,1.05,0,1,0,21.105879393203086,10.057815635905222,-5.52949205499883,10.914793107984202
0,105.46,2.24,0,1,0,50.27725776809961,-26.98147306609544,11.541624992748744,-10.309208100630823
0,21.71,0.48,0,1,0,7.919757759767875,-5.259718556857333,5.421042337076689,-2.170228289763644
0,14.18,1.3,0,1,0,41.48880562117373,-4.667872728853701,21.271126812387006,-17.407073848933496
0,1.58,0.37,0,1,0,-23.25726280468283,-21.469742823718178,-7.8739479342185446,-0.511070605138121
0,40.13,0.59,1,0,0,-27.74361331463759,1.6747780286729121,9.101733789117619,-3.0587893360000242
0,0.91,0.1,1,0,0,-27.40617315068815,3.001421871296991,-2.30765478809371,-6.571375581464305
0,26.13,1.54,0,1,0,9.654303505670944,-8.496891817951566,4.628127544735543,-7.577118698774882
0,102.31,2.55,0,0,1,21.524710871825437,-4.8373010153223595,0.10600361559389604,11.100741730012702
0,46.15,1.85,1,0,0,19.377852244445776,26.293945138869358,-20.738978554604316,8.70166434197274
1,35.14,0.85,0,0,1,6.926742445377775,-0.41687548557403187,5.407211992401321,13.479297903396372
1,331.48,4.57,0,0,1,119.09832645281735,17.754700784898198,-30.62525996851138,-27.63876583476387
0,40.73,0.26,0,0,1,-13.736252450392174,-5.892057031520998,-6.639375318732052,4.047206800999689
1,202.89,7.21,0,0,1,85.15327134483904,-6.8824454850473895,-6.81883338473728,-17.243989575897935
0,10.7,0.24,1,0,0,-25.944858827022117,0.03294777695402082,-0.3851389957477236,-5.224183299368716
0,55.72,0.92,1,0,0,32.65391876103562,-27.399522978667008,29.85670003798197,10.009580954123386
0,22.54,0.76,0,1,0,-18.48165802890311,7.927393542538065,3.6167652806510673,-3.1557839122378044
0,15.16,0.73,1,0,0,-12.787922109605102,14.634732466071283,-1.566486231004098,2.3675432150883378
0,92.77,1.1,0,1,0,13.133425537388394,18.051966930012917,14.228267063751868,-10.647611189597601
0,57.57,2.48,0,1,0,2.527269774247591,-6.352253043167486,18.724610123270896,9.874606010141848
0,29.85,0.59,0,1,0,7.028364092583627,10.582848387803493,2.7912080867274103,-0.13046285288912418
0,157.44,1.23,0,1,0,56.69998674285905,-18.37086703639637,-28.238010575011455,8.576305528603775
1,496.37,7.0,0,0,1,117.2930846163193,20.501389994980126,-8.898703231875714,-43.005856339425144
0,32.29,0.72,1,0,0,-16.719752558734346,-3.5684277814382237,4.871230677150712,-5.432428183111429
0,28.53,0.35,0,1,0,-4.088814647176974,1.4220997523296148,-0.421844001855209,-9.363131386119612
1,1.53,0.35,0,0,1,48.866671203579045,-8.881917440260596,-5.753654652334354,11.237550540254206
0,50.1,2.29,0,1,0,55.30724740428862,9.53983875182536,-22.398906576802727,1.6763870044486044
0,133.77,2.39,1,0,0,5.203876701768905,-9.083198404801676,10.142724116974257,-15.289067732986844
0,303.52,2.2,0,1,0,5.395991030340474,-27.318350444047297,12.44833607917644,-5.990794053251611
0,1.9,0.32,0,1,0,-33.70531076795329,7.131783103227688,1.0557105026108022,-4.377923221989114
0,0.8,0.74,0,1,0,-23.08431997147434,-1.766403415426693,0.06102780658312246,-3.8225322229213012
0,38.78,0.2,0,0,1,-14.934709055089545,-6.0422768256719355,-6.138813525533456,3.7861073496353734
1,58.0,1.12,0,0,1,25.070367152093297,18.911829937795186,-30.27137270053339,6.781842713522188
0,0.67,0.3,0,1,0,-30.6618863659187,5.508482656293721,0.7936784897610314,0.40567779190223807
0,9.64,0.58,0,1,0,-22.771151719296242,3.5197398124889747,10.754125456214346,-0.5711470075802907
0,41.21,0.3,0,0,1,-12.977211352237147,-10.841406838799056,-6.821154633311492,6.331994245132382
0,52.11,0.92,1,0,0,2.38412237663168,-6.1403016223234985,-1.5376792057523538,1.4503663490341148
0,21.6,1.24,1,0,0,-3.3526683475525827,-15.030465067700888,7.369483298343306,3.1424927959443285
0,24.56,0.94,1,0,0,-20.147454229338656,7.756141932908655,4.6693514831696055,-1.5166565546955144
0,0.63,0.37,0,0,1,24.299080793972948,19.786974878257634,14.296485369020722,10.376526185436438
0,55.68,2.2,0,1,0,42.26355111959077,-17.217703935336214,38.37382799844301,10.549179320594238
0,21.59,0.47,0,1,0,-17.097731772576218,1.3746755583376422,-3.35134802252106,0.613214194018507
0,70.96,1.19,1,0,0,-7.2654072836770895,8.082940042533153,-12.339693202250261,5.5842942399726905
0,121.01,1.6,0,1,0,2.545371028690431,-7.729608612989166,3.844139696701094,-8.19623999948527
0,28.65,0.7,1,0,0,-6.848458842951799,2.9317447786948665,14.712402940497642,15.233040015973446
0,81.36,0.12,1,0,0,13.76320028174056,-8.773653547474337,9.51422872203902,7.76258012799408
0,12.26,1.56,0,1,0,47.22334145217379,1.1360519122258168,21.63138031383263,-24.70930987238482
1,29.21,1.43,0,0,1,12.952838975764998,0.8651019757696323,15.26851032557476,17.379811489515888
0,43.67,1.14,1,0,0,-20.76967632103092,5.486884065102406,9.624048503397367,0.5276479576003562
0,36.69,1.43,1,0,0,10.248694099237506,-2.8499867701217343,28.094022660932676,7.290215438089339
0,10.3,0.45,0,1,0,-22.26345014949243,2.1516410365616547,6.053981821612159,-3.046508534436142
0,7.79,0.49,0,1,0,-20.493533364416606,3.5036910825266427,-6.543354590112827,-8.602665704187594
0,37.68,1.71,0,1,0,25.305941127983616,12.659168388197868,13.364196354045415,-0.9678180157115676
0,37.86,0.8,1,0,0,-5.6445760392549555,-12.562119153019943,-6.922090596841592,-4.976457765268828
0,4.98,0.34,0,1,0,-30.29353184509314,7.2060606289423355,1.559761793455241,-1.1152580279827895
0,111.97,1.9,0,1,0,18.71898715403717,-10.102342097475686,30.07707041419587,3.268402142270495
0,9.35,0.21,1,0,0,-7.282340502387865,4.631873587811675,-5.563234003430873,5.7217384542075065
0,43.25,0.37,0,0,1,-14.284352442832374,-10.252350825752469,-8.738153078081062,6.743498420134408
0,2.49,0.45,0,1,0,-30.497913587217116,6.9703480689950235,4.510210757079883,-1.9996017114251974
0,50.66,0.76,0,1,0,-11.893129934850492,-12.816022996696324,-14.434016421490263,-5.160955726554047
0,57.43,1.08,0,1,0,28.6653657939352,12.946816539296913,7.321580940284126,-1.2775139983204387
0,213.19,2.48,1,0,0,-11.408878566440467,1.2995226616885254,-12.336995888987605,9.39387096865465
0,96.04,1.44,0,1,0,-14.491836534113045,-8.196898391846332,1.5062048479938288,-7.48912907697705
0,60.11,1.66,1,0,0,-1.185914912777316,1.4320166335622344,-2.8199167197328276,5.622246033395506
0,31.85,1.09,0,1,0,-22.92487562482662,0.5052411707884382,-2.213849082522784,3.197363979605507
0,54.71,1.13,0,1,0,-7.433174037584065,-19.827283134810436,15.125658974855527,3.9800171532207904
0,34.86,1.98,0,1,0,11.97460410336712,-7.091676461813853,1.0956338881080376,-4.0221553100171725
0,35.85,1.74,1,0,0,15.697135924921769,4.244839029139204,-22.56769104010827,-17.271039259414326
0,41.72,0.76,0,0,1,-10.804330753820182,-6.7099466343094765,-6.974155661424223,5.8464688394497735
1,63.97,1.47,0,0,1,93.57237487786767,56.453772121732385,32.23046200730886,-3.3702780838477517
0,41.48,0.48,0,0,1,-13.335067414549357,-12.234458883247601,-3.366028629805979,3.3471239354404627
0,42.21,2.34,0,1,0,23.96421226492866,16.279847149268416,4.318171907479965,5.183752248596566
0,40.75,1.7,1,0,0,16.716581228192272,21.942043037677603,-18.554271873086865,6.081211020031957
0,17.3,0.74,0,1,0,-26.349009332065005,2.7275617900154816,2.3772745702311586,-5.547220311300662
0,33.64,0.8,1,0,0,0.952588059569464,12.410205809228106,0.6925766659887005,14.916340346701984
0,99.8,2.19,0,1,0,16.990706140115048,-4.735228326268554,18.021213133469793,3.5848865790194355
1,980.7,0.14,0,0,1,-21.155326054439247,-20.47793893087166,-9.83871919756605,6.4679663323585155
0,3.19,0.09,1,0,0,-29.3468534627188,4.3280351381785245,-1.4817781556210674,-4.459258743798069
0,33.17,1.16,0,0,1,30.732470416602784,17.16538923669354,-22.39594773244958,-4.30521037024029
0,24.98,1.61,1,0,0,4.551559337698921,-7.088937401199394,15.538964211180213,-7.336367363771206
0,94.27,1.71,1,0,0,-4.0211609414513365,1.5666807946119186,13.82797009065921,7.162018102356683
0,67.26,1.75,0,1,0,50.87920413258844,-12.084685814148552,-39.159593900699754,-24.343401154654128
0,12.0,0.49,1,0,0,-30.486604439058844,6.137375013239598,1.200043464111471,-2.121016279543991
0,8.27,0.21,0,1,0,-20.833539693335183,-5.7148266793534575,-4.178917332917455,-2.3650094178890635
0,58.57,1.68,1,0,0,6.59838186109717,-14.620513325990007,11.232546865888892,13.982026690051478
1,78.82,0.31,0,0,1,64.32248141653088,-2.274992108986512,-2.11583815529657,-4.158250974114465
0,135.97,1.55,0,1,0,75.82082032456508,-7.230654424640615,35.01926760068213,-8.84871541554515
0,40.25,1.15,1,0,0,-13.738688595914896,0.007786499958738605,-4.808544574423259,-3.2376253324804636
0,1.7,0.17,1,0,0,-29.593587723156975,6.894986545798029,-0.624508793480505,-1.8670518909752762
0,54.08,1.47,0,1,0,9.5658343426612,-12.916086004700832,24.36244424428196,-4.797014884892251
0,5.58,0.31,1,0,0,-24.21956636340742,-0.1388194616572229,2.4695537994611443,-0.1624961140725355
0,70.87,1.65,1,0,0,18.407705767884686,0.011933798886186134,14.777001282780745,14.41368008366064
0,0.92,0.45,1,0,0,-9.412254528673895,1.1298187458406337,0.295507184172492,2.0947248744772136
0,20.62,0.77,1,0,0,-13.709402127254172,-4.332754165509931,-2.625844415177467,-7.592778480899621
0,23.71,1.07,0,1,0,-13.588464930340054,11.438704743246202,7.769606382701072,-0.9101397371631955
0,48.38,1.5,1,0,0,-19.54569627862145,5.880121255297289,-20.823031332010256,0.08230857068919317
0,101.22,2.59,1,0,0,25.685794037232675,-18.298268791027667,19.030912709561413,11.97591075262499
0,43.26,1.97,0,1,0,26.171678955401838,15.43882998821065,4.558789114054613,7.504578888504226
0,79.01,1.76,1,0,0,44.27901365621015,-19.90351427602342,-7.237719633939141,13.850068249413445
0,52.19,0.45,0,1,0,-26.582533799420233,-8.603201084354188,-4.376867027402217,0.9990488156744342
0,17.6,1.33,0,1,0,-13.13819270772314,12.425139753567178,-0.4365680347070028,2.1696346748981927
0,10.69,1.29,1,0,0,-34.1682812543011,4.666389939729725,1.315992392816111,-3.5248005678868517
0,87.68,2.25,1,0,0,5.530438637738713,1.0867118670257356,14.263688100869777,4.347255068312049
0,34.6,2.27,1,0,0,16.201736944291707,-0.6535325670400051,-8.1990620825132,-9.153325915173383
1,39.69,0.83,1,0,0,36.093387836017456,-0.6244808244044082,-9.404870880880965,21.57051664037024
0,150.58,2.24,0,1,0,25.227425811684764,7.989935782891651,-7.653149110557542,-3.744363561338613
0,2.35,0.37,1,0,0,-33.574418894889966,6.788921532255281,-0.2981955559070034,-4.145673326375152
0,67.9,1.33,1,0,0,-23.754029448580077,0.8357904267573126,-3.812396570529149,-3.930103008246651
0,102.32,1.48,1,0,0,12.271268108611295,-4.415130221955213,26.267887733429678,-18.767212717535443
1,23.59,0.54,0,0,1,57.41964974823937,-3.097669702483773,18.465138918287337,5.664795135109684
0,55.58,2.43,1,0,0,-7.067175852334721,-32.46799700363136,-14.77176508175384,19.696166323140236
0,12.93,0.85,0,1,0,-19.729442510363018,4.531924645610026,6.332530646692622,0.35765306625588017
1,175.01,1.84,0,0,1,11.578068125775177,-16.077338734413,-34.80218467781915,13.96082240003573
0,6.03,0.14,1,0,0,-24.529455735746993,11.42913628412301,-4.5448195306041566,-3.347715357319002
0,6.48,0.56,0,0,1,-20.7948593431224,2.753705042011874,0.9153522526736867,-7.730332737982923
1,1.31,0.49,0,0,1,41.42917114191636,1.48275789694587,-3.938660406163028,15.567995507432814
0,11.52,1.42,1,0,0,13.798651108327496,-1.9897503314841076,-17.774064222381693,12.062286007737825
0,19.06,0.67,0,1,0,-12.186422805165703,12.33010250461445,-1.332828128856251,1.8808269865980314
0,45.12,1.53,1,0,0,11.017838688219475,19.966608538240003,-11.436861942187893,9.6571640172198
0,32.83,0.92,0,1,0,-29.252544918882645,-1.1697458543671384,1.2359839762471378,-6.501876572852321
0,1.42,0.15,1,0,0,-24.10643977589239,8.068090842577266,0.6092753077530741,0.4812307618997779
0,68.55,0.25,1,0,0,-25.962496183668527,0.0726538420113906,-2.424887676700733,-5.7939273957496775
0,6.07,0.67,0,1,0,-26.78871526184075,2.0408035524935704,-2.066514549058401,-4.489675711729812
0,32.89,0.95,0,1,0,-16.784755491894888,-0.9811802883802604,4.574824164996262,-6.754602907779332
0,41.34,0.44,0,0,1,-13.179895805438122,-9.217201280784161,-4.994433511707831,4.510964821514867
0,76.2,0.8,1,0,0,9.013123943610351,-13.76430012667442,5.212518442170984,9.532790173693181
0,5.85,0.32,1,0,0,-27.244288783369683,3.7414946633216384,-0.220920854057565,-3.8139268576606202
0,16.86,1.19,0,1,0,0.3254866194748728,2.6452101765732183,5.5166649154179055,5.633486759135616
1,60.75,1.92,0,0,1,64.90862302107058,30.73748456676817,16.406647410972482,63.364751048149806
1,333.33,2.9,0,0,1,85.68235908213326,-20.965056514036313,-30.094681471544238,-17.82714018738455
0,256.51,2.38,1,0,0,-9.909281232360158,-5.823064441460306,11.843703380106259,-10.041982815018589
1,56.46,1.66,0,0,1,30.729934285341166,-11.790798581246674,-14.624480426402686,9.883043415505155
1,199.88,5.8,0,0,1,87.81936603821535,-2.7553358804960695,-2.140507945380102,-14.481143381017928
0,6.19,0.87,0,1,0,-16.71398461582645,-6.25031110118183,16.265625575732773,-7.463007863663229
0,161.64,5.86,1,0,0,8.540931738392183,-3.5936800806010876,-17.34504631525991,7.062189168889368
0,44.62,1.97,0,1,0,12.845662301515842,2.4684433797440524,-22.454362601917712,-13.490511125138225
0,32.77,1.51,0,1,0,17.172423383695953,1.0396675643435114,-5.654513201421339,-7.680851585306595
0,39.43,0.41,0,0,1,-11.951002349510587,-4.841875369402805,-7.429859850329855,2.77963431718036
0,87.02,1.8,0,1,0,4.379521502907829,-12.880019315165889,19.382443767063823,8.883130541005805
0,2.94,0.53,1,0,0,-30.404155134408647,4.873494515051,0.8582500317936705,-2.4866145180836705
0,20.68,0.58,0,1,0,-24.477026730522297,5.405370910461698,3.7982938759813423,0.40113640249977145
0,5.48,0.39,0,1,0,-28.491870343238723,4.402286213087494,-0.6744292075919769,-5.133964952974889
0,22.0,1.37,0,1,0,-20.38245118493282,-0.98619787543336,-0.14421175607414433,-1.2517601077717557
0,31.76,0.76,1,0,0,-22.203264753360045,5.274449436217213,0.1308615139826964,-3.4379194269000637
1,23.98,1.64,0,0,1,79.38909630736862,59.87428936101673,20.14902737886684,17.44224314664491
0,113.02,1.63,1,0,0,-15.586940497040805,-13.27515503229231,6.2090941111199,-5.829097940072009
0,135.1,1.55,1,0,0,-1.1041444114573038,-12.227143205705337,-11.348294529619853,-4.999740718820351
0,97.72,1.71,1,0,0,-2.520929834997295,-21.414123162451098,4.320913633779047,7.916276735881864
0,29.29,1.61,1,0,0,-1.1740773783733804,5.045113414718844,0.7141342955928163,12.427846586633512
0,98.54,2.43,0,0,1,24.263637797675326,-6.364952130165051,0.1582439520137911,6.702617355169229
0,66.59,1.99,0,1,0,-15.580318219928369,-1.0573612285394838,5.392391233678137,-6.692253876436799
0,18.78,1.23,1,0,0,-0.36389361930721437,5.202912267652272,4.3850067751789865,3.1676151547453744
0,69.06,4.06,1,0,0,-0.3555278778953054,-1.8001898852013534,7.851210131382585,1.1167691446849992
1,230.93,2.01,0,0,1,23.52911006434158,-60.05007530587673,-1.4516161205757485,7.458032140725228
0,6.62,0.61,1,0,0,-26.793552638209587,3.455376258852775,-1.1717648083615884,-6.646296086853853
1,197.64,4.95,0,0,1,67.72141773799964,-13.17578504246397,-20.868276948222032,-3.879608061811573
0,5.45,0.51,1,0,0,-23.216116678439548,11.890335992178311,-3.290256522244616,-1.7960920050125408
0,8.76,0.77,1,0,0,-24.109669966601015,6.875788613487415,-0.0048371004319902045,-1.760567917496614
0,39.78,1.72,0,1,0,4.947672943200113,13.152319151340668,-2.8234061596334428,2.9919093113849113
0,5.02,0.22,0,1,0,-26.688234184635856,9.038787359661546,3.004546978439927,3.2940795520088857
0,7.2,0.32,0,1,0,-25.598992184334254,3.012062729270555,2.025853162088512,-5.823604640165949
1,213.44,2.17,0,0,1,37.69622126237741,-1.642788205904496,17.151717686238655,2.309276905303073
0,2.6,0.41,1,0,0,3.8959996973233695,10.769977755808036,-4.693961513674345,3.7137780456045286
0,98.61,0.27,0,1,0,-25.67756663585245,-10.95870249491614,-5.198783432023148,0.5644437301670109
0,0.64,0.13,0,1,0,-34.00129542930595,7.011712562033184,0.6097045989941776,-5.519772374998863
0,28.92,0.48,0,1,0,-19.61088440784705,0.7671899820992036,14.49077708936121,-9.652477804825477
0,15.51,1.03,0,1,0,-22.384442539070534,-8.616869314563882,2.904212517304438,-5.612452698601103
0,30.18,0.98,0,1,0,11.395468307671155,10.216105344750611,6.825072247155447,1.3289415490434742
0,8.87,0.54,0,1,0,-25.277072888584133,8.129702352411181,-1.6830459255908163,-0.5819503652828328
0,4.64,0.71,0,0,1,-20.83106038632554,5.5360201568788945,1.3105839275095927,-6.343897996053264
0,25.09,0.75,1,0,0,-35.3415935514822,6.443071444774821,-0.01183169562680797,-3.9635967804206436
0,3.61,0.19,0,1,0,-34.456816031291375,5.579640245312528,1.8072652057398466,-4.744975818753259
0,22.62,1.31,1,0,0,16.796853109592977,27.779428779897263,-5.121621557456616,8.055058925105936
0,132.68,2.8,0,1,0,-15.944536582163103,11.176618301225853,-1.1513567702112584,-5.29585387185196
0,44.63,1.42,0,1,0,30.864503967303104,16.793970396033313,-24.49568232083055,8.699640639770193
0,47.14,2.14,1,0,0,-5.045806517273696,-25.350516058492005,7.579080223207514,8.841300607738168
0,16.8,0.63,1,0,0,-14.132495268007272,8.681061734265299,-4.305122717176246,2.0563228787777863
0,72.0,1.14,0,1,0,-16.23891674534419,-2.1175471765394667,7.509176345768839,-7.024026794375818
0,499.15,1.49,1,0,0,3.091254806272625,-58.285589315431594,8.45188818528211,-10.124747683822653
1,19.55,1.05,0,0,1,47.064788931427735,19.466612727694695,-30.323908191622674,1.7930374875524409
0,119.89,1.85,1,0,0,13.71761737287,-21.117495439020065,19.116993892732992,-3.8581943315381193
0,31.94,0.64,1,0,0,-25.22616295398077,1.3736931206388612,2.484214302838037,-4.714893245411703
0,56.35,1.79,0,1,0,5.779250130991079,6.467996988762541,1.9331880331909126,-13.278080594676714
0,38.7,0.74,1,0,0,-23.178076972252082,5.278103460388122,9.249982067245831,0.4833643008653464
0,14.15,0.7,1,0,0,-25.877395392507342,8.022959139657221,1.1184065387854125,-0.6687669442732203
0,7.0,0.26,0,1,0,-24.267635991363,5.172570485456797,-1.6393571403914737,-4.344531699505429
0,159.83,5.88,1,0,0,2.035817826837338,-1.9884383199810067,-19.670633974519816,8.988793689519017
0,208.14,9.25,0,1,0,-19.134570968813307,-16.633876686307563,0.2812412913468376,10.95451029324839
0,39.8,0.35,0,0,1,-15.154437654648614,-9.06008716652814,-7.4276865675145665,4.587010950605555
0,51.73,0.99,0,1,0,-5.132589722501843,-9.699601017183545,7.987064329605632,-13.348790209159109
0,30.33,0.67,1,0,0,-10.561092028928831,0.23521311827231056,4.958232646206522,-0.18760294763970803
0,0.74,0.03,1,0,0,-21.872860841053125,6.795345064533273,-6.825268730895233,-1.2450473841264051
1,36.28,0.64,0,0,1,14.81877194267373,2.3095787231280074,12.768460186548584,16.795523289118638
0,5.77,0.25,0,0,1,-21.13240357004188,5.54649914616799,-7.402623001226867,-3.85043567371532
0,49.48,1.2,0,1,0,1.4150814015260922,3.673338889492408,-2.743971755258466,9.720192789839382
0,17.89,0.25,0,1,0,-29.857438890095175,-0.7379231215979003,2.907893447357432,-5.610581674226384
0,42.33,0.93,0,1,0,-27.759116248680893,1.7213711280678226,2.503149323938808,-7.165608539508088
0,84.2,1.17,0,1,0,-32.69202479463182,4.631489204075228,3.5545328557099785,-4.937615643295688
0,94.45,0.8,0,0,1,-28.345816831990607,2.7747258830570782,2.5421835655554306,-5.039486037591679
0,6.95,0.35,1,0,0,-26.850464412395883,5.148662827711732,0.5308875542186994,-4.364181901604377
0,3.36,0.48,0,1,0,-27.912306334458464,3.2548814202386604,3.077299491083576,-4.0254252500005245
0,62.05,0.9,0,1,0,3.166127399256878,-17.36673215292358,14.380209859571403,4.821500334473042
0,101.99,1.67,0,1,0,47.15187224410015,-27.17731052925248,8.538819161743042,-17.6483164143851
1,25.87,2.23,0,0,1,69.27766036827825,49.131366866561066,29.61260746528102,20.67953492908928
0,8.13,0.62,0,1,0,10.650030133501469,10.039677407216852,17.359407718695984,15.577211611534391
0,113.31,1.99,1,0,0,3.806670279833264,-30.923829407325695,-5.122558832687162,4.401057238810521
0,12.2,0.71,0,1,0,23.68015409340096,16.156533567446417,-20.21108001822465,-0.07446594368475534
0,98.66,2.6,0,0,1,32.666535329222505,2.4507335952228253,-6.028146129391106,1.067716906645048
1,199.35,1.68,0,0,1,49.87756179636344,-23.98173915183996,-21.58499055507302,-2.125992194824792
0,31.25,1.08,0,1,0,4.798470139750234,-6.059982996933862,-16.88806773394469,-3.9571861838616083
0,30.27,0.8,1,0,0,-26.81118882409528,2.9303878135286228,0.42980079928128234,-2.370778619715104
0,14.9,0.99,0,1,0,-8.465626832925047,9.091804332537569,-6.089626036116491,0.17884927630051123
0,28.84,0.35,0,1,0,0.14226977471250518,5.609922451508398,6.886569196070285,4.889462213706737
0,132.55,1.93,0,1,0,-0.6701320434298191,-7.149857528624081,17.62378880835088,-10.351530694871625
0,9.05,0.34,1,0,0,-25.884025225227127,0.10168763594559271,2.5472112546840933,-3.7464042191948295
0,83.48,2.35,0,1,0,19.6117675793695,-7.976283736442817,2.5652254471775366,-15.988257120380391
0,36.09,0.86,1,0,0,-7.013696328834949,2.6771638454936633,6.609409314208616,-1.1144454184143555
0,38.44,0.19,1,0,0,-24.727158351187615,4.243385216456216,4.257164363998059,-3.1440680694105985
1,1.14,0.15,0,0,1,46.60778111919554,-5.781674575689232,-2.106617319432583,8.393649545453943
1,942.43,2.94,0,0,1,84.08721301251539,-42.848146849654285,12.841192270931353,-2.4898181332635536
1,83.86,1.22,0,0,1,56.08267540091828,2.442070360228889,8.429690800320166,6.605744575937957
0,50.17,0.87,0,1,0,-9.43939988943134,-6.221913175286376,-5.700496201710433,-2.8206026110929585
0,44.6,2.06,1,0,0,13.829195497837736,-0.8974342233362684,-23.745260025791712,-15.876988075365848
0,8.51,1.17,1,0,0,9.351405782759167,-0.20746145818136216,-17.47663080818855,8.97359098050072
0,21.81,0.18,1,0,0,-20.49671155378487,-57.57987683162003,-33.717342159595326,26.65314451221767
0,61.26,1.84,1,0,0,3.44776592749238,-7.5196145080827295,2.742114503359367,15.507785243681493
0,2.57,0.46,1,0,0,-34.73735258315653,5.262100406530889,0.48402109733795484,-4.36411014768821
0,11.78,0.62,1,0,0,-15.20384381719291,6.274442367779839,-4.078008604533136,-8.5972045474238
0,66.24,0.81,0,1,0,-26.291517587427567,4.56912691592842,-8.242234097141116,-0.012264051148519584
0,51.51,0.73,0,1,0,-12.037138895202084,-17.90835585892078,11.64217091479716,5.142039666453529
0,28.27,1.65,1,0,0,2.566251254088365,-27.251333380436666,-18.134821551686464,5.677781282363389
0,8.16,0.95,0,1,0,-27.351118504256284,7.821269052726584,-1.505794790453372,-5.164543552385212
0,99.03,0.46,0,1,0,-15.354099600200765,-7.53510113747272,3.7436395621468543,-7.532882591755582
0,15.04,0.51,1,0,0,-26.153366748561332,7.6498801033364705,0.3221001328935829,-1.9000824748068212
0,0.93,0.22,1,0,0,-24.521078340948907,9.364018948619755,7.160123106953457,3.783068427859187
0,22.61,1.24,0,1,0,-16.553117009731388,1.2248164566755715,5.42540686408088,6.991827484844042
0,63.09,1.16,1,0,0,3.4370467307049393,-13.90590776176344,14.20006130959005,-0.627831586065075
0,138.3,2.21,1,0,0,-8.834332570446657,1.3927163109485803,-12.663481206855266,-2.117403043681678
0,5.5,0.09,0,1,0,-19.005131861009957,7.521380917916986,4.8861783285407565,2.7953584493170305
0,0.63,0.46,0,0,1,18.237437709865645,20.284978534869115,3.23402276059758,7.814760297281337
1,179.87,2.23,0,0,1,19.094626279947985,-28.810985376452987,-46.267646849308406,12.51539195532071
0,14.86,0.32,1,0,0,4.786266556089924,16.190161327776572,0.1609050583793939,8.445998260347919
0,6.99,0.3,0,1,0,-23.958109578941343,1.0020418488977945,2.275105630212977,-1.7484286885020357
0,13.98,0.77,0,1,0,-29.503205135572657,-1.855586495349053,-1.4584207595975431,-0.8024093222116004
0,8.1,0.03,0,1,0,-33.77096050621657,5.058888242944778,0.7013870745753314,-2.5580577293636155
0,7.63,0.81,0,1,0,-3.733787253319873,4.5075683054480455,-9.794727594749094,11.598457634718029
0,391.63,9.69,0,1,0,-4.1464675178411525,-49.30925838152569,-5.542806211218734,1.0749321778384555
0,320.88,0.84,1,0,0,44.18952235753604,-9.475196414856828,-30.206847719301308,-44.601673702158436
0,11.52,0.68,0,1,0,-34.9723525572081,5.16983856248582,0.9797526257310882,-4.2682808383809085
0,10.21,0.78,1,0,0,12.6096502647477,3.603720188723937,-26.098546251409388,0.15646350849226298
1,997.36,9.07,0,0,1,19.820752595244024,-21.866555090437576,-6.5734650616103405,-5.9072021364365135
0,0.88,0.21,1,0,0,-24.072226268541986,6.149851486491742,0.3983404958487178,1.6089380792066614
0,3.25,0.3,0,0,1,-29.350161294717953,4.998992665925118,-0.004208506953505942,-3.155468883469786
0,156.39,0.84,0,0,1,7.221340253769003,10.115749961671911,-11.641703939834686,13.545626886663088
0,25.0,0.59,1,0,0,-12.951572819886401,9.958801312846171,0.271251259165309,-3.6469155556345667
0,38.1,1.43,0,1,0,23.654946620447255,27.792660075467417,-24.84465158065824,5.315569694457021
0,0.44,0.1,0,0,1,22.400769296299313,18.059275961232725,9.330123193899048,7.407423470322146
0,6.22,0.49,1,0,0,-29.71309386657764,5.344790035691861,4.282857816247494,-5.492727711652277
0,501.9,2.2,0,1,0,8.340427786388684,-55.408069666756774,14.173698587876965,-6.807415267145387
0,17.52,1.19,0,1,0,-13.004152938323163,10.233097794892675,-4.6904696346258685,-1.8830398320061956
0,156.03,1.4,0,0,1,-8.725198627442104,-7.511446855073626,7.683260022643819,0.9982771759547515
1,197.51,7.9,0,0,1,84.65557703955805,-8.81353615496172,-1.6850885324932334,-14.800703574752518
0,6.88,0.9,0,1,0,-21.861825045786844,3.746761936158049,5.096965379275808,-1.782578184016124
0,22.96,0.44,1,0,0,-28.734078642200615,6.508372572664229,-4.288248120219652,-6.586747912516775
0,19.26,0.63,0,1,0,-23.618764136876603,1.19956396858989,8.266431605954848,-3.7035758195312733
0,44.05,0.25,0,0,1,-13.689824647170788,-8.499825428740024,-8.191359827441747,6.82984542545901
0,27.84,1.55,0,1,0,-20.100408206844154,4.153575747439185,-2.530037425466117,-7.782089660898217
0,29.24,1.77,1,0,0,-3.996079589489126,5.239150329025345,5.208250356174153,8.114508932634532
0,3.67,1.63,0,1,0,-20.951009994115,1.6110334315142814,0.7967240572327019,-0.9361846760483116
0,7.95,0.46,1,0,0,-31.479520487681484,6.221474492110907,1.8884894870382216,-2.4808436332113124
0,3.33,0.57,1,0,0,-33.9208603461826,4.47949705827177,0.9445631238016686,-3.8572618400148206
0,36.61,1.23,1,0,0,-5.385269445415439,6.677066625729693,8.1683904849217,-0.8894121572615459
0,28.0,1.4,0,1,0,31.983109131519605,-15.744030196306115,32.21670952421067,28.54109547835971
0,50.36,0.76,0,1,0,-10.466571396830265,-6.520281540912458,-4.506725875643214,-0.5600888284838872
0,9.64,0.81,1,0,0,-22.590610819625894,2.083659494885543,-2.45615232675837,-3.2423020772969684
0,17.49,0.22,1,0,0,-31.087835711789005,6.3100866573258765,1.80127018555683,-0.04231914578593754
0,4.36,0.12,1,0,0,-29.086824064550854,6.465880510250456,1.2327811669417332,-1.6243896575604646
0,18.89,1.39,1,0,0,0.2064277850743274,1.2746231762293991,10.320359778307783,3.9418608087071525
0,5.76,0.61,0,1,0,-26.825888957976485,3.211447131639968,1.945450919416294,-0.9729538145733929
0,6.19,0.57,0,1,0,-19.93711130233389,-6.275915222688642,-6.29123790590747,-2.5620601346963956
0,117.37,2.0,1,0,0,22.304035702976815,-2.0340006368379857,-11.01475214136501,-17.442634342882027
0,15.98,0.39,1,0,0,-27.601470258555473,6.763505900116834,0.5951159432000157,-2.129723608631761
0,25.75,0.47,0,1,0,-16.218046075866372,12.52149266605453,1.6957512657492397,1.1782412144525958
0,4.05,0.98,1,0,0,-18.283751251542093,3.315871422135894,-0.9066461123194902,0.4098409548891838
0,48.8,1.51,1,0,0,-20.77877168187982,5.138268883734177,-18.02555082155753,3.176951845214672
0,53.83,0.8,0,1,0,-7.995764095516077,-8.540404963209866,4.711667114789922,-4.008467576284224
0,1.16,0.28,0,1,0,-30.17392642467005,6.368709372187832,-0.2674286319104935,-2.326884798940002
0,924.01,2.56,0,1,0,2.3014751379387652,-21.841303459838773,12.699520582379073,-14.296018665782192
0,5.12,0.52,0,0,1,-15.356134737273832,5.6272800845627415,3.174818332182548,-8.423711861503202
0,18.2,0.72,1,0,0,-21.01601811058158,1.817993818438622,-6.887972405144858,-0.1785487384900371
0,2.91,0.4,1,0,0,-34.057732510591215,6.1903266755994295,-1.4018671149976383,-5.114281816603457
1,210.45,3.24,0,0,1,85.58551977650298,-5.888645783135404,-25.341423787878405,-22.499403250722718
0,20.57,0.96,0,1,0,-23.98866560247427,6.604163004489368,0.5153768552189757,-3.826780129268834
0,0.23,0.12,1,0,0,0.807295882391649,1.1153251189823938,-13.66905281945116,13.637507692476605
0,38.95,1.76,0,1,0,19.297074652742943,10.2785267435158,-21.114294024046167,8.059936886985994
0,4.21,0.13,1,0,0,-28.21578521739515,5.137316873880866,-5.4273372976607686,-6.372540776109029
0,62.47,0.37,0,0,1,-30.859583071641513,-1.4372916031112601,-2.462488166481901,-1.1924901609271426
1,7.41,0.32,0,0,1,53.56961981063607,-1.9171858784296636,26.33772831263395,18.394675836197262
0,17.34,0.2,0,1,0,-26.031239432461113,3.802156063153153,-0.18088440103513959,-3.077839240247229
0,102.96,0.87,0,1,0,-17.32810819817264,-16.233558480798635,7.531681941030861,-7.7027181563354254
0,2.19,0.27,0,1,0,-27.690001564807993,2.125073464913014,0.8971227139326514,-3.545209534748144
0,4.86,0.51,1,0,0,-30.048295894317395,4.0735465901238515,-3.5934624812557368,-4.569250585447841
0,81.38,2.08,1,0,0,15.408705209785136,13.381328074260292,12.546780473001256,8.519555700673223
0,117.38,0.53,1,0,0,-11.554683776470442,-16.042478997875396,6.892068744794682,-7.876982795551451
1,179.83,2.26,0,0,1,24.488188051707127,-18.91396582227274,-11.047202889125595,15.297575138038248
0,23.43,0.95,1,0,0,5.311800417747609,-28.1679249656553,6.2752644103500055,-3.54841636596192
0,5.77,0.92,0,1,0,-26.28630363493817,5.5148715902092675,-2.936485080555767,-4.672254708569836
0,18.54,0.76,1,0,0,6.241252346750256,15.914319312368685,11.865432146836527,11.633773055010467
1,176.7,1.81,0,0,1,41.671005093395536,11.335084651221928,-22.512036555025226,4.928601794406163
0,30.88,0.71,1,0,0,-12.360998158365465,-2.038785023370986,5.055076790558883,-4.013879110127752
0,30.97,1.05,0,1,0,-4.105949388403984,-27.651228667426928,1.9997498251154777,6.92228900487695
0,79.99,2.29,0,1,0,-11.609145859573472,-14.878751252962449,-6.547847393304706,3.613514479131652
0,7.62,0.62,1,0,0,-5.92719429246962,4.031086227048693,-0.7240531408194947,14.518928738864567
0,27.89,0.68,0,1,0,-26.923728693100642,2.5234986110398743,1.30104582717797,-3.8971679486082356
0,13.48,0.85,0,1,0,37.29585181676669,-15.105810154156783,21.00693932763596,-20.519867055905728
0,30.34,0.88,0,1,0,-4.706181060956896,7.1725125663388685,4.31232959771461,9.536982718646538
1,257.89,1.91,0,0,1,34.234160492682,-3.8034391944919745,13.762869554785924,20.57356326971325
1,0.14,0.33,0,0,1,47.32786609316999,18.54584209335462,6.871263730157665,3.1533384123740067
1,0.12,0.02,0,0,1,-33.939653225154466,5.4095819655314905,1.0488879693081676,-3.7284633865433894
0,17.84,0.74,0,1,0,-9.598240200979621,11.447832562446424,-4.966152325675368,0.05871016451371463
0,26.65,0.32,1,0,0,12.455997968257957,12.125780671395871,5.118637901248869,9.577846612107821
0,16.16,1.28,0,1,0,-11.410120530462324,10.99312400279138,-3.667479200177526,4.803906848877497
0,14.04,0.91,1,0,0,-31.935559020781707,6.081071758795522,2.016272751467494,-3.6236090138462487
0,142.84,2.01,1,0,0,15.583158414659325,-2.196132115669238,13.761759178634485,-17.300320838366016
0,154.21,1.55,1,0,0,11.07509461059408,-5.956841501876543,-13.372932754365525,-8.389215405949313
0,31.93,1.2,0,1,0,-17.700136529117213,-3.987672694024887,6.424909654441929,-7.947871869373466
0,39.31,1.77,1,0,0,4.371888935350542,4.979439607016785,35.947520266795536,22.343438534709488
0,40.92,1.34,0,1,0,23.565545224966076,-5.759016296413745,4.1944429670345995,-12.734633485157241
0,45.72,1.36,1,0,0,17.447781218784257,4.333087771474458,-20.198616273811307,-18.51160188189156
0,15.64,1.53,0,1,0,-14.58400479695518,-4.360472540685904,-0.8405674008504913,2.2477171049698166
0,2.67,0.62,1,0,0,-5.213042866657605,9.441181683888537,-7.301930501074757,2.621862026492929
0,5.85,0.48,0,1,0,-22.62601206839453,9.169778309944785,2.8255138902764885,2.533499830860581
0,10.16,0.89,1,0,0,-3.8752918452744884,3.6774811703021135,-8.320346842513857,15.647833492043242
0,20.8,0.61,0,1,0,-29.509007641976524,5.0230371297671494,3.7034422899468336,-3.6698862123626252
0,84.86,1.69,0,1,0,-4.9680969890749385,-6.104724653550718,-3.336472815393378,-4.5674238700083
0,13.71,0.49,1,0,0,-30.74085601619692,-3.9490807640166623,4.976211989920008,-6.520848215595654
1,259.86,2.11,0,0,1,32.30576570129106,-26.079456726846974,4.818813743308003,9.283373061671654
0,4.39,0.32,0,0,1,-20.480350790074024,5.429898762910584,0.3947368387764942,-7.183207644943617
0,85.82,2.06,1,0,0,5.954751250490444,-5.739317716148231,12.706358756045999,-1.1672889169665228
0,55.91,2.16,0,1,0,73.70664347971193,5.6572173168486435,18.423150177170644,-17.17516557330366
0,67.75,3.54,1,0,0,-6.094137543722967,-3.7424695452923515,6.142455359426071,-0.7001591499039316
0,3.42,0.45,0,0,1,-28.1443201557112,4.250866250894104,1.1577185751407133,-1.6103158041555798
0,20.89,0.92,0,1,0,-33.075010062901136,6.425326895885538,0.9463870011352639,-3.674528843354017
0,41.92,0.14,0,0,1,-15.02667613025206,-5.3477826530962,-2.158524581675088,2.6040136212443104
0,49.74,1.96,0,1,0,-3.719204115409689,-27.709063910357447,6.044767647870075,6.271839570201479
0,39.86,0.37,0,0,1,-11.674339577758893,-4.156443228922771,-4.573580589355315,4.585777672809232
0,318.51,2.25,0,1,0,34.54491900383224,-19.147943697310996,-23.53462985762463,-35.53108122551331
1,78.0,1.93,0,0,1,49.198956943400816,-6.321768134355476,-6.253070028121499,6.492482395564065
0,54.83,0.55,1,0,0,-25.06356250852183,-10.988941439068702,-3.933801177022501,0.6962106393311837
0,2.32,0.44,1,0,0,-27.78307577227334,2.535183602053209,0.9489836142929435,-1.2607668697262358
0,33.78,1.22,1,0,0,-11.718586378758758,-5.308156696316373,7.548570214083488,0.5951625185664533
0,301.65,3.49,1,0,0,18.968058755411548,-11.720898743381161,28.59277617988259,-5.7785695894255005
0,32.23,0.84,0,0,1,24.638075271391916,12.59185704859711,-19.819964857060995,-9.942910694949427
1,33.39,0.65,0,0,1,14.9349481882125,7.715924049616377,14.756435317892986,20.750591472817035
1,5.02,0.46,0,0,1,40.53615117101986,7.052233685806905,-30.555527713032543,6.906935458553682
0,15.61,0.77,1,0,0,-20.184415673980062,3.339025919754009,9.199539042496122,1.6425919452937445
0,7.03,0.11,0,1,0,-25.14482654432761,5.225546869035393,2.5328134743628166,1.2130638268734082
1,428.37,2.06,1,0,0,44.70647287463783,-11.951031580486669,-19.934100098914772,0.7338138306780959
1,68.75,1.84,0,1,0,66.68036950675835,-1.293219297570521,4.681668768707774,-2.6843815626918874
0,74.94,1.71,1,0,0,-6.427318612897447,-1.085165968021104,-5.2322556081465414,2.4580678232100683
0,87.18,1.27,1,0,0,28.871615889168556,14.134858855169442,-1.187550042954253,24.401255395324778
0,96.65,0.85,1,0,0,-20.736701002361055,-16.845139047240135,-8.948704987861666,3.699770064199428
0,6.93,0.28,1,0,0,-15.34832066124149,-8.815510573826115,-7.683724139617132,-0.5240429749983391
0,1.8,0.57,1,0,0,-4.049590203917116,13.326615610376237,4.323399389227585,-0.9634633350149043
0,40.59,0.24,0,0,1,-8.748543891194144,-9.787631834150002,-8.754512313153166,5.278202684699193
0,12.53,0.75,0,1,0,-20.556924915000828,8.68695561458906,-0.05782703226328928,-3.1633290425312657
0,95.7,0.83,0,1,0,-29.457269617548196,0.8026023500559218,3.612324355102353,-3.7189837864463877
0,104.03,2.55,0,1,0,3.222795734188669,-8.254322026360198,23.81466750840968,-20.533036442143413
0,6.53,0.42,0,1,0,-23.45917510115784,8.894570789150537,5.027118707309204,6.107292531375129
0,23.26,0.92,0,1,0,-18.8994617676495,11.231261352276933,8.419019363327557,-8.864821440022734
0,24.17,0.65,1,0,0,11.787108318876186,31.224610934773477,2.304505515871018,19.083285226980095
0,108.89,2.61,0,0,1,30.823649732529603,-2.6508888891933537,-4.285792278679036,11.377208330541437
0,22.52,1.4,0,1,0,6.029729411385117,7.693956054889897,3.767257602832844,2.5834999829279344
0,39.34,0.56,0,0,1,-14.346317979449681,-8.543230701432934,-3.4838950342278645,2.7054571505288068
0,33.66,1.37,0,1,0,-23.922986998714183,4.934897802361921,-2.922987884627297,-2.0042417660995206
1,33.24,0.07,0,0,1,12.605494529877886,6.263876621027529,10.084864274171526,20.77212257056218
0,46.49,0.83,0,1,0,47.61414335225959,43.94209608005446,-28.35400762300298,37.02588292552764
0,28.99,1.01,1,0,0,-16.361335620701702,2.3401621028942703,7.8919246784551875,2.465033676715898
0,3.04,0.36,1,0,0,-33.7136518233134,5.680533855620629,0.7488415085836402,-3.6701089895790666
0,8.97,0.47,1,0,0,-23.097454939248806,8.079775928966106,2.4801820165915425,9.31133095072683
0,1.67,0.3,0,1,0,-34.604147478025354,6.728530715291903,1.1966107746406607,-4.119138875742868
0,19.53,0.99,1,0,0,-20.32343267790222,7.55777817718641,1.4439389236028801,-3.038075930205033
0,98.62,2.12,0,0,1,26.86923143115144,3.8487162158379,-8.737125930488189,5.974005881541508
0,0.14,1.32,1,0,0,1.3482109920952499,25.371541747506015,-12.051104154681783,-0.2727538966768228
0,117.35,1.32,0,0,1,9.40733324068544,-5.707169811391539,-3.9049204273029803,-4.678712741321563
0,27.58,0.51,0,1,0,8.819896326200258,12.348654821443084,-3.16196961321625,6.394222849462131
0,11.45,0.48,0,1,0,-21.40655024269973,-0.4069830802350747,3.1739080604574155,-3.352987244726146
0,13.12,0.22,0,1,0,-31.424100923782937,8.653954285418687,3.738157641161852,1.5561135344753447
1,324.49,4.87,0,0,1,99.7369031337643,8.123137408885379,-37.342149590249164,-11.717083102972117
0,3.91,0.4,1,0,0,-31.050103336697934,7.183742396053409,4.028989329049126,-1.3662017768772396
0,11.61,0.96,0,1,0,-24.70480753092869,6.441566857304613,2.3125987023698027,-4.345004465329973
0,4.58,0.7,0,1,0,-27.7889504332004,7.370267338179132,4.597208673208646,2.2374543008890075
0,28.2,0.43,1,0,0,-26.893529555032757,5.025414868720399,1.9229302240950403,-1.9030121582709958
0,8.21,0.45,1,0,0,-18.692463855585434,-1.2643039377480767,-4.954572707461976,-5.650041683573453
1,227.21,5.2,0,0,1,53.402839125109146,-42.03266991241253,-13.034449066383495,30.289209976896252
0,1.92,0.22,1,0,0,-33.64577118777362,5.973220525334648,-0.4494406702150948,-3.795010437937896
0,7.12,0.07,0,1,0,-29.185805901617748,-0.9739970370039205,0.4574943101135671,-2.8788982752558496
0,4.98,0.38,0,1,0,-24.34302020592129,9.225834322965772,2.2081891712076214,-1.5376139151637558
0,2.53,0.5,1,0,0,-34.51329188692435,5.797362137815041,-0.01079554281134043,-4.170820048095488
0,114.35,1.48,0,1,0,5.5780280517535425,-13.678247445181627,13.381485213496797,-2.318411108957989
0,2.94,0.59,0,1,0,-22.24779110241777,9.335129356519996,3.6073441039403145,-7.538086026935532
0,0.52,0.31,0,1,0,20.20928602627889,13.29331176363798,9.388534941153779,7.95983667815726
0,39.27,0.37,0,0,1,-13.688829381454653,-7.858724243753722,-6.9917449505479885,3.713207685592382
0,6.65,0.71,1,0,0,-24.34292278578734,3.0909890849012194,4.145690218659526,-4.206847109538908
0,100.11,0.88,1,0,0,-18.45361022861772,-7.101949065699523,6.898293240331119,-9.65611986595698
0,5.3,0.51,0,0,1,-19.013093639358832,6.962495838954998,-0.22334664411719451,-5.977849332613011
1,47.79,2.29,0,0,1,43.94231796389988,-32.08601860345189,15.745930678789376,-12.419216618350628
0,98.79,1.38,1,0,0,-10.658331451348976,-4.5824882887231135,-6.555824374592646,-3.7603798968067967
0,40.62,0.84,0,1,0,11.499668694483034,-1.6063838402944683,23.128228504464936,-2.8797949201779915
0,2.54,0.53,1,0,0,-27.506955551353713,7.501505602881248,3.4156617580489934,1.455908598925858
0,6.59,0.13,0,1,0,-19.499749512652258,12.023835996484829,3.7005599994250957,3.263421580518577
0,18.79,0.63,0,1,0,-24.6312588644899,0.7547896813163711,7.675622757230142,-0.807055706699854
0,13.82,0.84,1,0,0,-8.442990033707288,-2.078104156881646,10.697342340059569,-15.006140867272741
0,7.25,0.92,1,0,0,5.260535226723466,3.613898781909838,-2.5871631366582286,17.776066018591177
0,60.31,1.15,1,0,0,3.426744676491589,-18.1801966920653,21.979625987311795,0.6896262995114385
0,7.74,0.76,0,1,0,-34.082987563245304,4.493555775532841,0.4138696509597552,-3.6166356356359155
0,54.51,1.99,0,1,0,-6.683357107549905,-28.365251723071456,-15.523873937372263,19.383618559209996
0,142.77,0.98,0,1,0,19.570610775423646,-0.34554601991469547,11.792490618667907,3.857496773418366
0,23.12,0.46,1,0,0,-4.703426237052758,-25.688490353354027,0.9872709306002782,1.9657853856778333
1,34.88,1.08,0,0,1,10.31115979855359,-0.7397104699927163,13.919578802930333,17.696967659839853
1,0.09,0.14,0,0,1,52.90169075085566,-39.49722137324504,60.728486112333734,-5.328915142652876
0,14.04,0.58,0,1,0,-20.36147741147449,3.0586532890184923,7.759185852711455,0.5223541300534323
0,31.25,1.4,1,0,0,25.31594186269114,-9.977374209400882,23.210863563067708,22.920676746512758
0,24.21,1.63,0,1,0,-26.482820132044957,-1.377917438692994,-5.780944436720595,-3.695220670892955
0,9.7,0.48,0,1,0,-10.891308034847064,-2.183296356454116,-5.8025968867956585,-12.99279830693673
0,38.96,1.3,0,1,0,17.510095893982026,19.35401229374322,-18.79682616541449,-2.153305816800017
0,155.61,1.07,0,0,1,-8.936580239786714,-8.93871598733704,8.803255168387752,-0.44390839515647573
0,210.36,2.3,0,1,0,1.6444180068472296,-17.219318246058034,-11.741943543855756,-5.928034542740471
0,21.25,0.71,0,1,0,-25.8866130459239,3.630676424644687,3.710072247815451,-6.015546819839774
0,1.14,0.32,0,1,0,-24.71586014327775,8.483051037883019,1.7277191704675643,-0.1282483391746222
0,91.01,0.61,0,0,1,-28.62377780136527,0.775968465206575,1.0514347303719496,-2.3403355301275925
0,72.61,0.37,1,0,0,-4.287596927267216,3.5558693242059896,-11.168332355116629,6.71520560669627
0,100.41,1.29,1,0,0,50.28280969780517,2.419841541145526,6.002460392809537,0.048015520003444
0,17.83,0.84,1,0,0,8.847518389340104,-2.7526103472802514,-3.939910514822559,14.47726084031458
0,10.73,0.13,0,1,0,-28.71085948271306,7.387129823640661,2.2730857803066353,-1.6406706966462428
0,23.44,0.45,0,1,0,-9.713955255137883,-1.908777545341921,0.9964707229494614,1.053407808287284
0,88.0,1.54,0,1,0,-3.0991196134944072,-8.958070089475338,14.09917821938246,17.08660776532954
0,4.39,0.69,0,0,1,-19.613580894033028,5.359192094230966,2.4396922170995556,-5.743154117766947
0,61.02,0.81,1,0,0,0.8998403317355416,-13.967733379596961,12.790985758230923,3.8899938417451008
0,11.76,0.77,0,1,0,-14.83406799023203,9.401304551432386,-4.3470008953460235,0.11548918350752568
1,82.72,1.82,0,0,1,55.19043798059756,7.784819951058433,-14.475785559158384,2.3949530287623153
0,27.92,1.42,1,0,0,-2.057569111448079,7.956904222462073,3.2429147962554956,9.694575357197808
0,2.58,0.07,0,1,0,-1.6055179659603545,12.461859646524443,2.0866879959624907,7.1604978476184
0,6.64,0.84,0,1,0,-22.884822236621808,6.380646812866529,-2.3369054869654375,-3.5418294554500886
0,1.07,0.14,1,0,0,-28.036719788004266,9.023337973145342,4.273830439817692,2.8977706859393564
0,125.57,2.45,0,1,0,39.71667329699996,8.035336838613336,12.418999775924997,-2.3616925499176467
0,55.41,0.64,0,1,0,-14.588380621736192,-11.543540544124848,-13.675682208894077,-2.046233780461802
0,12.53,1.37,1,0,0,-13.860374841693794,4.0884010600887795,-1.1026957083760813,-11.82206357293466
0,47.88,0.74,1,0,0,11.289267159185409,6.034888150026944,13.27239993775669,-14.354480174162681
0,23.11,0.82,0,1,0,-14.26564347166614,2.8820944518448037,-7.602512070397635,-4.865889043949672
0,32.17,0.43,0,1,0,0.4568102108407451,-3.747973531589439,-9.172363367261843,-14.173208015032161
0,38.88,1.1,1,0,0,-29.84905302479396,6.098948314952189,-5.578084493433136,0.6542397341037991
0,0.95,0.2,0,1,0,-23.53909895270943,-4.446856611420386,1.7810130423131652,-4.723001787695127
0,27.83,0.85,0,1,0,-18.52579255410717,5.739526999888369,4.88962232807071,-1.5460254625425367
1,327.85,3.0,0,0,1,34.730570920120556,-36.96855486081364,25.540103312592976,-6.691534344708687
0,38.62,1.52,0,1,0,1.0464624016284028,1.0064092241489726,39.24610708075029,9.9755947014344
0,2.9,0.08,0,1,0,-4.779451175674684,-6.10062341042933,-0.8859773566014443,1.633974173826797
0,1.45,0.23,1,0,0,-26.902241464593278,-0.5510925957387788,-4.358151481598231,-2.8991998768808585
0,129.04,2.05,1,0,0,6.412618193257504,-10.641450720992841,9.758999346260998,-12.622631004010897
0,37.87,0.96,0,1,0,-13.624260982715676,-0.4995600535789746,6.327357138801801,-0.6418151601481643
0,15.28,0.83,0,1,0,-8.553199199850084,-29.959161017173802,-16.505812917127823,10.357894181439404
0,41.25,1.4,1,0,0,-4.008695805225778,18.819707715933756,-14.862724042344523,1.5503255720607991
0,19.5,0.73,1,0,0,-18.25112678448829,3.151610330002115,2.1256370993408558,-1.5435400547506903
0,10.05,0.43,1,0,0,-5.067586934688601,8.004959985677779,-8.313791692096045,3.8699782437404795
0,1.51,0.42,1,0,0,-29.59328493841419,5.452852384773392,2.5558013243994027,-1.8225674549434643
1,117.66,2.39,0,0,1,192.86236289699303,23.459358457278974,36.58105987049346,-15.132255608034228
0,0.14,0.27,0,0,1,13.337257789725646,-7.9175803490184515,-11.193890993794184,16.03897880199265
0,5.4,0.63,0,1,0,-22.662238457778496,10.32268821018895,-0.004380907162211678,-2.10992837984843
0,5.52,0.02,0,1,0,-31.27551205832811,6.51353080298851,-0.1418290337401108,-5.722199174996313
0,10.56,0.64,0,1,0,-25.777338141859403,7.512788405120728,-0.7672538235810767,-2.1738232337715546
0,1.46,0.09,1,0,0,-31.33492037787697,4.293664740677421,2.5460240833587378,-3.8269020960518305
0,83.68,1.92,0,1,0,8.264480477181475,-6.582124719487657,-10.677771024622102,-1.9140331801973118
0,19.12,0.7,1,0,0,-29.079167126962577,4.846911930681529,-0.5266286881214323,-2.3504832722484346
0,23.6,1.16,1,0,0,-11.577781154999276,5.301273242799609,-3.51840391259362,-0.21538481190777103
0,0.39,0.24,0,0,1,13.048528466712133,-0.3592966899414619,-17.61871614892918,6.084465301902711
0,209.28,2.05,0,1,0,44.52802653698665,-12.863602380679914,13.372939260107849,-16.853260240256525
0,11.54,1.1,0,1,0,-18.789075859951474,-3.3258667720986574,2.0181999896248337,-2.9769189281144524
0,88.96,0.88,0,1,0,-1.8102946238660895,-8.102275502840245,15.47390876096749,16.400388283920133
0,16.91,1.29,1,0,0,-9.93958857674502,12.576235035575198,-3.0794341126402784,1.9419664233646758
0,128.23,1.8,0,1,0,36.00951837308274,13.101539541720888,9.789529655011096,-9.241279029468473
1,348.7,2.24,0,0,1,83.74921589674025,-28.618246061949662,8.330862784499548,-4.921737686756062
0,15.39,0.64,0,1,0,-18.027006900061302,5.551754346819367,1.4934518451993097,-3.760859796272728
0,22.34,0.75,0,1,0,-8.557091494332699,3.266124293106701,3.5500439269305546,-7.662313614445728
0,5.98,0.79,0,0,1,-20.980925764568934,4.578759396905643,-0.3039283262294639,-5.348775967277573
0,20.26,0.98,0,0,1,-28.149093058352857,3.2574086339574553,0.6309774847993677,-0.33251058041788895
0,1.44,0.22,1,0,0,-34.429644268133046,5.203733663235336,1.0505532597181653,-4.007357137141927
0,18.09,1.01,0,1,0,-12.461423393026498,14.399501125434318,-4.864746801047967,4.630081523161881
0,27.65,1.34,1,0,0,2.2621287519513205,6.057790627911675,-0.45632135292285547,8.906649838358957
0,24.53,0.85,0,1,0,10.234965638083105,8.92985949729927,10.14288927765538,13.16916905682119
0,77.31,1.75,0,1,0,4.642964715217049,1.3209890030913545,-5.333644797007157,2.5300819619306907
0,97.21,0.79,0,0,1,-29.029608713874737,-0.49902936425843425,0.5330203810841674,-3.820182283733864
0,1.51,0.23,0,1,0,-27.40333636907281,2.0205181872886513,-2.9519207195714396,-2.926834935069276
0,5.97,0.73,1,0,0,-22.96191393292758,9.65488132662227,4.479239397282259,3.1531424971007858
0,6.02,0.31,0,0,1,-16.871360128779987,6.5573869919484435,1.8604569771927264,-8.876441585336403
1,249.16,3.06,0,0,1,37.74700483250039,-10.383273452605497,-1.7161865100327636,18.233892498215443
0,40.4,0.44,0,0,1,-12.893750073043714,-10.02825269258291,-3.902982124359323,3.159600490709455
0,129.87,1.23,0,1,0,15.906510507999581,-36.45672816640454,-0.5374649630280754,6.932539697820877
0,4.6,0.41,0,0,1,-17.80132254016876,6.038021267854984,1.8993264158881897,-9.669387387546932
0,55.42,1.93,0,1,0,2.9961967771803053,0.6751301002553541,0.010434086824696192,-7.029277420523228
0,5.89,0.07,1,0,0,-28.557354274852703,4.472341531351768,-2.6894979278686817,-1.2092360492915257
0,7.7,1.63,0,1,0,-26.82057691102907,4.6667506131189445,4.036965682054496,-1.8916279789145782
0,13.25,1.02,1,0,0,4.471546169337031,14.941744899380915,2.1820635099807073,8.651228383930343
0,133.29,1.93,1,0,0,-20.63392181258087,6.581984725149135,0.18689910622406808,-7.411240824895286
0,26.7,0.97,0,1,0,1.4164641612031217,7.976472652646473,3.4400545011379284,10.722852933723415
1,56.84,1.33,0,1,0,51.5860511697906,14.881245108471001,-2.273483554434742,4.527880981423848
0,19.12,0.66,0,1,0,4.054517943535585,-6.09373738720795,-1.6806258739959343,-14.201965820488802
0,35.12,1.39,1,0,0,-1.2669284608883826,0.2560894458447678,4.374937495035193,15.462068572550805
0,15.96,0.85,1,0,0,-20.6960531131109,-0.9747171199948546,7.588593774647985,1.6099166102469198
0,34.08,0.1,0,1,0,-7.345728929239191,11.003209658784916,-2.6543473277817724,11.07326597645753
0,80.73,0.37,0,1,0,5.276821714772626,-11.626472150517063,3.308142856351943,-9.680416278884291
0,110.87,2.04,0,1,0,43.61079714954315,-3.1127225163601535,6.008792939917263,-6.443391985059739
1,194.54,1.71,0,0,1,46.52493608279586,-14.168039325438674,-11.959304212729577,-7.834578646903718
0,9.08,0.46,1,0,0,-27.701367968223007,2.5365444695385424,1.567538629664115,-6.330242441530698
0,7.59,0.71,1,0,0,0.32841209532620785,4.737505658978629,13.449687969799376,8.523219086586618
0,25.53,0.82,1,0,0,-4.822518716573257,4.165823466610239,3.920473080787187,12.826994735169302
1,89.39,1.13,0,0,1,21.516007206124208,-18.1169599764078,-21.930827638033353,15.10100412470745
0,42.18,0.37,0,0,1,-12.70759375175512,-8.83666920503659,-5.162721476084575,4.578400614923514
1,85.78,1.61,0,0,1,69.70570045830044,3.9830068846709437,6.147381128859397,-8.288275519079146
0,0.97,0.0,1,0,0,-8.03428752467909,5.249854687392607,-0.5044774058803396,2.2464721149367457
1,43.54,1.13,0,0,1,46.04564362873754,7.041447668131473,-26.204206203094493,15.258996893323339
0,36.42,0.99,0,1,0,-19.54251942915081,1.9957939369695816,-3.985601869031558,-4.341180657645035
0,111.18,1.69,1,0,0,-18.07596067256224,-2.588440039092667,10.482191464777246,-4.305473519407043
0,42.59,0.46,0,0,1,-12.477227526074023,-8.619148244642764,-5.608596879576934,1.7069755988452031
0,0.33,0.3,0,0,1,12.297046485982719,1.849547220509939,-18.012491789024082,12.473244822672498
0,504.83,2.19,1,0,0,6.778373690354013,-51.62343892149387,11.708895694845243,-11.948992471089213
1,5.54,0.85,0,0,1,51.38039601255358,15.14178406045057,-37.75769776253156,2.204081475714031
0,3.36,0.18,1,0,0,-30.230229362747515,5.531360164944939,-3.066664708488076,-5.78954548061008
0,1.63,0.52,0,1,0,-29.476426078067806,3.0334010646529532,-1.9374502821866475,-1.0062379699220068
1,17.71,1.23,0,0,1,23.60058886462947,-12.034012106185713,-19.096090557502674,16.178645053627765
0,4.56,0.21,0,0,1,-19.96706865213274,5.405152885676287,0.9258816108010862,-6.11982012460225
0,52.22,2.36,1,0,0,54.53457067104869,24.52348582177753,-3.185290673236056,-46.41530100206504
0,38.46,1.08,1,0,0,-5.103055794808391,-0.6673595105005338,9.070560799837152,6.9888646691003276
0,2.29,0.21,0,1,0,-24.756571096590005,0.8831745599141336,2.3752941223825363,-2.5681733341616564
0,18.8,1.38,0,1,0,5.772575530684806,0.7614591114507437,-8.3576241351821,-7.260571845094925
0,39.94,0.18,0,0,1,-13.81603712408614,-10.430524288088785,-8.304660094949137,8.355444135548005
0,1.88,0.33,1,0,0,-29.60267802624512,7.613469653739377,3.9868996325859967,-2.731226813707988
1,126.58,2.03,0,0,1,206.21369566945626,29.910703865023414,17.237135131807715,-37.65428480537464
0,9.12,0.99,0,1,0,-5.22001705562248,5.7261601674653155,11.22154255074237,-6.838130600628969
0,41.81,0.54,0,0,1,-12.758192063074159,-8.677807406088606,-5.948781665087831,5.410524625769503
0,92.81,1.0,0,1,0,-27.653193901834637,1.0033345280246353,0.7481399245066291,-2.1095849329687684
0,16.33,1.25,0,1,0,-12.77838087593116,12.523578851139508,-5.707843180559847,0.8630523501138531
0,4.99,0.4,0,0,1,-19.472902272716095,3.621754454988761,0.8392337825579457,-7.208925107131577
0,33.96,0.77,0,1,0,-1.3151262000784112,-21.221427851480303,1.8492159959176595,-11.81162919846949
0,15.71,0.55,1,0,0,-22.598505468902104,-8.65784294383466,1.5193079385554913,-6.421062856733792
0,71.09,0.99,1,0,0,-4.469343795997132,3.6167229126274467,-15.546982340265792,8.255021347178545
0,24.02,0.76,1,0,0,-29.805859918971418,6.740284670646827,-3.3819488471514063,-5.184403266818505
0,42.33,0.22,0,0,1,-12.111715247623748,-5.730388075226928,-7.6837941161506595,4.482004527190183
0,159.38,0.82,1,0,0,-2.4758989355219505,-26.722979178756738,-9.788156522794877,-6.392308633855341
1,61.71,1.17,0,1,0,46.69228632962835,9.26642725315677,5.232941295531418,-2.7523897004830484
1,70.32,1.54,0,1,0,57.94552807458055,0.39197230617231155,-7.217193243177022,-6.756594795685199
0,63.13,1.56,0,1,0,3.9088938646488374,3.356950068558226,2.0702217747750034,-1.2720036627864173
0,27.94,1.16,0,1,0,12.542161678694365,9.689625019543172,7.40192550493241,-1.4331472522436706
0,17.58,0.39,1,0,0,-31.165992581895743,7.134066734537908,2.040995970611897,-0.4073767554548709
0,4.03,0.24,1,0,0,-28.163437775994158,8.224343822266468,3.7957262839494748,0.6436940438680243
0,5.53,0.03,0,1,0,-21.15407112297717,9.907301224694255,4.417395901179384,2.384912260050948
0,25.33,0.6,1,0,0,-25.132815768136105,6.385579272125165,1.2780167719911832,-3.8019985114925317
0,39.0,0.53,0,0,1,-11.661163295411042,-6.417847282462761,-7.329547183512125,0.9105464721789569
0,73.57,2.04,1,0,0,-10.097988057178913,-5.458285392369337,0.178835723444875,-9.447073365307661
1,3.2,0.3,1,0,0,48.80893804422189,-8.95878169183522,-1.6312587992003893,7.491474126855296
0,38.37,0.26,0,0,1,-12.991003440644057,-5.103631423458499,-6.228399598119327,5.5222669114982885
1,84.1,1.71,0,0,1,53.4909519402949,-8.1967062767721,-1.0216013632787018,-2.2731966923804596
0,1.57,0.54,0,1,0,-26.4017854581771,7.187002536930677,6.01957852856501,-3.7551205266231293
0,5.78,0.35,0,0,1,-21.08089822006659,5.299193736172931,0.22313122279582684,-8.792438283835816
0,61.97,1.99,0,1,0,10.02544235012195,5.910402040213736,15.958879662929766,18.039195406424728
0,27.75,1.35,1,0,0,-21.023656605861557,4.582352981939252,-1.5844181607119099,-5.238671021410408
0,4.61,0.51,0,0,1,-20.493916694463458,6.725372138472851,-0.044109206140686696,-7.2350577115219314
0,12.98,0.3,0,1,0,-27.946722449974278,6.339128065575731,5.899220380551502,-3.114154461670978
0,111.66,1.95,0,1,0,89.06786144910815,-18.252913608666066,4.341898151620928,0.8468948060267285
0,2.64,0.91,0,1,0,-18.10272040755533,-0.654478720400807,-11.610367346573243,-3.7295311762928693
1,181.15,1.5,0,0,1,25.7957996610587,-12.730003724806304,-14.564630725533533,12.42625370152391
0,35.88,1.56,0,1,0,-13.437786068732525,-13.952744205134287,2.054730405536565,-2.5315833999783006
0,75.6,2.32,0,1,0,52.63797253952213,-1.7215332257937195,46.94509346741778,44.08834762727409
0,5.1,1.1,0,1,0,-21.864083603324477,8.136523416258738,4.00176366886733,-7.138650126114743
1,65.94,0.95,0,1,0,50.05844601652845,-6.007773856566018,12.426662061200826,3.5687980481683055
1,121.22,3.13,0,0,1,76.84632747503576,-0.6660727074381918,-8.817122274615045,-4.148106261916707
0,297.31,2.7,1,0,0,2.033635699883179,-21.34026176040275,9.008431366416342,-10.303857246326688
1,25.16,1.56,0,0,1,76.00339074691473,44.13952186497189,38.020564439310334,4.481329435307846
0,183.67,3.24,0,1,0,2.8815700950921213,3.5779008503211718,-20.979212506947878,-12.484359956385635
0,331.93,1.44,0,1,0,-2.3268887454105087,-36.91450227840007,-21.623887082468315,10.453717699521812
0,13.74,1.0,1,0,0,-18.475249421750284,5.648627549272298,-3.5885772869268036,-4.685352153874519
0,0.33,0.65,0,0,1,14.29053795512436,13.054064281794927,9.492567688181955,10.956984619366173
0,17.33,1.36,1,0,0,-8.470158303115081,13.067074080897948,-5.995106856769327,-0.08093858947259805
0,17.33,1.22,0,1,0,1.6801300590402062,8.349908004828707,8.452559564096743,-1.5339454973324287
0,16.69,0.85,0,1,0,14.858835035975885,12.88777276776052,-22.533175089495124,5.660861030208773
0,124.12,1.48,1,0,0,44.036145336669776,-42.182256941529246,24.656799870763315,-5.3725807615877255
0,5.44,0.31,1,0,0,-2.033681396921822,-1.9338348878621796,2.759726866511047,5.150695357141088
1,178.4,1.47,0,0,1,17.621158477216653,-18.82741835172477,-48.70952596099341,8.733685260146254
0,19.18,0.41,1,0,0,-25.211269543338236,-6.598123323928481,5.253967343016431,-6.760243315485408
0,17.88,1.26,0,1,0,-12.089584163709024,14.173794601978498,-2.3897111733958503,1.511260346682533
0,4.38,0.5,1,0,0,-24.508852635175945,8.554201092271587,2.7261180056686274,0.002628294165865408
0,26.13,0.94,0,1,0,-15.213507721682161,0.004117316694137271,4.934479668014303,2.76328168780352
0,1.4,0.12,1,0,0,-26.899052448234993,3.265263989894921,-2.338135791869427,-6.639471759540636
1,69.52,1.58,0,1,0,52.99577681298296,-8.537190229483725,7.955008127802424,-16.0096614734904
0,12.95,0.83,1,0,0,-18.934285605291947,0.6962197515704186,-0.7537207397149136,-3.3655111617391413
0,33.71,0.4,0,1,0,-23.49360746365151,2.3662642876022852,2.159747198921781,1.9435553761228557
0,27.13,0.84,1,0,0,-21.624122304656478,3.5616841880002825,5.270601271819513,-3.5562854493481457
0,0.98,0.55,1,0,0,-11.415069382642308,3.3423769477044156,-0.947678133020451,0.6779875187341128
0,39.21,0.33,0,0,1,-13.198536306507938,-6.745353681902285,-5.928178851024562,1.1712056809067521
1,322.8,2.73,0,0,1,106.6461848124418,10.297444817160253,-39.293175813535605,-27.88250485079881
0,112.81,0.67,0,1,0,-23.374521027750145,-7.517516379413399,6.8093758757794465,-6.990612694303949
0,24.97,0.77,0,1,0,17.10577204629601,19.617682770482514,-13.14097372752471,3.9528358598536397
0,1.31,0.16,0,1,0,-14.37838787714357,9.15072334116299,-6.764546864434609,-0.6161814989019297
0,454.84,2.53,1,0,0,-0.21747940185034415,-8.717783622900152,0.643373524587254,-12.349974397555048
0,27.32,1.75,1,0,0,-5.387113019282587,-3.9787802981017943,-9.99471650981707,-1.0264488027864442
0,32.26,0.48,0,0,1,24.951239411050548,10.317375717195185,-12.399235054624723,-4.4486184870058345
0,98.93,2.97,0,0,1,23.737890650362015,-0.844176728935973,-5.929321331070107,4.702084575028006
0,34.29,0.87,0,1,0,12.440374395886824,17.306413166424157,5.336647918958589,7.0750129110033235
0,52.62,1.38,0,1,0,3.099238076710169,-10.413601212727665,-3.015079597830811,0.05382305366694999
0,35.6,0.44,0,0,1,-13.469407112595206,-10.684801184328755,-7.885203212995999,1.4142567942281778
0,18.9,0.13,0,1,0,-24.12618322003768,3.4486392995568917,6.318131416074216,-0.28368986740750274
0,41.33,1.91,0,1,0,-1.8812545068264541,3.7677880847149483,-11.844056841775757,-5.236617605259988
0,55.98,1.39,0,1,0,-0.5513599160309082,9.85601284715736,-18.290339624610166,5.830076209485315
0,38.26,0.33,0,0,1,-9.865368869785527,-6.0509936524942685,-6.275995091694776,3.717398923245861
0,16.72,1.23,1,0,0,-11.643428703487997,9.746404866414375,-4.6801612924985445,3.058144429046013
1,327.97,2.85,0,0,1,85.50442577244742,-15.042283625949361,-20.85425634729466,13.427168414585902
0,0.4,0.25,0,0,1,19.803284099658633,20.342127764772016,6.307849639916911,7.858666842436962
0,11.74,0.94,1,0,0,-29.17672691353537,3.305975504330129,0.31056354195836067,-1.7945196408291793
0,128.28,2.31,1,0,0,53.510537933508054,-20.653831534226295,30.00575851196133,-10.425183783940245
0,80.9,1.47,1,0,0,13.435525982389784,-12.765142942733357,6.8247932746348425,-14.054691735577675
0,21.83,1.3,1,0,0,0.03733534023745515,3.436342050574874,-7.263740264170239,9.78210065150846
0,29.27,1.32,0,1,0,15.883317233501229,12.389261675157234,11.071151860261297,8.57799857196994
0,28.44,0.83,1,0,0,-16.64321383863141,-0.08424107883812246,5.114118835441698,-5.5513392933640855
0,5.9,0.77,1,0,0,-13.425591288377907,-8.489708351860784,-5.759285466123776,-5.465605659532068
0,5.91,0.19,0,1,0,-32.40005235970859,7.808673204713384,0.23926791888076204,-3.642012050747331
0,16.16,1.46,0,1,0,-15.79938504923383,10.707019167766425,0.037351721502849766,1.087314950378988
1,69.38,1.56,0,1,0,70.44713226569539,-6.031918858187629,12.895934322715776,-17.20408425871868
0,7.79,0.5,0,1,0,-24.910806932387864,6.985623774812762,-0.4672721621958567,-1.8928422834517755
0,91.19,0.96,0,1,0,1.9320710339628733,-8.469953825800676,18.461921105842638,15.826928873211006
0,7.48,0.62,1,0,0,-33.195844242210725,4.458177747389603,0.9726747877682307,-5.31280201855181
0,7.03,0.45,0,1,0,-25.609375597822968,5.330132873332469,-1.7819870856390183,-6.263011859464303
0,8.84,0.65,1,0,0,-33.62250544590735,4.5268664700641645,0.3949478988829579,-3.4321679290841733
0,30.99,0.7,1,0,0,-26.801433354046225,4.679046322316457,1.3447720437819322,-3.4252268866440745
0,63.93,1.04,1,0,0,4.512499693705478,-12.156890886951643,13.46518020565111,7.318759057633578
0,132.25,1.08,1,0,0,18.88303730254199,-38.930315972614544,3.2407252357729526,10.173814540112721
0,9.27,0.74,1,0,0,-12.206190514415795,1.4015511494284114,-6.680184681894713,-11.30208765713963
0,17.76,1.01,0,1,0,-21.690713125619418,7.018121529734201,2.7981501273568643,-4.5482783688660415
0,17.94,0.13,1,0,0,-26.466411759079232,4.754539153905205,4.996231757875752,-3.780060820710879
0,5.73,0.11,1,0,0,-29.768970113238346,4.085998559884182,1.8180884551271825,-1.6774012337736361
0,39.69,0.3,0,0,1,-13.683606333114444,-9.109918296475163,-1.9455857443357263,4.722339743778295
0,17.29,0.92,0,1,0,4.135047182016452,4.735213958473754,13.760167076547772,4.624924357309321
0,210.14,4.37,0,0,1,7.5356539542023695,-13.026210887348816,2.786179037940428,-14.632640801372444
0,44.48,1.08,0,1,0,10.790004083410379,3.4046754282759246,-15.240927089368622,0.7861505088163504
0,33.02,1.68,1,0,0,17.692661666104797,0.9039352244399479,7.4920712107204395,8.026325778730575
0,40.25,0.4,0,0,1,-13.583940792127507,-7.976522226778834,-8.511399726222828,4.850858685617792
0,36.08,1.03,0,1,0,-29.204315553860997,6.510637240963925,-1.9722632692579056,-6.3526454464162185
0,30.21,1.83,0,1,0,36.190293746345766,9.28045759833311,7.8280215592404705,-3.1517642395989376
0,8.34,0.65,1,0,0,-25.837150428815438,4.258554158624309,-2.117935860201179,-2.798230049102514
0,10.61,0.02,1,0,0,14.127887744228627,3.653651059380392,-29.10827302783096,6.050648435370187
0,32.99,0.68,1,0,0,-18.382680485434967,6.700929267130195,5.385818393086738,-1.761555627397264
1,63.34,2.2,0,0,1,61.401388407151344,17.187947167942472,17.88996675233597,59.02376907180839
0,77.63,2.48,1,0,0,10.63945596084673,-12.806601871921899,0.8980343871887243,-13.363526900219659
1,5.37,0.97,0,0,1,46.747984307243776,-10.646182387468267,5.658612916495053,8.03203788482246
0,43.51,1.32,0,1,0,104.79255173802345,47.50420263556659,0.8620828863234482,-14.609021196124296
0,19.35,0.92,0,1,0,-5.767902528912886,12.111084698754265,-4.431364173130251,1.4308374277644833
0,19.06,0.91,0,1,0,-7.161515605155509,13.90588146153942,-5.195026521830656,2.5254949852455133
0,4.21,2.11,1,0,0,-27.13745814123031,5.30918527651413,1.447042166922104,-3.1795618832854613
1,1.57,0.24,0,0,1,39.19518019169961,-2.269533955029514,-9.171976637062631,12.311139681929795
0,10.06,0.61,0,1,0,-4.411177383107049,6.380988769443161,-2.5048689480076387,5.0318366054007795
0,35.56,0.97,1,0,0,-6.845128151703449,-2.6351242181493086,4.762835931701253,-1.642527784699143
0,18.62,1.16,0,1,0,-19.06243016726648,6.1919226536915914,1.8158031634144356,-5.465210937472232
0,14.34,1.26,1,0,0,-21.788106616167102,0.4653913146019491,5.725578346611288,0.08497668768805827
0,35.31,0.9,1,0,0,-4.434525383487588,8.964936430652926,2.109755923711194,13.150175124116648
0,42.02,0.36,0,0,1,-11.234403645313732,-12.933945117817926,-8.77251015881406,3.9628578019182683
0,29.78,0.55,1,0,0,-9.819945992653912,5.102553172853474,5.905227382256592,8.962740264499468
0,48.4,0.83,1,0,0,8.389832642088598,2.206461570711618,19.547629844843467,-10.32751009674758
0,45.42,0.73,0,1,0,-24.800813299817897,5.518861758260389,-3.8188245524014626,1.8194551090288955
0,8.11,1.06,0,1,0,-24.198513432935403,-1.2361940267260025,3.3618032095920007,-6.144098144729304
0,26.5,1.31,0,1,0,7.154634383133246,5.22068334380263,11.751178631985013,20.517578497503468
0,78.07,1.71,1,0,0,-7.681410976943855,-4.154575357820298,-9.036827548272436,-7.179745907228107
0,1.24,0.61,0,1,0,-31.677603524966827,6.35210636269384,2.4968359122756225,-1.9739023524025683
1,61.18,2.04,0,1,0,56.71354775605848,16.463177386176167,-20.471471846542897,10.309232369901045
0,24.49,0.43,1,0,0,-35.3152629800609,6.508028992566499,0.06968854384553602,-3.3009173809278165
0,37.34,1.69,0,1,0,11.911219197324135,-3.2489093985654383,-25.319801796325507,6.648941869806565
0,16.56,0.91,1,0,0,-8.818700207670133,12.85562008746703,-5.956709830995203,2.1486859446167985
0,47.31,1.24,0,1,0,19.21497282175281,11.556971534338714,-20.172591875228463,3.5771732494452237
0,98.98,2.5,0,0,1,28.172743991520978,-4.594445547264644,-5.736951975015125,4.924192489854605
0,57.64,1.26,1,0,0,0.7815477329182058,-12.093994986441638,15.93596156347699,3.778000050480789
0,1.97,0.35,1,0,0,-34.36875852611211,5.119508388759376,0.49618070734638153,-4.590216697849044
0,0.48,0.17,1,0,0,-21.794158270763802,6.307906370124948,-7.914224023004184,0.7863914270360279
0,12.32,0.84,1,0,0,13.837646423881438,-2.152784931293958,-33.87345613172696,6.440157363212063
0,39.35,2.1,0,1,0,13.21179665717967,-4.766980802879473,-28.61683998188802,10.69895401423575
0,38.95,0.12,0,0,1,-11.367142769937319,-9.981055969579828,-7.047398037513118,0.27198557133603335
0,123.24,0.97,1,0,0,8.499300373403592,-27.795316753494514,15.54350045388793,-7.944216350505454
0,8.4,1.08,1,0,0,19.817256802236226,8.047967822514414,-25.26259133472449,8.10663668143106
0,96.88,2.43,0,0,1,25.694469649977304,-6.315545668642249,-5.062021617410439,10.460349227324583
0,5.23,0.48,0,1,0,-24.65271425879141,5.845701714046778,-4.680805360102855,-5.061402984135607
1,45.13,0.88,0,0,1,90.9616832200194,-4.590821313462364,-39.64062707378404,14.679287303617535
0,105.91,1.1,0,1,0,-20.52403134324146,-1.6392036499376585,7.024333062123792,-7.098435555125245
0,0.48,0.16,0,1,0,22.597331740732457,17.639779174916438,1.665305880876211,6.635396959860214
0,85.47,2.7,0,1,0,4.649125285728443,-7.423469030482095,0.6052598207497758,3.7944011397547888
0,4.43,0.18,0,1,0,-26.474668384138766,6.099269824541588,2.2121454407918053,-3.7899299339006047
0,44.51,1.11,0,1,0,-16.38577825189207,-7.087292129580485,6.207681478331671,-5.009221938987098
0,27.35,1.03,1,0,0,2.082285840237952,6.95044723031838,-0.21828363272846107,11.202651250394117
0,22.51,0.71,0,1,0,-26.415643218602675,6.572345414660753,-1.3295852719406362,-6.624325982184016
0,549.08,1.67,0,0,1,41.60812768616774,-31.677124942078486,0.7758054094675153,-10.136208080493669
0,83.96,1.64,0,1,0,16.4085515528974,15.149443226916144,-6.681289903900007,4.852686132978801
0,59.77,0.69,0,1,0,8.547324109288699,-26.782315783098472,21.609258076909416,-3.449019895658026
0,1.18,0.68,1,0,0,-5.993122171912808,-1.3208506401645377,-11.958027467371444,1.384460304121357
0,25.82,1.22,1,0,0,6.257030884675895,-9.331979221194164,24.099267727792736,1.5761095567776506
0,185.06,3.89,1,0,0,28.220004473645496,-22.474604119710065,-15.131675123286055,-27.11123478999522
0,18.52,0.53,1,0,0,-19.32280689879391,0.7782809000943085,3.69196837236711,0.3377092431827028
1,262.83,2.0,0,0,1,39.95181101089779,-9.596740846829531,30.533313487994803,17.027206192450855
1,310.78,5.51,0,0,1,38.026306132247896,-18.8666812646945,-9.57825005094056,16.19202109520037
0,2.44,0.69,0,1,0,-25.465554837836923,8.575960987022606,6.0437118451983505,1.1431510637438598
1,1.05,0.69,0,0,1,41.25739926503635,-5.465616444260395,-9.312533659476049,12.78487136480443
0,7.27,1.94,1,0,0,-28.255672230793245,3.9828421133112464,1.716127914597536,-2.353313419289755
0,116.58,1.34,0,1,0,-9.098751636316974,-23.624917768433917,7.425337857036304,-6.869931000605913
0,92.07,1.73,0,1,0,4.6350384973322365,-12.939275089486335,-7.011150465507017,8.311875128106498
0,1.34,0.25,1,0,0,-26.276677547396545,8.39272271381083,1.130630656202911,-1.7972184589623406
0,1.09,0.71,1,0,0,-5.730438724444217,2.7475189901144135,-10.930685415760705,1.6427104286346355
0,10.79,0.52,0,0,1,-27.140376782568783,7.707636240225584,0.05543086324939406,2.477158874477517
0,42.37,1.88,1,0,0,1.5133845483785637,-19.59433590166851,13.254423233222429,21.17852877699498
0,21.34,0.94,1,0,0,-31.44903241665217,6.332966476166789,-0.2449061349759576,-2.614660887414929
1,60.66,1.8,0,0,1,47.891042663639126,-3.047181997013177,-15.989213188516102,-5.175345748639708
0,49.87,1.39,0,1,0,22.033717265008764,7.771176741049009,-2.6876562680648277,-12.329596504260833
0,99.89,1.13,0,1,0,10.108673386492411,5.003612735970003,13.650481761210159,9.316789761150496
0,63.9,1.49,0,1,0,5.197462281545698,-17.39112224063803,19.787780276099507,4.5311908515830055
0,122.61,1.34,0,1,0,-3.345775485532681,-3.9290762546535247,-3.073176844993371,-0.2757992106662407
0,14.47,0.69,1,0,0,-25.125353017097954,0.44952452196023407,-0.1779937982528194,-2.56772822948679
0,54.51,2.77,0,1,0,19.580662323200396,7.306963390236193,2.7908705565273886,-8.101746939130166
0,2.82,0.39,0,1,0,-30.04771907836403,7.338636616274383,5.567311962620313,-1.2161214079343972
0,255.26,1.14,1,0,0,-2.602416035057447,-1.6144742552127356,-1.6061245373315538,3.1444037932551407
1,317.03,3.76,0,0,1,105.94042796057961,-25.89257322316962,-6.351420913052706,5.599751755633044
0,28.32,1.37,0,1,0,3.145072767536954,6.550778689780863,-16.433093636945035,-7.776637357188936
0,18.62,0.74,1,0,0,-13.728868990416828,3.2575535793234653,9.99282706033828,6.503205963596965
0,115.78,1.81,0,0,1,7.85074830035217,-10.380152908963606,-4.768583832860827,-4.126096917433133
0,16.29,0.91,1,0,0,-5.323821308177309,4.981772379845993,-12.637609932990621,-4.8421485699714095
0,17.49,1.08,1,0,0,-18.317274258871258,1.3909539802597477,5.91208972856827,1.315052804766608
0,34.1,1.28,1,0,0,-29.6292985923271,6.643419747166677,-4.519004000256802,0.18085689758068157
0,0.85,0.42,1,0,0,-20.164118120990487,10.371718227199494,0.8271682829211624,-1.2424121104167967
0,16.88,3.27,1,0,0,-13.302062334486079,2.5192789633100694,0.4310843839659842,-0.5119206026820476
1,18.99,1.39,0,0,1,44.246189541624304,14.600709618345462,-21.13047884224936,2.345016859187936
0,9.03,0.33,0,1,0,-27.850306549320766,5.21617317224686,-0.2549192796153188,-2.562624589442569
1,31.3,1.01,0,0,1,11.554841649696519,5.902980550049505,8.959064369118144,24.14643205698212
0,22.97,1.3,0,1,0,-13.410655817787369,-1.1446086951216745,-4.371549598445864,-9.975648027727898
0,28.85,0.94,0,1,0,10.732844602671424,11.866604530277431,3.2885115397411364,5.688423974636045
0,138.39,1.6,0,1,0,29.958439963160956,1.081380559873455,5.437362955289098,-4.389807491346666
0,77.95,2.23,0,1,0,-12.546423243322732,-7.108949961199683,-6.034227923752155,-1.9502731693270445
0,40.56,0.43,0,0,1,-14.754179003964744,-8.931349714193924,-5.515121608281198,6.226468658459705
0,39.95,0.74,0,1,0,-9.591417416688621,-3.063206943638918,14.028367501020174,-4.131951448668278
0,10.69,0.92,1,0,0,0.9967556220208726,-17.971663393728996,5.234048572383635,15.302121679099379
0,141.49,1.41,1,0,0,-4.095589393347153,-15.005485294771027,-10.038717518556176,-1.979476901023986
0,16.94,4.4,0,1,0,-10.51479352730861,3.776371729301386,0.8333286322923377,0.047706486731734776
0,85.31,0.8,0,1,0,14.766239619274977,6.428270895207247,-9.3716115753562,6.270709447819828
0,32.96,1.43,0,1,0,46.63508506895911,9.202199586345312,19.75226601368942,-10.235682191778306
0,17.24,0.84,1,0,0,-12.951324448504025,14.181290431765566,-2.9561555953279592,0.9160437119955412
0,47.71,2.33,1,0,0,47.728636973201425,17.269898387514942,-22.839214971478505,8.057710894476266
0,4.16,0.36,0,0,1,-19.974420430590914,5.81984833624209,0.531495714920831,-9.584216410045473
1,61.13,1.92,0,0,1,134.02943537664447,86.33023884621107,53.388879638530526,-36.99257310562138
0,25.0,0.7,0,1,0,-18.005180738887727,-2.4798772874397055,7.351236208259196,2.178921705213827
0,0.36,0.15,0,1,0,-28.99447391680489,8.692652329818731,4.99776363789933,2.1622500439308596
0,299.36,1.59,1,0,0,11.588504487237667,-22.279299041464164,7.9164474270313105,-11.314489960159213
0,41.23,1.26,0,1,0,27.281591510979332,18.67260111567186,-13.788640734048954,12.050742287545306
0,5.69,0.16,0,1,0,-17.682885732440308,-6.206866026356724,-9.063223930349162,-1.892945382102155
0,26.2,0.94,0,1,0,-12.778857368996594,1.874648710540397,7.02184268665043,-0.9852285227646298
0,1.41,0.49,0,1,0,-32.0805708964814,3.4720165893325126,-2.762118710123002,-3.6992050791928985
0,82.59,1.45,0,1,0,23.965017891529556,22.875453890819266,-6.143266382419163,-2.2410864105753636
0,2.44,0.59,0,1,0,-26.791588082038956,0.9011772129385165,0.007037114836158598,-2.0369375961068625
0,222.19,2.03,0,1,0,4.54711554632269,-9.42300291873873,-4.100842417168511,-5.798733577360986
0,4.49,0.49,0,0,1,-20.019589110953213,4.687133642829199,1.6415980557233856,-5.301491092321307
0,38.74,1.38,0,1,0,20.4793900045139,24.87647090688132,-18.244932813491683,12.705885419121596
0,12.15,0.58,0,1,0,-33.276832061494126,5.8080914103500385,2.2704256637274245,-4.847883979253062
0,4.93,0.39,0,0,1,-22.474997844755563,7.026135474179052,-0.1537625435346232,-5.011943136400251
0,6.86,0.28,0,0,1,-21.810569608505705,7.645188853679724,-8.729042666854228,-3.289065070932833
0,325.2,1.21,1,0,0,-0.45559386716613093,-23.046320204736364,9.277871703662921,-9.670821745898497
1,201.51,1.81,0,0,1,15.310174949586225,-43.310572959322414,-16.628611968735257,13.032408524482
0,29.35,1.7,0,1,0,-19.45329756573656,2.688964202348899,6.558259580225847,-4.509673867646259
0,7.91,0.37,0,1,0,-20.207194345963103,-1.867886844105615,-6.391356871662381,-5.166058589214901
0,42.87,1.43,0,1,0,5.680034422917752,6.503380051977257,6.6915203229820674,-4.415064012077918
0,97.54,1.39,0,0,1,19.951431028135215,-5.733361814279755,-1.653936050418244,8.947897099535506
0,42.06,0.23,0,0,1,-12.988758931831415,-5.508908649274259,-2.1231087266271325,3.401710789721439
0,48.15,1.83,1,0,0,-12.020436870952242,-5.719883492474467,1.1838982146415264,0.3956494732624086
0,1.43,0.46,1,0,0,-27.782339822903005,8.806587014004872,3.915749112703335,0.24817177241561728
0,20.94,0.5,0,1,0,-5.384565847832835,-4.724268887874142,6.862241627242854,-4.778595438005621
0,6.07,0.46,1,0,0,-13.341373870815344,-4.234856157512939,-10.794349310308208,-5.718898406643763
1,199.57,6.64,0,0,1,109.19256939525214,12.59295517680611,-13.020666909800244,-28.499375468596153
0,42.71,1.27,0,1,0,-11.973560630147439,9.454796287831865,-11.19502580131266,1.2491214188298738
0,1.65,0.33,0,1,0,-32.511544534453414,3.76685613643184,-2.3698113188713794,-3.9834313829342127
1,87.95,1.82,0,0,1,21.41172164478719,-27.72883676597096,-18.062330095582375,14.107828166382117
0,1.73,0.08,0,1,0,-23.33639424027112,8.52241737113388,0.9573745163049281,-0.045739278540469
0,148.14,1.53,1,0,0,28.503086798880517,-1.2800946397294313,-14.749352184537994,-4.546362888773239
0,98.38,1.11,0,1,0,-23.637606943299453,-11.806857082729712,-4.093815558896779,1.3561686238538284
0,28.43,0.82,0,1,0,-0.00019866553317859914,2.4625560820653667,8.5972419289772,7.666618453032442
0,17.99,0.54,1,0,0,-32.72695650084896,4.990282335146356,0.24125732009011835,-4.2623317478993
0,8.88,0.44,1,0,0,-3.1601444639148606,6.6571585684900425,-7.528166692623349,13.685998820046459
0,1.15,0.66,1,0,0,-21.43094941828856,-3.1825350254062217,0.09002449409891683,-4.65907289703273
0,4.71,0.65,0,1,0,-25.189103541437504,6.921482815309716,-0.8480709089787972,-4.2967348193324755
0,30.76,1.45,1,0,0,-27.206463058284236,1.3360304685360416,-0.5762127897587599,-2.476828918932449
0,27.43,1.23,1,0,0,-0.4628049105746502,1.9855680844979344,6.016805891326453,12.725738451489924
0,106.47,1.72,1,0,0,3.4062919385946895,-35.007937810842954,7.926121982264969,-8.223910261396265
0,72.44,1.01,0,1,0,-5.296530180276882,-6.016872458682122,7.594462793826211,-6.873773150709079
0,39.76,1.34,1,0,0,-16.28178259857265,-5.157970886850007,7.844102282932666,-7.072472524634955
0,39.57,0.7,0,0,1,-9.314636734647445,-9.582500409800376,-2.807676020722857,5.004961364297381
