is_legendary,weight_kg,height_m,gender_Female,gender_Male,gender_No Gender,PC1,PC2,PC3,PC4,PC5
0,13.54,0.72,0,1,0,-0.09379255131031407,-0.08111004985895821,-0.005194222198027509,-0.03085068567673882,0.08694075191664563
0,19.04,1.03,0,1,0,-0.12425152447817246,0.03684878874487645,0.0072566714417975145,-0.049681430754668354,-0.014772409862826541
0,4.73,0.61,0,0,1,-0.07358409053156587,0.013920160257171984,-0.1857792527083712,-0.0953009619903851,0.0025422969211204944
0,22.05,0.59,0,1,0,-0.2562324112154544,-0.0497813595440757,-0.07155691203960608,-0.0469372128984053,-0.04853532783811677
0,108.05,1.5,0,0,1,0.11574691930601196,-0.1364772958672766,0.07084275119902911,-0.019158988502405938,-0.1052666347303558
0,88.12,0.96,1,0,0,0.049954962754234805,-0.17152910178732947,-0.09677685234140627,0.08034738186452973,0.07116667214124778
0,8.65,0.07,1,0,0,0.15794168730549288,0.010518224915249596,-0.023835754341655403,-0.0613419817548234,0.02097106433019054
0,55.97,1.05,0,1,0,-0.1592154746000853,-0.06536673451598053,0.045786687054057695,-0.0891164659106409,0.01789939672277442
0,105.46,2.24,0,1,0,0.09946205891513833,0.07920723342099953,-0.11990980121199975,0.02258466472696379,-0.04456837277731904
0,21.71,0.48,0,1,0,0.026141175052788512,0.06925229404780552,-0.06285032442578373,-0.010097942984752717,-0.05900998382979629
0,14.18,1.3,0,1,0,-0.023658883787223566,0.1497013626007435,-0.19660043054373313,-0.07832404234534769,-0.10744492231064244
0,1.58,0.37,0,1,0,0.6156615621544468,-0.15760815410121576,0.11304940361537955,0.044474266021650256,-0.12656815869465154
0,40.13,0.59,1,0,0,0.10536347645972667,0.4633803946027582,0.003224633356134727,0.21565076993560325,-0.03442913191896705
0,0.91,0.1,1,0,0,0.1341423777338912,-0.17683030109645578,-0.18609971178920398,0.08632595506334782,0.09033388811251125
0,26.13,1.54,0,1,0,0.08051762498736352,0.05562121786218339,-0.12321462231310909,-0.12020382688305017,-0.0054535961050827106
0,102.31,2.55,0,0,1,-0.028911731912855985,0.005505197457008665,0.056727408935858425,0.034115977415296914,-0.04741291660802726
0,46.15,1.85,1,0,0,-0.3106851174088132,-0.24209212177590453,0.022546894908156954,-0.08003015657119081,-0.01616200443780329
1,35.14,0.85,0,0,1,-0.058504006865174096,0.07288909759327902,0.13007527839729296,-0.03657997843207387,-0.060625084795756616
1,331.48,4.57,0,0,1,-0.13602577985797337,-0.13615070000780088,-0.19140769033058433,-0.011758527667847504,-0.007101329557295134
0,40.73,0.26,0,0,1,0.1551780356039328,-0.13569219615280967,0.13570813695977738,-0.009458248044214414,-0.06321320423381381
1,202.89,7.21,0,0,1,-0.039747935938540035,-0.040762592342442096,-0.15922051446069682,0.00687261515481783,0.01811787098956304
0,10.7,0.24,1,0,0,0.22633277520031717,-0.03562161966714919,-0.09205287354754277,0.011146792746478396,-0.009409451732247026
0,55.72,0.92,1,0,0,0.11817069746139205,0.2413419463337199,0.03052963163945889,-0.05362660456989011,-0.10346405040556353
0,22.54,0.76,0,1,0,-0.1790473199772915,0.08982776878219156,-0.07598743183983697,0.002259782083065167,-0.07769696571632438
0,15.16,0.73,1,0,0,-0.3252189933804031,-0.07115620734892553,0.03461140562655234,0.032704087565696066,0.14520079950020015
0,92.77,1.1,0,1,0,-0.25790973838886255,0.14251064219119475,-0.2093532416570914,0.0036482840475746798,-0.006565286571508551
0,57.57,2.48,0,1,0,0.01114141164036203,0.2567996472097179,0.09936851919841641,0.10018492618224592,-0.13784481625486375
0,29.85,0.59,0,1,0,-0.18026148388237595,0.02077163760475575,-0.0605757310214432,-0.0369143067620847,0.01609470344427076
0,157.44,1.23,0,1,0,0.046516816094785966,-0.16320025307494362,0.002618902377618546,-0.1108472719016795,-0.011971841613251481
1,496.37,7.0,0,0,1,-0.1446333371448535,-0.05736993156736877,-0.2544261491731477,-0.03983140692907797,-0.11051360974407201
0,32.29,0.72,1,0,0,0.14929440035446945,0.12873405947069122,-0.09899899746998896,0.1069385513656,-0.10457514630685975
0,28.53,0.35,0,1,0,-0.009599222033823318,-0.02306297717523907,-0.1844466492978893,-0.004244896845212256,-0.0038507410939458146
1,1.53,0.35,0,0,1,-0.02242133268794989,-0.035349904955980394,0.012103094335015158,-0.02371547508741579,-0.01339646195629334
0,50.1,2.29,0,1,0,-0.11810793019105863,-0.15521458144815092,-0.06050797188372808,-0.10323109977938279,0.04595687972219359
0,133.77,2.39,1,0,0,0.10091375773046779,0.12904671008561758,-0.22796208528768938,0.07915268909091021,-0.07290710975400955
0,303.52,2.2,0,1,0,0.2864674620802034,0.1637228623197216,-0.07312358225583906,0.004649351961351154,0.016087251633912267
0,1.9,0.32,0,1,0,-0.22237476701932854,0.07090416085115663,-0.05978185615618656,-0.1397471025885385,0.07424318016176105
0,0.8,0.74,0,1,0,0.223935079481224,-0.004162015852931095,-0.029049354482946817,-0.18390442099429966,0.08426462354990304
0,38.78,0.2,0,0,1,0.17177391629997735,-0.12951159044532315,0.14117204856358317,-0.02402055198488921,-0.0853044787894856
1,58.0,1.12,0,0,1,-0.22994189364152698,-0.29002119027678214,0.004066332493243259,0.13229396194036752,-0.0839629295290728
0,0.67,0.3,0,1,0,-0.05888571884357278,0.03186916094711349,0.34855721117268734,-0.055963295974167486,0.0668102206927729
0,9.64,0.58,0,1,0,-0.046098754649806076,0.39023971018108844,0.04294370777282373,0.10179527264210247,-0.042203881337135825
0,41.21,0.3,0,0,1,0.2349688695625922,-0.1190061326007095,0.17998897502583797,-0.07317176141956959,-0.0061742239953944305
0,52.11,0.92,1,0,0,0.053394014736681664,-0.0179564733335835,0.0016262267714027467,0.041767166721347886,-0.03423717916651339
0,21.6,1.24,1,0,0,0.18961479878175094,0.12986848533039286,0.05384769945639913,0.07878392496047505,-0.15494083957746485
0,24.56,0.94,1,0,0,-0.18666098558450356,0.13780045444177505,-0.019466195498049697,0.06804357526039913,0.0696261791871879
0,0.63,0.37,0,0,1,-0.2620136447671695,0.12003692267196628,0.00886438273867955,-0.0863818987128533,0.024027980042395952
0,55.68,2.2,0,1,0,0.018249810904636534,0.2680577560130899,0.009252466175011208,-0.010010524454931011,-0.1790266188420644
0,21.59,0.47,0,1,0,0.025301279319466408,-0.10122672839318787,0.06557413628466005,-0.04335591195774288,-0.011748615991082382
0,70.96,1.19,1,0,0,-0.1575079387799616,-0.24203927983094756,0.09721635438412281,0.10270090582725863,-0.07494651390347913
0,121.01,1.6,0,1,0,0.08895496359769522,0.05331380958248121,-0.13694012545347128,0.06929459491752736,-0.04623636459238404
0,28.65,0.7,1,0,0,-0.10733411150604111,0.255983929117762,0.2348070720801366,0.02603799895896968,-0.09339420093474715
0,81.36,0.12,1,0,0,0.03275848878785075,0.11230655990421405,0.04434920056672205,-0.06604736876107056,-0.03775881271947857
0,12.26,1.56,0,1,0,-0.06573975825088978,0.13635402601728297,-0.2449874238769021,-0.039087371578874895,-0.14359769566118039
1,29.21,1.43,0,0,1,-0.09266454300625801,0.17161977598167455,0.1354112547163261,-0.021595385487199328,-0.09640074165754661
0,43.67,1.14,1,0,0,-0.11252690729921279,0.3176983721267011,0.05680541203705861,-0.058092777983487186,0.017017347656310845
0,36.69,1.43,1,0,0,-0.04754653585455887,0.31945641442258316,0.03007234768184684,0.047668779213432405,-0.17069558435661164
0,10.3,0.45,0,1,0,0.02613160334859204,0.2187134471956486,-0.03733113737774283,0.09352869759457078,-0.05909927376922943
0,7.79,0.49,0,1,0,0.044315122074251694,-0.2628934589236229,-0.21797403818342898,-0.046229844685450036,0.038480085222622584
0,37.68,1.71,0,1,0,-0.18521299426039114,0.1127851154210866,-0.09045501085201589,-0.056576414346151245,-0.017320038111170312
0,37.86,0.8,1,0,0,0.22966524114546455,-0.11054681313041965,-0.06339951596210536,-0.05710263484861656,-0.03763960283313321
0,4.98,0.34,0,1,0,-0.20095224147312465,0.08294760574727736,0.19715304610844295,-0.09938072064347822,0.02129517822165859
0,111.97,1.9,0,1,0,0.01873480868690627,0.2986461040325004,-0.023290805440878352,0.017960967680020746,-0.048220147372375094
0,9.35,0.21,1,0,0,-0.09381469535474023,-0.11348472681289692,0.09978122182088806,0.005377495345989436,0.04194633504814006
0,43.25,0.37,0,0,1,0.23539003267217207,-0.16222126762389708,0.20106281658100253,-0.032540565434899346,-0.07836485742819939
0,2.49,0.45,0,1,0,-0.1934244371971336,0.3463697099658047,0.10873322014248799,-0.012187998605868966,-0.049356153499675724
0,50.66,0.76,0,1,0,0.3085941719387819,-0.27735545296717284,-0.04540526276479277,-0.10854947848856855,0.10748405087747372
0,57.43,1.08,0,1,0,-0.1857054028161325,0.050887371136113906,-0.09149982298552022,-0.008893536256556282,-0.037563413691911296
0,213.19,2.48,1,0,0,-0.030374274407097644,-0.23974365823450342,0.2116049193477913,0.12037015648953504,-0.15353612544881545
0,96.04,1.44,0,1,0,0.24600584928122307,0.03650524672544317,-0.13056864534138882,0.0529916670245061,-0.01042865676494258
0,60.11,1.66,1,0,0,-0.05956857093440077,-0.04494046617180748,0.06749374549776911,0.06206091998541573,-0.15133792878502236
0,31.85,1.09,0,1,0,0.07828587072200927,-0.07657619372197667,0.22401885072291386,0.08851990995303648,-0.10900814152844238
0,54.71,1.13,0,1,0,0.2821114147501762,0.26548986162341065,0.08579060697630071,-0.01699644202331854,0.045812139079448
0,34.86,1.98,0,1,0,0.04005268166888123,0.012945923864740147,-0.08182654989478766,0.01656484787548056,-0.10343109673453565
0,35.85,1.74,1,0,0,-0.03552976509520717,-0.27134859105533604,-0.22297503939534014,-0.0923658280818501,0.029026578262729433
0,41.72,0.76,0,0,1,0.14263879813315997,-0.12696226741324185,0.14781255508803662,-0.059519169539467634,0.03607770488235264
1,63.97,1.47,0,0,1,-0.3443662389688439,0.1173518219707922,-0.13562854073311903,-0.1054843713342304,-0.013739409055740927
0,41.48,0.48,0,0,1,0.2715100278408059,-0.05160014084234872,0.12163730471054589,-0.037528515640939994,0.04136152783642538
0,42.21,2.34,0,1,0,-0.221466061750857,0.02520848494813399,-0.029909658509392343,-0.06809910803340767,0.027470354247685274
0,40.75,1.7,1,0,0,-0.26910686986017696,-0.2284807122116313,0.004084528040296114,-0.11124568704422981,0.023202598523455593
0,17.3,0.74,0,1,0,0.09826538092124011,0.10275931663414889,-0.139067622233209,0.014108188815244452,0.0449480309571647
0,33.64,0.8,1,0,0,-0.23120215441554814,-0.0014570531188404872,0.17066921409599137,-0.05216843601761986,0.04044080049226144
0,99.8,2.19,0,1,0,-0.0275738592316663,0.18871149697359718,-0.01920129041049765,0.07691717452787859,-0.026134370589754687
1,980.7,0.14,0,0,1,0.5083678208661676,-0.17907385389246616,0.2615241442491289,0.005584829834620352,-0.09479542692514338
0,3.19,0.09,1,0,0,0.08068541998316608,-0.16065806613466393,-0.061363145560070276,-0.06843541389766289,-0.031160001401624088
0,33.17,1.16,0,0,1,-0.19021487281824578,-0.2188199739735859,-0.10327390284719862,-0.027302256561918453,0.014867765703492302
0,24.98,1.61,1,0,0,0.055811778632588405,0.2076985651986372,-0.13105362672510376,0.06400101699537802,-0.07077664529148274
0,94.27,1.71,1,0,0,-0.07688394897639798,0.22955062728355077,0.08568260387514358,0.08819548684140927,-0.008755709806485032
0,67.26,1.75,0,1,0,0.05731704478781302,-0.26205294613337304,-0.19790777302857618,-0.08682084145496896,0.02400548368651754
0,12.0,0.49,1,0,0,-0.10703021413301037,0.05749684975696106,0.12609577017908044,0.08350297336588444,0.0936907225545826
0,8.27,0.21,0,1,0,0.2837071797772812,-0.12393195589549304,0.0261937702128366,-0.018220191650631053,-0.085429162779916
0,58.57,1.68,1,0,0,0.10791497898027144,0.15213429982917423,0.1451246179591531,-0.059691142989540015,0.011977353821993822
1,78.82,0.31,0,0,1,-0.05705561483815538,-0.018585719027999284,-0.09809181050262794,-0.08944925490484741,-0.011477204304582728
0,135.97,1.55,0,1,0,-0.059323142295076244,0.17322826925051082,-0.13193698359370531,0.0877943284291857,0.07260277759484124
0,40.25,1.15,1,0,0,0.05635470917107313,-0.1257786790176704,-0.04566743855849431,-0.06906764561454364,-0.11206952514555858
0,1.7,0.17,1,0,0,-0.16527026445238582,-0.10137159924252312,0.1240225085351098,0.016641940423898577,-0.1675091187319573
0,54.08,1.47,0,1,0,0.09844787677140926,0.28858931985730923,-0.0916846665419308,-0.0385992602352106,-0.03853038353102325
0,5.58,0.31,1,0,0,0.14330359284274974,0.10228667768657297,0.11630735289294095,-0.027245745648545573,0.04863256438862787
0,70.87,1.65,1,0,0,-0.08500958230187047,0.15143911633734763,0.08267482852281675,0.023514113430524043,0.011493297775588922
0,0.92,0.45,1,0,0,-0.01791383661481994,0.002150489583539484,0.04266390189251951,-0.026273275032438367,0.04957228238493734
0,20.62,0.77,1,0,0,0.16847210263929263,-0.07001482154898409,-0.1427522010644418,-0.01946207377807034,0.029212612143571737
0,23.71,1.07,0,1,0,-0.26462297691655284,0.16865496609815375,-0.04120845870527044,-0.046887079114894134,-0.1072720915365196
0,48.38,1.5,1,0,0,-0.07027592438556333,-0.40727661268714377,0.06548840099545579,0.703537508559252,0.024713450751089383
0,101.22,2.59,1,0,0,0.06515632134457894,0.17542368798732588,0.0546703961050838,0.06941000353259849,-0.010906038043756939
0,43.26,1.97,0,1,0,-0.2164133060081548,0.02793824163585114,-0.010085314404102971,-0.036082712121536464,-0.01215720928623093
0,79.01,1.76,1,0,0,0.05943577679884218,-0.03926151005917663,0.045434075835736075,-0.0804633549111379,-0.0008088326409893256
0,52.19,0.45,0,1,0,0.4770950296061692,-0.14431187072349325,0.21830214938405587,-0.15852001088194567,0.030161057642508822
0,17.6,1.33,0,1,0,-0.2729419484449946,-0.03873609672181092,0.03547715296289177,0.0361812766091906,0.18651141044294825
0,10.69,1.29,1,0,0,0.2506111716046315,0.1598783084113448,0.19199474358437305,-0.03287720287586632,0.22392114822527548
0,87.68,2.25,1,0,0,-0.07056924179625795,0.18898188022556436,0.007900357428039469,-0.0011450674647561659,0.010045351374669241
0,34.6,2.27,1,0,0,-0.022634469092978417,-0.09998326010293497,-0.14115669997248467,-0.016867909730543834,-0.1295626167564434
1,39.69,0.83,1,0,0,-0.08514651063339332,-0.06807146133358849,0.10602935928356363,0.029425162025733767,-0.11450869725133697
0,150.58,2.24,0,1,0,-0.12484211862855937,-0.08780380649237288,-0.09992556480569535,-0.005613412537241615,0.03126688554088535
0,2.35,0.37,1,0,0,-0.14882446871467048,-0.19478578568947363,0.007863943843912561,0.09623092885046691,0.03467780955686643
0,67.9,1.33,1,0,0,0.13448931767428074,-0.17322273500044252,-0.037437045298704764,0.11616951291400594,0.03904894662379848
0,102.32,1.48,1,0,0,0.009300055518140244,0.286320839174896,-0.2632723447020135,0.08491851911741853,-0.031808659966717744
1,23.59,0.54,0,0,1,-0.07497389404686923,0.11153988599820841,-0.0449982869093917,0.005907503365684321,-0.04695153941205674
0,55.58,2.43,1,0,0,0.38551087357963454,-0.14440995358019396,0.3119588645487314,0.0362276324957663,-0.12085926050775554
0,12.93,0.85,0,1,0,-0.08159117285907719,0.19756613926472066,0.054049880453360837,-0.019310600809494868,-0.059716605465276254
1,175.01,1.84,0,0,1,0.11498485792582898,-0.3214988264419399,0.13712131087743,0.07317177989477307,-0.25329151204075695
0,6.03,0.14,1,0,0,-0.3385271133393655,-0.27971056486612933,-0.05392780805499385,-0.020095851721536745,-0.08613044654401263
0,6.48,0.56,0,0,1,0.04223322871789298,0.008592862096020417,-0.20711266718950377,-0.026017899885514718,-0.07281586752082025
1,1.31,0.49,0,0,1,-0.09551923370136362,-0.03012038187754708,0.04396236770298335,0.010013893681228596,0.0393476832680391
0,11.52,1.42,1,0,0,-0.03850963981386035,-0.18385523540524618,0.09854617029428833,0.07285803185520648,-0.17618684964813122
0,19.06,0.67,0,1,0,-0.27289708069559515,-0.060678140831447944,0.031230041973013236,-0.028004473256553416,-0.0514831765104499
0,45.12,1.53,1,0,0,-0.28652865809439526,-0.16222053758639188,0.0554395968180929,-0.05030772916100419,-0.03411128123960646
0,32.83,0.92,0,1,0,0.3882123902589645,0.05255209071544359,-0.1470246855939534,0.23108361651810025,0.12828388744913968
0,1.42,0.15,1,0,0,-0.2175333087532165,-0.0034153165967090787,0.10727102683633276,0.20103338123833112,0.11024951614837691
0,68.55,0.25,1,0,0,0.24210507289707903,-0.14124120282240663,-0.11007876108047822,-0.11770777168989845,0.1771908403509395
0,6.07,0.67,0,1,0,0.16197541127272855,-0.13998642284859938,-0.05753882473165767,-0.11596678857572884,0.012273572902979228
0,32.89,0.95,0,1,0,0.09578815296329923,0.11875735222320725,-0.14891091906124349,0.05126838598193488,-0.03034124136850961
0,41.34,0.44,0,0,1,0.21216142673051194,-0.08961884503011444,0.14275442156228946,-0.03102788296876542,0.0008346283647641824
0,76.2,0.8,1,0,0,0.10629481344346743,0.0744849523285834,0.08743284188390052,-0.1016249299074876,0.03967016131631116
0,5.85,0.32,1,0,0,0.0462827074314296,-0.04290681574979327,-0.036261862403353606,0.12746962744631615,0.016635653525817397
0,16.86,1.19,0,1,0,-0.07562314268438175,0.08121733808760062,0.04898105351275773,-0.055222120292411914,0.07373026634993857
1,60.75,1.92,0,0,1,-0.2759250149167795,0.07954563537102007,0.2355482039286528,-0.10140775956303887,0.033267192592755436
1,333.33,2.9,0,0,1,0.0369353456823542,-0.1438023671309502,-0.14272107980177323,-0.025482748482387546,-0.04038359796240607
0,256.51,2.38,1,0,0,0.10767346829304304,0.21578768239862636,-0.18053931611718288,0.33992032331385313,-0.010479248939240174
1,56.46,1.66,0,0,1,0.03075131882498668,-0.1136309492468841,0.03825271533323689,-0.008603149563181778,-0.02428712576249927
1,199.88,5.8,0,0,1,-0.06345553388654479,-0.01885072624854435,-0.14976401844595963,0.0018625438320983398,0.049475412709770406
0,6.19,0.87,0,1,0,0.20260982861027316,0.4033367576170086,-0.14408285288382844,-0.10890555819264124,0.02716877023415367
0,161.64,5.86,1,0,0,0.0010389728207611723,-0.20376785495186284,0.06324060073154235,0.0625703892285599,-0.1084896211030273
0,44.62,1.97,0,1,0,-0.012722727934516835,-0.2772451050183786,-0.18202823028950835,-0.12089667658212461,0.12199300938175059
0,32.77,1.51,0,1,0,-0.04882498474477184,-0.0720136707858473,-0.13073932825358578,0.004865035324347619,-0.09150989803239946
0,39.43,0.41,0,0,1,0.1308555248189217,-0.15224967128731687,0.09408773325411537,-0.08277122857629797,0.025566234726856884
0,87.02,1.8,0,1,0,0.09459906351741199,0.2580930783699439,0.08518800691202372,0.012378727605866361,0.015993966038348923
0,2.94,0.53,1,0,0,0.01036209839883592,0.03325719166869547,0.1049011639211934,0.08185111145806179,0.05154047447943084
0,20.68,0.58,0,1,0,-0.09789036507035596,0.1531725045104307,0.11783254217005584,0.008934591668455588,0.0891273165954735
0,5.48,0.39,0,1,0,0.0386154791397363,-0.08822660208516675,-0.11808398637465292,0.19575120991697545,-0.0332743835595914
0,22.0,1.37,0,1,0,0.1282838083834181,-0.00639926549287574,0.03887300791254349,-0.03995908967180479,-0.0388389233129071
0,31.76,0.76,1,0,0,-0.07476096513852742,-0.020602677576610932,-0.056272714802171206,0.04239679835376351,-0.07954087032844395
1,23.98,1.64,0,0,1,-0.39403207018790104,0.07114459311199614,-0.03535277529709037,-0.09602115752056664,0.04489548542342044
0,113.02,1.63,1,0,0,0.34517852258999854,0.15062336412291774,-0.07333193418759286,-0.09377666615489708,0.13874781048663395
0,135.1,1.55,1,0,0,0.18255453363727384,-0.16484582010444318,-0.06696668482549983,0.06476259724272691,0.03642562629336436
0,97.72,1.71,1,0,0,0.26416958019131187,0.086447594286387,0.12813501175496453,-0.05184551740205829,0.02336048161492038
0,29.29,1.61,1,0,0,-0.12703605024256567,0.0091879792486049,0.16115152168550087,0.014670709412375523,-0.04131414381769778
0,98.54,2.43,0,0,1,-0.00802355586679508,0.003937031388296931,0.010161468598042742,-0.005517954955269537,0.042683718426188524
0,66.59,1.99,0,1,0,0.0842163024138927,0.13372017380151027,-0.1466352958922377,0.05080224480262155,0.012483123630811728
0,18.78,1.23,1,0,0,-0.11202551274688954,0.06115779776434158,0.010055556722600252,-0.030616256219644235,0.06415754105907294
0,69.06,4.06,1,0,0,-0.004516752353479193,0.12216565324261151,-0.00942329122443334,-0.03216559685463468,-0.0834118500783371
1,230.93,2.01,0,0,1,0.39098126605577965,0.01959367533775181,0.06198152272025771,-0.09393784669861313,0.04932265065953517
0,6.62,0.61,1,0,0,0.08306132771656671,-0.1040218515876705,-0.19514290211445606,0.15928009596581083,0.0047052087849458165
1,197.64,4.95,0,0,1,0.001398641128204869,-0.11608962525002943,-0.08408325159842282,0.029015425144487142,0.0479484443983432
0,5.45,0.51,1,0,0,-0.3584685542819628,-0.19482343437384309,-0.0010741402716221802,0.058484112849032,-0.10128538172624599
0,8.76,0.77,1,0,0,-0.13483727562134223,-0.03309660520878941,0.02351667201803,-0.1284462562082002,0.023213819358569334
0,39.78,1.72,0,1,0,-0.21550185578009878,-0.06033462460749503,-0.012199926827710537,-0.06717250392863267,0.029933685720268874
0,5.02,0.22,0,1,0,-0.29029741959747335,0.12339186174696785,0.2914354312542406,-0.011752267544037893,0.07807884445427332
0,7.2,0.32,0,1,0,0.07169392934986021,0.07651715136778414,-0.15364267811210786,0.038997264768570725,0.0069137382899946195
1,213.44,2.17,0,0,1,-0.07488785665452716,0.12941249034279548,-0.056303214759092814,0.06722708413977052,-0.019855514017926002
0,2.6,0.41,1,0,0,-0.18215737769376555,-0.08455533343640853,0.005049222988703977,-0.03866089369287944,0.07469391528223636
0,98.61,0.27,0,1,0,0.5082031306784236,-0.15505934647601438,0.18417731684598632,-0.12375305798900152,0.02177462775731262
0,0.64,0.13,0,1,0,-0.17751688250200756,-0.03397951553074168,-0.2742438282761345,0.41877579475838617,0.1942794615260632
0,28.92,0.48,0,1,0,0.05885067775691697,0.42330947963789883,-0.25081168172075147,0.08015382056146945,-0.03139785077708105
0,15.51,1.03,0,1,0,0.4005479259134956,0.10251012053447875,-0.06878767641229622,-0.08056015394732756,0.0299564971739329
0,30.18,0.98,0,1,0,-0.17799379461667741,0.06949207820058138,-0.05004599192377084,-0.0075895222320584935,0.0020832295311087445
0,8.87,0.54,0,1,0,-0.20727090804822262,-0.12462132116081234,0.09582574332937092,-0.07534939513133875,-0.045116637173416116
0,4.64,0.71,0,0,1,-0.06251133688843838,0.01827736564273803,-0.1742579145369117,-0.09232841738142797,0.027230641032282645
0,25.09,0.75,1,0,0,-0.05001087884765344,-0.17820877029318644,0.2052278553267734,0.7351770955099116,0.02228871566756543
0,3.61,0.19,0,1,0,0.13336486120437452,0.3003344371180126,-0.08415582516667405,0.16891418886313345,0.016620661764513805
0,22.62,1.31,1,0,0,-0.35147450870708336,-0.0875207809285516,0.005394114926597267,-0.0881738332757415,0.05742586571684619
0,132.68,2.8,0,1,0,-0.23944117734674294,-0.06685466959527905,-0.14086481648701574,0.22217929481263185,0.24092208007415886
0,44.63,1.42,0,1,0,-0.19533368198387724,-0.22586904429155236,0.009444384041270563,-0.04359933296709134,0.03266636525296899
0,47.14,2.14,1,0,0,0.32260458362089395,0.13631365420224772,0.15473719674695904,-0.09476081180713117,0.1321769278668377
0,16.8,0.63,1,0,0,-0.17975206656109619,-0.13029527195441265,0.058547101585179756,0.03403541999110658,0.11526717508323839
0,72.0,1.14,0,1,0,0.11134139010746716,0.1937255444886766,-0.15157128580159027,0.07415820698849575,-0.06419490394449583
0,499.15,1.49,1,0,0,0.5404218942099166,0.10528383302945005,-0.060348104078588476,-0.0687039142680656,0.19725638781425084
1,19.55,1.05,0,0,1,-0.19109045328683533,-0.23091378428878845,-0.057504857283553985,-0.053804107366451914,-0.041751205823018556
0,119.89,1.85,1,0,0,0.16495479789264303,0.21202953518690787,-0.06897550776309837,-0.010782257160476911,-0.042079607523925144
0,31.94,0.64,1,0,0,0.11810000812714125,0.09743549787029306,-0.08367514935029571,0.19307252835032354,0.09939680146576385
0,56.35,1.79,0,1,0,-0.10308530035402344,0.005344901912026868,-0.23326256726542785,0.030377473633489582,-0.025807912331763726
0,38.7,0.74,1,0,0,-0.09736781516948216,0.352670973190939,0.08589575619692504,-0.10134590554074166,0.004339358294540064
0,14.15,0.7,1,0,0,-0.20855542902008736,0.020994601792429218,0.09056121306467205,-0.1099455170625212,0.10304859317333513
0,7.0,0.26,0,1,0,-0.0332442825712683,-0.11141029892402987,-0.08327806810819945,-0.09763665695716577,0.052082181464697744
0,159.83,5.88,1,0,0,-0.009020841109919025,-0.25786640033744096,0.11241927147428898,0.13697722800311718,-0.12562048387765398
0,208.14,9.25,0,1,0,0.3682811341588847,0.03679693300612439,0.3280883977347756,-0.2272259283391706,0.2346293284571313
0,39.8,0.35,0,0,1,0.23367893260288009,-0.14927070325926456,0.16419316367525721,-0.023744226834916383,-0.028348175997300336
0,51.73,0.99,0,1,0,0.17513513830415675,0.13244481502893712,-0.22605021046474386,0.08591014916956172,-0.011289921462995399
0,30.33,0.67,1,0,0,0.00020375502145040798,0.10406478544808659,-0.0023530215189587703,0.0048159283044469986,-0.05415475575213628
0,0.74,0.03,1,0,0,-0.12237981852667795,-0.283662175947448,0.039527744721407417,0.037290360055888504,-0.13474550778015787
1,36.28,0.64,0,0,1,-0.10520922966357593,0.13934581157707582,0.12166108374285815,-0.039293020877349254,-0.05677911362275415
0,5.77,0.25,0,0,1,-0.030351300701520968,-0.297000793008124,-0.04994706560208964,-0.23660020745183902,0.05189537343180933
0,49.48,1.2,0,1,0,-0.10279700213338841,-0.04180910585308813,0.11084186343973272,0.050487591813232854,-0.09486266356010159
0,17.89,0.25,0,1,0,0.39874459945056495,0.1787046790189364,-0.10173834745176294,0.022698285210286683,0.12865695020687104
0,42.33,0.93,0,1,0,0.18952212061461834,0.11842812932776145,-0.22445452008509353,0.1668579288962675,-0.024792436978076593
0,84.2,1.17,0,1,0,0.10831640135163156,0.36857022516012505,-0.10782893226580048,0.3361866268109168,0.03772813791410608
0,94.45,0.8,0,0,1,0.13364230973076677,0.1390759949713434,-0.1084552117485009,0.053691118079690466,-0.03247724423693669
0,6.95,0.35,1,0,0,-0.023056276544908067,-0.006276581492088621,-0.08325920865954475,-0.11193960679113224,-0.024563497597677297
0,3.36,0.48,0,1,0,0.08334488011209097,0.1689892488030762,-0.050695880840830876,0.003988959862208704,0.010613474539938158
0,62.05,0.9,0,1,0,0.16169846248392886,0.20057684608043758,0.04906222361724561,0.08518079604706656,-0.07165790877619845
0,101.99,1.67,0,1,0,0.1176046810518673,0.05976981849703721,-0.16625565809622994,0.02300977379176301,-0.08864228580475798
1,25.87,2.23,0,0,1,-0.3698515977334351,0.13713998608058886,-0.00972953173584434,-0.05230514408982309,0.04222868294722084
0,8.13,0.62,0,1,0,-0.19618425294648278,0.19767212783239899,0.1095288525290114,0.0003547165315943802,0.04922412796166314
0,113.31,1.99,1,0,0,0.3281027437446311,-0.03138275578021457,0.06778734072786986,-0.06608546124937478,-0.12967317133505563
0,12.2,0.71,0,1,0,-0.18806621937339738,-0.2185993358578766,-0.0597019986974425,-0.11768005168763856,-0.006580887456881022
0,98.66,2.6,0,0,1,-0.08317614903875066,-0.05813255998283988,-0.055803212400441976,-0.002371427064730707,0.04179185948442037
1,199.35,1.68,0,0,1,0.10045569377078896,-0.1339494867750261,-0.05685782110271778,-0.09944949693060855,0.05922520286252768
0,31.25,1.08,0,1,0,0.08460768021776333,-0.22809731527587365,-0.06189162651893363,-0.10421569808957687,0.11757871259991017
0,30.27,0.8,1,0,0,0.08228831186671827,0.003450523568432899,0.04674043166406652,-0.06770788641878756,0.05010010225560625
0,14.9,0.99,0,1,0,-0.16109261363624183,-0.1488166547359423,-0.008491993277266949,-0.10299966053856381,0.045313709882057684
0,28.84,0.35,0,1,0,-0.1330809021135593,0.09929003571158795,0.034524415994158376,0.028842719504512934,-0.11275326312404269
0,132.55,1.93,0,1,0,0.07767686310058028,0.2580598649660649,-0.1780466481174706,0.15826779083437867,0.04665074954039125
0,9.05,0.34,1,0,0,0.19765701141490127,0.11392257691300325,-0.025961119147599177,-0.016125158315241524,0.07414385458333969
0,83.48,2.35,0,1,0,0.050442506081442705,0.01907206526505226,-0.20714717766052018,-0.013447720062078708,-0.030030664845914892
0,36.09,0.86,1,0,0,-0.0602018069458043,0.12031368917598174,-0.041038220312140584,0.007394982651062311,-0.03208106751163163
0,38.44,0.19,1,0,0,-0.017559537766669582,0.1811300852987161,-0.035349064290111996,-0.08374012578109562,0.05095989280093479
1,1.14,0.15,0,0,1,-0.03943781767032994,-0.014117764421355823,-0.008257530769794175,-0.02706420787862388,0.00945335878334165
1,942.43,2.94,0,0,1,0.11298909653557343,0.06807965273661201,-0.07040203507686119,-0.07201553684330375,0.022663199175097296
1,83.86,1.22,0,0,1,-0.1000972582329935,0.04841573566920395,-0.038045444516348545,-0.05949827767873805,-0.0351665622616954
0,50.17,0.87,0,1,0,0.15206386448783196,-0.11161482649108487,-0.03207016047799782,-0.058963222623774264,-0.030120513037615704
0,44.6,2.06,1,0,0,0.024359821041761237,-0.28334116743294224,-0.2014516397510081,-0.09875268122711409,0.053724229122318286
0,8.51,1.17,1,0,0,-0.04936294806134335,-0.19979518505578897,0.07944885067707459,0.09855749190512086,-0.21490578721998915
0,21.81,0.18,1,0,0,0.6479639357154007,-0.3022824254956191,0.39808459062339874,0.04360936999992644,-0.2236889865244766
0,61.26,1.84,1,0,0,0.04012193724259863,0.04889213765138488,0.18162215906289042,-0.02958393423015235,0.057361607353818206
0,2.57,0.46,1,0,0,0.2758564129679258,-0.02668957287414433,0.0600837912445943,0.04793585290065375,0.07588162416857674
0,11.78,0.62,1,0,0,-0.09007369459983584,-0.13208512503719655,-0.19765787516585048,0.2852056135749091,0.20658121497022922
0,66.24,0.81,0,1,0,-0.01479586781828819,-0.4026127450089219,0.16246890485994323,0.110409293766461,-0.2105691979211682
0,51.51,0.73,0,1,0,0.30470824543153835,0.24013533181609834,0.13593505260333577,0.04512304196678238,0.01987549156060214
0,28.27,1.65,1,0,0,0.3007226793408994,-0.19444250160718674,0.08836330665195949,0.04927183110596286,0.02318315897492057
0,8.16,0.95,0,1,0,-0.17964700048458396,-0.15766103660701566,-0.1483797388362912,0.028305232971038014,0.09404297970566224
0,99.03,0.46,0,1,0,0.24082112691452975,0.09199103434333814,-0.13725797383827734,0.038792530953969756,0.029468729364118425
0,15.04,0.51,1,0,0,-0.18182482223369759,-0.024232093916297368,0.03577204221211248,-0.1288642432962488,0.06653224537110038
0,0.93,0.22,1,0,0,-0.28118754541276225,0.27814698094491325,0.23133793753306015,-0.09091819758827034,-0.11283528321373333
0,22.61,1.24,0,1,0,-0.025999486909109956,0.14358488857274548,0.2084128990909676,0.09544625272980913,-0.035211983260362505
0,63.09,1.16,1,0,0,0.13402104332859047,0.19741907804085765,-0.025881633825336106,0.05306427361780838,-0.12248499767476358
0,138.3,2.21,1,0,0,-0.005632635259029623,-0.25689643647706123,-0.02914739659787209,0.1372004606455315,-0.05709165629448949
0,5.5,0.09,0,1,0,-0.186323481875828,0.13801364665913138,0.11476387094809158,0.007018052693199495,-0.01734390215175454
0,0.63,0.46,0,0,1,-0.277237844336919,0.013400709822320037,0.002786775113860617,-0.07699561147397249,0.011929609114112814
1,179.87,2.23,0,0,1,0.19892351964102928,-0.3579961369029905,0.10518509459560253,0.058018656755338585,-0.20749185146845459
0,14.86,0.32,1,0,0,-0.2714578027112141,-0.017915849670894667,0.05460560950732102,-0.0227865445428422,0.049538311208376616
0,6.99,0.3,0,1,0,0.10893875513152296,0.08861898285759262,0.04258773174540764,-0.05255536681185347,0.06914240614299927
0,13.98,0.77,0,1,0,0.3912186766918657,-0.0771577797226319,0.21626959767405093,-0.1103147461672585,-0.1308677188738277
0,8.1,0.03,0,1,0,0.10455658311988057,0.0332074129491853,0.29846491319905616,0.28183990081862365,0.2222471276662479
0,7.63,0.81,0,1,0,-0.09672164032713833,-0.16418607551185335,0.1764381853882832,-0.00946011092620369,0.05170172663170265
0,391.63,9.69,0,1,0,0.549465445872597,-0.03441964991516752,0.06858865672531317,-0.06907796350743332,0.1625099562687837
0,320.88,0.84,1,0,0,0.070188957563663,-0.22980249724978874,-0.3457845193552822,-0.07545855430463068,-0.05634599030259261
0,11.52,0.68,0,1,0,0.30066489977493693,0.11183135755096955,0.1054336013669597,0.10692670744062376,0.3602918405278246
0,10.21,0.78,1,0,0,-0.06811932285635822,-0.2997197061408613,-0.025835682824795557,0.027254877811050623,-0.17749117096372172
1,997.36,9.07,0,0,1,0.16485416991198865,-0.05473004470138808,-0.08103945135040047,0.04349860599120018,-0.03393949850197127
0,0.88,0.21,1,0,0,-0.1356675492061762,-0.0027328919702945854,0.1709512825398314,0.06417730024438374,-0.06271933736224972
0,3.25,0.3,0,0,1,-0.006935211100403263,-0.04212664917348773,0.0260583998955522,0.07649373904779751,-0.024324367448531167
0,156.39,0.84,0,0,1,-0.18330208026495004,-0.15549710966946184,0.12908782637029823,0.036967454414668595,-0.09638453987528833
0,25.0,0.59,1,0,0,-0.20542091187110245,-0.023187736861465812,-0.09897565782403982,-0.03799981576333424,-0.005852128880740458
0,38.1,1.43,0,1,0,-0.2965332730307851,-0.2688161701108353,-0.016878192325061728,-0.11311435562906103,0.043422119964637684
0,0.44,0.1,0,0,1,-0.2455337614387484,0.07554623756268461,-0.009963275691484511,-0.0939724144013568,-0.0038510694375370755
0,6.22,0.49,1,0,0,-0.0276361630298972,0.29667843497398577,-0.17737302312923656,0.08475279041171793,-0.08866647469080075
0,501.9,2.2,0,1,0,0.47007937398433,0.1558950465082928,-0.04017052906473526,-0.05060560177956849,0.17537673507062174
0,17.52,1.19,0,1,0,-0.20657693262237362,-0.14568780628018146,-0.04826592432551067,0.03554102043393213,0.09321566597205501
0,156.03,1.4,0,0,1,0.12841587497526713,0.15253815361449893,0.02630362063569142,0.042025480262801354,0.10044272143937934
1,197.51,7.9,0,0,1,-0.0352658811040352,-0.014178743570699906,-0.14697854360407508,0.005013225838979685,-0.04540353478473612
0,6.88,0.9,0,1,0,-0.031387568299051684,0.1802981486690701,0.002610292277173313,-0.03325393593892673,-0.019198252015027045
0,22.96,0.44,1,0,0,-0.05437052569742564,-0.3650211921636506,-0.21635272307583023,0.13445317760321823,0.1393793977315746
0,19.26,0.63,0,1,0,0.0790670346249727,0.3253335933591205,-0.0541198715879839,0.04646591836554406,-0.07283769487934615
0,44.05,0.25,0,0,1,0.1976943000906726,-0.1554158997161124,0.19645312900079245,-0.044401065363590286,-0.021574251533812233
0,27.84,1.55,0,1,0,-0.014706465188251062,-0.11742328164088676,-0.2038417050251258,0.1299147222556885,-0.03591851428887463
0,29.24,1.77,1,0,0,-0.13169218082753986,0.08445262410937451,0.107284794199424,0.048297623375829234,-0.05737243466791293
0,3.67,1.63,0,1,0,0.04164785416699629,0.02062862020913272,0.04388722716965365,0.009406316864718291,-0.06526800979721435
0,7.95,0.46,1,0,0,-0.10303751314068249,0.1412253680387855,0.1266952787043006,0.00022082317444806123,0.1869413252011872
0,3.33,0.57,1,0,0,0.26942646687675365,0.08607037600225877,0.11534580481496277,0.0882075315115654,-0.056378241152410274
0,36.61,1.23,1,0,0,-0.1399844878623328,0.1385132347499022,-0.052096353767647936,0.005785517298232663,-0.009215415544845257
0,28.0,1.4,0,1,0,0.011155959258078073,0.2579215311707556,0.15687632033264926,-0.021126480452333677,-0.050669287016716844
0,50.36,0.76,0,1,0,0.15528668971882967,-0.08630839924745293,0.016310117851532073,-0.04075424425992886,-0.0388373306291707
0,9.64,0.81,1,0,0,0.07402530684819636,-0.11530529722076317,-0.02449773527603064,-0.06698077950434755,0.043446667095038236
0,17.49,0.22,1,0,0,-0.13399633217554224,0.12179191632390492,0.3331673816088473,-0.032653151691512526,0.012927090374551465
0,4.36,0.12,1,0,0,-0.1383770757643324,0.04861605504248024,0.11664182145869927,0.03840562388729157,0.06127854238794643
0,18.89,1.39,1,0,0,-0.06472594409316726,0.15589128757095422,0.023283655118561983,0.010381249949524093,-0.06880241265911842
0,5.76,0.61,0,1,0,0.03564086016053757,0.09138116400001367,0.1168716260442585,0.07155883344570972,-0.09322311567070628
0,6.19,0.57,0,1,0,0.2835035691462684,-0.1809173778153577,0.017942168421565836,0.007644413405834136,-0.0036851890612502594
0,117.37,2.0,1,0,0,0.0030344094131865046,-0.12347390820870187,-0.21720402746930542,-0.03914375858470008,0.05880304769428139
0,15.98,0.39,1,0,0,-0.1355502459475001,-0.004541045573686985,0.04925919455952166,-0.10753346665551333,0.10939842730640842
0,25.75,0.47,0,1,0,-0.3070959960007721,0.01498301926609166,0.031736737783582575,-0.065126657590543,0.005475142106552972
0,4.05,0.98,1,0,0,-0.027830109700434556,-0.03905607370640619,0.060304170395815225,-0.05083378003292644,0.02109866582652147
0,48.8,1.51,1,0,0,-0.06385076160897328,-0.3628809372604387,0.13815648785927573,0.7151588251338271,0.0431415833147633
0,53.83,0.8,0,1,0,0.1559687792220326,0.09176267200879452,-0.06411682453872632,0.11139504676679274,0.02580140551698922
0,1.16,0.28,0,1,0,-0.12687855983748247,-0.07377489580612483,0.10606395437255002,0.12068039003262596,-0.20526738136484018
0,924.01,2.56,0,1,0,0.2680308075390899,0.17230357900837542,-0.1887851065149043,0.05819076184413704,-0.012940422187570796
0,5.12,0.52,0,0,1,-0.07798164860913873,0.06181251000812827,-0.21945578745731686,-0.04199536770564098,-0.020175751772838153
0,18.2,0.72,1,0,0,0.049993940236456404,-0.2438598040191511,0.08290606450110773,0.026420648557576604,-0.0482246873097971
0,2.91,0.4,1,0,0,0.03644856178797229,-0.4461996179530531,-0.1449712955695037,0.16365561611091403,-0.014879270940430006
1,210.45,3.24,0,0,1,-0.03372058563092442,-0.13138101197537805,-0.17757867250848083,0.015022978372577602,0.01642640664983428
0,20.57,0.96,0,1,0,-0.12037607277572632,-0.011705393164363503,-0.07628548320217789,-0.04084267963650375,0.023703793063926348
0,0.23,0.12,1,0,0,-0.04787139072095471,-0.19227927188917787,0.18060714296371777,-0.06195147474675241,-0.042897388383402346
0,38.95,1.76,0,1,0,-0.14840483601188456,-0.22753439578196774,0.03187000740598707,-0.048091570562931986,-0.008465893440002512
0,4.21,0.13,1,0,0,0.043648384754739776,-0.40633343549704626,-0.17818450003490854,-0.020007317511338656,0.032633548975315264
0,62.47,0.37,0,0,1,0.43583732371055317,-0.15958166886109584,0.2351532994965893,0.11846807237465373,-0.10799360195151288
1,7.41,0.32,0,0,1,-0.09267041132941706,0.1662576021394636,0.03238001358714845,0.001916518477890318,-0.014718146429301634
0,17.34,0.2,0,1,0,0.02808969940562198,-0.03547462364734576,-0.005786901027042475,-0.016014414624867405,0.009659708591627904
0,102.96,0.87,0,1,0,0.4293719254165753,0.18699904002832884,-0.10432831740664823,-0.06180807306845509,0.08496765882292982
0,2.19,0.27,0,1,0,0.14828850936727048,0.03007055325941677,-0.007087495901950298,0.02512595474794447,0.18362724440414446
0,4.86,0.51,1,0,0,0.13280414484213582,-0.33802841132578854,-0.04885121673101196,-0.02854901032773271,0.1500886082711695
0,81.38,2.08,1,0,0,-0.2179354829025748,0.12702175988848713,0.016238646811989384,-0.02538106789662045,0.035255924904447254
0,117.38,0.53,1,0,0,0.3398808910105469,0.1437270161723415,-0.1116943794745147,-0.11054739945902674,0.07751995735108107
1,179.83,2.26,0,0,1,0.0931078716707031,-0.08117891694278381,0.10168445036673018,0.016475815905472476,0.010861452363440837
0,23.43,0.95,1,0,0,0.30351364284692534,0.09380321486035148,-0.037831005277317725,-0.10125515679813972,-0.05191549660464298
0,5.77,0.92,0,1,0,-0.03662998258278839,-0.20661663417879428,-0.09310737017166958,-0.010909276599320013,-0.0006909722126316074
0,18.54,0.76,1,0,0,-0.2677933593747509,0.1418889823059035,0.07941678167679657,-0.07099422808496236,0.06626482947743041
1,176.7,1.81,0,0,1,-0.14469801944188446,-0.1800006309092191,-0.03136762655986807,-0.022076139467898374,0.025947937953703055
0,30.88,0.71,1,0,0,0.050261317446282115,0.09963286654283914,-0.06982438000072784,0.3241880068167701,0.19478198811397723
0,30.97,1.05,0,1,0,0.3518864609024581,0.06008512896538008,0.12801606916458963,-0.014721337086078303,-0.054316146248033464
0,79.99,2.29,0,1,0,0.28172497712360767,-0.09611837506946601,0.11520131687382587,0.07840955011069482,-0.19573805260515229
0,7.62,0.62,1,0,0,-0.10404414462910559,-0.012022419375402531,0.23307058917721785,0.0032464018577979354,0.09463544977356125
0,27.89,0.68,0,1,0,0.12082193417598731,0.050815852788002304,-0.037924344540708504,-0.12136712245832769,0.07786836321369546
0,13.48,0.85,0,1,0,0.06111012185294402,0.15686039772312618,-0.21080477579652443,-0.043410830800210486,-0.1321352043763393
0,30.34,0.88,0,1,0,-0.1662390912232135,0.06826525243007357,0.13210743368559794,0.056520882744622546,-0.002280102170910214
1,257.89,1.91,0,0,1,-0.06492501521060541,0.11301238730454616,0.09317630580647225,-0.012395760015401535,0.017697351782245335
1,0.14,0.33,0,0,1,-0.20862488062746853,0.032643181192282905,-0.06905565707855202,-0.05278440124466889,0.016267824038578762
1,0.12,0.02,0,0,1,0.10256753605493286,0.09968580829345186,0.126608019027921,0.11699547221215847,0.06492203028232252
0,17.84,0.74,0,1,0,-0.22309131141724212,-0.13413822916106274,-0.017450682317914572,0.01420963685527155,0.11521312374802385
0,26.65,0.32,1,0,0,-0.20346786562030986,0.0482093628005204,0.04703100136726613,-0.07485399644864568,-0.049810435782557234
0,16.16,1.28,0,1,0,-0.2303877363504513,-0.10441369569371817,0.09464450604590029,0.0031917093251154173,0.11641518737977097
0,14.04,0.91,1,0,0,-0.06755905282244645,0.1738930668946212,0.018605995732148363,-0.0787736409948141,0.12663983953152985
0,142.84,2.01,1,0,0,-0.016666231589934716,0.13897199846418248,-0.24201889260197967,0.09539315390061988,-0.06929061507517859
0,154.21,1.55,1,0,0,0.053080551213709894,-0.16407014988802757,-0.1253684054965598,0.04099831377206322,0.05253982853662747
0,31.93,1.2,0,1,0,0.18449525827551091,0.17502422533724935,-0.16775078734663101,0.06104834062303895,-0.11969433496123175
0,39.31,1.77,1,0,0,-0.15736128480621042,0.4188901809429361,0.19989962954241514,0.10528005440409378,-0.1609833444926868
0,40.92,1.34,0,1,0,0.014693263075004338,0.03365862866731443,-0.1744080699323905,-0.03982082912931957,-0.02443750427498445
0,45.72,1.36,1,0,0,-0.039500668529428774,-0.23966156974433858,-0.23615524679897296,-0.07735579447251267,0.06338987972622076
0,15.64,1.53,0,1,0,0.1332363308809877,-0.011657906238860758,0.0954627756462394,-0.04466765754642976,-0.053697915086959404
0,2.67,0.62,1,0,0,-0.17658453687014758,-0.15277261036324896,0.025536416415549542,-0.0016836193696125696,-0.012078534530665977
0,5.85,0.48,0,1,0,-0.25279577892775285,0.08449212471429474,0.16103998113055693,-0.08322564695265414,0.00410937216629174
0,10.16,0.89,1,0,0,-0.08398155209434374,-0.13345315764608953,0.23777781057993364,-0.06937298399357694,0.11192162077495287
0,20.8,0.61,0,1,0,-0.018217104928788204,0.2511233020311542,-0.028608770757022717,0.02918034902619932,-0.005428155507641235
0,84.86,1.69,0,1,0,0.10761551886173693,-0.058922823737294946,-0.07696942340730971,0.0913519391736615,0.05183204161180277
0,13.71,0.49,1,0,0,0.571756108786808,0.3048391599024063,-0.11987019669035488,0.049635759951780364,-0.03911555396769744
1,259.86,2.11,0,0,1,0.12894715077514757,0.051153322140673606,0.0326213779183675,-0.059427260402330206,0.0798140494723103
0,4.39,0.32,0,0,1,-0.05461398393209728,-0.01790310338186832,-0.19960832198517833,-0.08275571223778115,-0.05083411600576812
0,85.82,2.06,1,0,0,0.025370013675854446,0.1681143286153052,-0.05195248190812439,0.03993707634040054,-0.0531005743918783
0,55.91,2.16,0,1,0,-0.10625871300238206,0.08655107301307176,-0.17812361396847504,-0.05274823605357578,-0.08514233940055004
0,67.75,3.54,1,0,0,0.051718269671162824,0.1132225666216512,-0.017805279502036916,0.02691596780258686,-0.14323725495041306
0,3.42,0.45,0,0,1,0.01735473682748972,0.04838087140238396,0.10826733973580632,-0.06255648503034103,0.07594046808259744
0,20.89,0.92,0,1,0,-0.10114230461063345,0.050710323490208965,0.06042111287296502,-0.019938973394045274,0.12171639849064898
0,41.92,0.14,0,0,1,0.15610991131518914,-0.040458789461268276,0.11008204029737874,0.003482457053385646,-0.07750191784828982
0,49.74,1.96,0,1,0,0.34515078065426513,0.10876909173343907,0.11438655544535395,-0.1343611782136176,0.15993108587163607
0,39.86,0.37,0,0,1,0.10128988171991972,-0.08926136745076897,0.125300658219763,-0.04164204539208786,0.018487665953425676
0,318.51,2.25,0,1,0,0.14810236643493047,-0.19252036811192683,-0.30070403089447606,-0.07368164014617863,-0.08049141842951993
1,78.0,1.93,0,0,1,-0.03371986385789518,-0.041754447237584175,-0.01984245258467199,-0.051298120237249445,-0.06523149984112325
0,54.83,0.55,1,0,0,0.490081036480152,-0.10866555270895004,0.18020828851919218,-0.11427791055422329,0.03809935817736887
0,2.32,0.44,1,0,0,0.10192103783276785,0.04218588757147691,0.12981481255066077,0.03010985456981777,-0.03771873148897164
0,33.78,1.22,1,0,0,0.09305813393702178,0.14945424148183925,0.027211915637711585,0.27429810528580095,0.25370528239746876
0,301.65,3.49,1,0,0,0.04258329220331922,0.2806413238573243,-0.10898807737558554,0.08773658138867797,-0.022488937765763647
0,32.23,0.84,0,0,1,-0.14472790648726294,-0.21409664975685602,-0.1537255123095636,-0.03801284192511792,0.06470706855680458
1,33.39,0.65,0,0,1,-0.1676340352986297,0.15580871049571188,0.15339244425879284,-0.038397689737635306,-0.03196346920693576
1,5.02,0.46,0,0,1,-0.11187453236706418,-0.23434046190231891,-0.007722023848214049,0.005451026332821322,-0.01353642349806063
0,15.61,0.77,1,0,0,-0.052409994424999815,0.2917758847169929,0.09440412901369973,0.02741179735855175,0.037321299230471706
0,7.03,0.11,0,1,0,-0.08516431249543162,0.10301925573755218,0.17744238303456977,-0.07179658045878748,-0.033395482559700866
1,428.37,2.06,1,0,0,0.022899169394689795,-0.13816215046505645,-0.04605651422545017,-0.02707624351757722,0.0006902723355243744
1,68.75,1.84,0,1,0,-0.07191673051238469,0.02070572854624766,-0.0944672618114644,-0.041872498367418146,0.004762715425342834
0,74.94,1.71,1,0,0,0.005770905333252506,-0.09255728664579006,0.04580606750381005,0.09914219485637144,-0.17209286738703616
0,87.18,1.27,1,0,0,-0.2003794990901583,-0.017740884201361145,0.1328450990010687,-0.06485517455205125,0.09702635599250845
0,96.65,0.85,1,0,0,0.4700328191258277,-0.18578364019971888,0.2020752617653016,-0.13786625195451405,-0.009163209327096706
0,6.93,0.28,1,0,0,0.25738685436805087,-0.1677881209040614,0.05004480289306933,-0.03399702784625145,-0.07020186928172108
0,1.8,0.57,1,0,0,-0.2564290883059601,0.053146429119812745,-0.06625689579777684,-0.008055504035006463,-0.001964966729214297
0,40.59,0.24,0,0,1,0.17855877369988452,-0.14386051012944623,0.12529542506770866,-0.021911215422258927,-0.03425160686458449
0,12.53,0.75,0,1,0,-0.19348178219906445,-0.038379368460088735,-0.06724755416314597,-0.09271493590122358,0.043584929402601155
0,95.7,0.83,0,1,0,0.27167407183185677,0.23029955936590946,0.008178662772756334,-0.048867696493403105,0.1347062060019498
0,104.03,2.55,0,1,0,0.09043612776449862,0.306511849550583,-0.30170047553002205,0.1208338265300597,-0.04360699753252467
0,6.53,0.42,0,1,0,-0.2488675421844228,0.17551520449339716,0.2992018527598101,-0.09458976718793609,0.0360251193942984
0,23.26,0.92,0,1,0,-0.263606975512732,0.23517329133658882,-0.2814839936292153,-0.049627543455063795,-0.03571557694752574
0,24.17,0.65,1,0,0,-0.42749356728876775,-0.004002388550689498,0.12588439381262514,0.012774808329018013,0.09682946642688545
0,108.89,2.61,0,0,1,-0.049975283097983624,-0.035542008349233385,0.036369062266142255,-0.013315053100551236,0.0698522646690029
0,22.52,1.4,0,1,0,-0.14501828718550483,0.03993428447973048,-0.01838513404461351,-0.04812858461288092,0.029742549358891063
0,39.34,0.56,0,0,1,0.21671615421045282,-0.0625125470633634,0.11218242463404006,-0.006283879233661287,-0.0708759962385887
0,33.66,1.37,0,1,0,-0.050025785562448945,-0.15452827425183982,0.026501947956369936,0.050650552764518235,-0.06654955395454425
1,33.24,0.07,0,0,1,-0.15284703858188486,0.11204894917059328,0.1711615822885941,-0.022465849741421063,-0.06796061060421599
0,46.49,0.83,0,1,0,-0.3539921360024445,-0.21063700008706376,0.15321411917063077,-0.1405843355217346,0.0668819631108144
0,28.99,1.01,1,0,0,-0.05282992337355253,0.19888553701020173,0.08672754969911792,0.17043258247518067,-0.23001669987141585
0,3.04,0.36,1,0,0,0.047077856431492426,0.03313485269112041,0.11911622602302574,0.022114221634236937,0.09391486496309771
0,8.97,0.47,1,0,0,-0.21797708573598557,0.07527445448533823,0.4008325011197915,-0.018063399078107667,0.020386917216951458
0,1.67,0.3,0,1,0,-0.16234524194855615,0.1586096582564285,0.06092707025534172,-0.04617531418203024,0.14449676110778323
0,19.53,0.99,1,0,0,-0.16292327223383396,0.022290331584926132,-0.06322586704448044,-0.018678153923138072,0.021151326764648242
0,98.62,2.12,0,0,1,-0.10159416881092229,-0.08532794878663214,-0.005803828389562206,0.033736096109683006,-0.017266108568113347
0,0.14,1.32,1,0,0,-0.3744505508501693,-0.2293807302319358,-0.059300101356532575,-0.13881556165566097,0.10156592605285343
0,117.35,1.32,0,0,1,0.03305415252947747,-0.04959419744449452,-0.08799900429850446,0.08762513959938271,-0.06807088117667019
0,27.58,0.51,0,1,0,-0.20360126428199013,-0.056516840770405946,0.02538800356270866,-0.054268661910253084,-0.030776671261103554
0,11.45,0.48,0,1,0,0.13734292732158365,0.10710591024409706,-0.03279147919967386,-0.1739811226783316,0.016642896735118935
0,13.12,0.22,0,1,0,-0.34368731208092157,0.2710920173003216,0.421058776173662,-0.02376878607964876,0.11367262732440496
1,324.49,4.87,0,0,1,-0.10176620400864983,-0.17412060462167772,-0.12801927940406,-0.020702262454097835,0.03365541910401247
0,3.91,0.4,1,0,0,-0.2228884674134157,0.3261674604090768,0.18613978687468383,0.02530621382737109,0.007376171922945255
0,11.61,0.96,0,1,0,-0.10529752165477406,0.0786897196361911,-0.10102829635751362,-0.1505722924148212,0.004111246131926351
0,4.58,0.7,0,1,0,-0.2123218935115916,0.23806914589382078,0.2811763012251383,-0.008823938453581474,0.048167955574572145
0,28.2,0.43,1,0,0,-0.04278310975720868,0.08374649744712301,0.05698932009846402,-0.07999713924820438,0.05920944222314656
0,8.21,0.45,1,0,0,0.1484700712039676,-0.16211085536583253,-0.09981391914275581,-0.02279436064555112,-0.03347973572903398
1,227.21,5.2,0,0,1,0.14121137605828943,-0.04946088374869145,0.13648540863701908,0.04264145543141055,-0.08912412035123843
0,1.92,0.22,1,0,0,0.002653787662246533,-0.1997834632550037,0.09729448534707785,0.0851309926436989,-0.055755260770124014
0,7.12,0.07,0,1,0,0.3597790326025998,0.019919784751856386,0.07937720447327475,-0.027940602691648456,0.13083379262251169
0,4.98,0.38,0,1,0,-0.26744224271833833,0.0639773925640913,0.01699766955636395,-0.053697796849270674,-0.05672094667383461
0,2.53,0.5,1,0,0,0.1152160712673804,-0.1661817992370637,0.08579103386319326,0.007144068534089948,0.05026046208131329
0,114.35,1.48,0,1,0,0.1277600051546808,0.17903806195395536,-0.051739548318226414,0.01915944839565759,-0.0877601516488681
0,2.94,0.59,0,1,0,-0.22061320051712505,0.10306272021974172,-0.25372772686383455,-0.07221047000982295,-0.052133040784029125
0,0.52,0.31,0,1,0,-0.19567060550428744,0.0835950290839586,0.004026669158466821,-0.12425734258762082,0.06242593080766932
0,39.27,0.37,0,0,1,0.1934263909318693,-0.13690159917529335,0.12989322861327451,0.015383329395010067,-0.08056737364189849
0,6.65,0.71,1,0,0,0.024677445353230344,0.16880888109212822,-0.07917257105529102,0.08482675762527524,-0.04537948751508179
0,100.11,0.88,1,0,0,0.28477906594892655,0.18929783373032716,-0.20217970445384964,-0.02186659807945974,0.04727636076239404
0,5.3,0.51,0,0,1,-0.1182930497807855,-0.040819045888732655,-0.15886976068802253,-0.06292859527502558,-0.020775760408056274
1,47.79,2.29,0,0,1,0.15356461458586193,0.11472982272310382,-0.12931942250452913,-0.05655676175348146,-0.055382236749368
0,98.79,1.38,1,0,0,0.13158411160869782,-0.13989850867292047,-0.052439586999349246,0.024579577845090527,0.10395855254841586
0,40.62,0.84,0,1,0,-0.05185002827054285,0.2599412378770046,-0.08994654865631271,0.15490155467509534,-0.03101942323590732
0,2.54,0.53,1,0,0,-0.2175289036008503,0.167956539713441,0.238127254280437,0.00011307501695080775,0.025904877293281024
0,6.59,0.13,0,1,0,-0.3307813487434308,0.08917042302657112,0.12437552724720037,-0.06701088871731074,-0.047638382548450264
0,18.79,0.63,0,1,0,0.09967699457122656,0.32373639160455875,0.07883678720263163,-0.024933970073564585,-0.02876251184495137
0,13.82,0.84,1,0,0,0.06483933085607121,0.1934942195077282,-0.29612233314264813,0.12806577677535289,-0.07047163372857342
0,7.25,0.92,1,0,0,-0.09934003017196524,-0.032722056211113563,0.19219866896365664,-0.08014544335591035,0.07140081474596931
0,60.31,1.15,1,0,0,0.18127102218564173,0.29334001998643294,-0.007126558040866629,-0.07890878274371707,0.017519664794738068
0,7.74,0.76,0,1,0,0.27477174897899187,-0.02087387637530299,0.1714736715299487,0.012343725345507706,0.35569186582502116
0,54.51,1.99,0,1,0,0.3418607863908618,-0.1625371455724675,0.30907521512868225,0.04192421854128164,-0.12998961926954977
0,142.77,0.98,0,1,0,-0.06602287906999577,0.11825633717128509,-0.020205077810036873,-0.016957181605210758,-0.08557397830820655
0,23.12,0.46,1,0,0,0.3492032682887726,0.03708963515969961,0.05917112120420048,0.0358232498295734,0.1001863838561637
1,34.88,1.08,0,0,1,-0.07238781656277482,0.16608035178182656,0.15381996879244814,-0.015540522471331464,-0.08435807639748316
1,0.09,0.14,0,0,1,0.13932882836468655,0.3594576238652679,-0.08663716469668709,-0.09545173748242029,0.028785524559021843
0,14.04,0.58,0,1,0,-0.03642463065461098,0.2515229538455612,0.06630437643015451,0.02696719942828316,-0.023232602090029107
0,31.25,1.4,1,0,0,-0.012001784306577043,0.21085218355927113,0.13981727481860323,-0.03210667114424802,-0.06119261194840919
0,24.21,1.63,0,1,0,0.2970039416239541,-0.2842404383603676,0.00909016643679654,0.010823863670951988,0.002660057709425954
0,9.7,0.48,0,1,0,0.10369488233902509,-0.13986242700837964,-0.25278762579963987,0.18159456289627451,-0.015580154222858073
0,38.96,1.3,0,1,0,-0.22937169114706263,-0.23268751155144307,-0.0825148971537303,-0.10539799567221324,0.04543706382454192
0,155.61,1.07,0,0,1,0.15830314247975494,0.17502278740598737,0.002486088671071231,0.03194373336911045,0.06552165988724568
0,210.36,2.3,0,1,0,0.24013829331734007,-0.15278245164011947,-0.07044666900602103,-0.1359831082970196,0.017729314193180898
0,21.25,0.71,0,1,0,0.041091586663087216,0.16730455142068928,-0.17275996191673235,0.005642060471003128,-0.03997829631012678
0,1.14,0.32,0,1,0,-0.24119932953179432,0.04617708720191657,0.0851995611569898,0.16434987193418793,0.13181671760931402
0,91.01,0.61,0,0,1,0.24567705015175445,0.05520026274295382,0.09293879770227954,-0.11521642928197434,0.02523880036402255
0,72.61,0.37,1,0,0,-0.07446558607394532,-0.19455720727979903,0.10495026627412055,0.02810961393790453,-0.02039938679272589
0,100.41,1.29,1,0,0,-0.09387957197628355,0.033801503816703944,-0.07707987647616096,-0.0363958764152409,-0.022375648761991624
0,17.83,0.84,1,0,0,-0.027549875834357602,-0.04076627340902887,0.14052994198341753,-0.011792444829119831,-0.03181780043742906
0,10.73,0.13,0,1,0,-0.20585222202035797,0.11761314528815864,0.09478777108328336,-0.04779147914377504,0.0019705977626337003
0,23.44,0.45,0,1,0,0.035875479618843215,0.02014171626091134,0.027061065641807422,0.12310771900091115,0.07366080248117254
0,88.0,1.54,0,1,0,0.06535634336003375,0.2247226272830153,0.23843151498800405,0.023670494019038976,0.03079266166488277
0,4.39,0.69,0,0,1,-0.06903456108612441,0.05826956603675869,-0.14857334072329706,-0.08086534304252001,-0.06859603087452107
0,61.02,0.81,1,0,0,0.1401231441382904,0.1909187440477802,0.04228991504414939,0.05753523806808875,-0.1131268642677888
0,11.76,0.77,0,1,0,-0.19201657666189345,-0.14302514581029221,0.01346155273107516,-0.04182014285013062,0.08673131361712955
1,82.72,1.82,0,0,1,-0.11794009774713278,-0.10317693745625076,-0.05809176703100567,-0.07203730452370578,-0.0262451438430821
0,27.92,1.42,1,0,0,-0.1793146538091152,0.04449764490016813,0.11841696383406357,0.0725085459342082,-0.11419259575468593
0,2.58,0.07,0,1,0,-0.23947692806605245,0.01717963976336727,0.06873618706210421,-0.01592350356123236,0.018150432880218725
0,6.64,0.84,0,1,0,-0.10209143754449784,-0.13325222668887005,-0.05455749123601235,-0.0640382129839805,-0.08955961408933688
0,1.07,0.14,1,0,0,-0.3082451939600912,0.21056997200362468,0.3193628235393747,-0.07519331216709092,-0.13317455684100385
0,125.57,2.45,0,1,0,-0.13399291391163337,0.08517000828051045,-0.09853014312523828,-0.06058744071393215,-0.05082754519691942
0,55.41,0.64,0,1,0,0.3105076088391384,-0.2850988576053859,0.023339838486148623,-0.10986604864765244,0.09261332193308104
0,12.53,1.37,1,0,0,-0.03465748021304494,-0.05379663731265414,-0.2687285406000316,0.2730293121691131,0.16686074403584258
0,47.88,0.74,1,0,0,-0.10588175641086638,0.14426069221346538,-0.2343746082732665,0.003562314550612182,-0.10156912001055965
0,23.11,0.82,0,1,0,-0.0006801530460084536,-0.2119140346688994,-0.09104698737479032,-0.02797957317096095,-0.048714211456505147
0,32.17,0.43,0,1,0,0.06997570873025513,-0.15129202065967634,-0.22376941406048892,0.11721534850519723,-0.015470017617113268
0,38.88,1.1,1,0,0,-0.07425738643973503,-0.21955888364455725,0.20369456453823392,0.8257099227435246,0.14939452960052518
0,0.95,0.2,0,1,0,0.31648944538881235,0.0660571104867659,-0.05214653833440682,-0.1207643448131154,0.1110010400446337
0,27.83,0.85,0,1,0,-0.1234964317541841,0.13388996340794607,-0.015529574785882282,0.10427767510476982,-0.17778978495744865
1,327.85,3.0,0,0,1,0.19649399036432696,0.19873156086952723,-0.08741317912231754,-0.00010042614608501976,0.08305406471348804
0,38.62,1.52,0,1,0,-0.09463982252097597,0.49283014934239494,0.07486277271198687,0.12531861607188188,-0.1891495049349693
0,2.9,0.08,0,1,0,0.09450822750653205,-0.008809507768198284,0.02954006759219438,-0.05901859573903532,-0.07148140531851298
0,1.45,0.23,1,0,0,0.2741546684019666,-0.23082481299402213,0.04993198105555115,-0.1628680932223052,0.12381999869715876
0,129.04,2.05,1,0,0,0.11050517971666159,0.12365204371740338,-0.18740541847692893,0.057113806525589145,-0.08801677848737435
0,37.87,0.96,0,1,0,0.03197782547565903,0.15048374299732364,-0.00011165365789310173,0.015717340927696728,0.004212649176241012
0,15.28,0.83,0,1,0,0.41855365687659263,-0.19590266970681572,0.20502514149943388,-0.04705323712464755,-0.1181634414016621
0,41.25,1.4,1,0,0,-0.32319324132374627,-0.295742312562054,-0.004545812144828937,0.002980459915127004,-0.037382641772342094
0,19.5,0.73,1,0,0,-0.029017664480849314,0.05327254407893115,-0.006442661581118064,0.04336204723693327,0.026513827504712165
0,10.05,0.43,1,0,0,-0.147107559443406,-0.1655036757984457,0.05033454638381247,-0.00984689108501334,0.04415831408201584
0,1.51,0.42,1,0,0,-0.06167656808171725,0.1630639346010486,0.11908679614992232,0.010745683938062047,0.04165300365090798
1,117.66,2.39,0,0,1,-0.1585868378119083,0.08194475101435113,-0.1437285349184984,-0.0639683930853018,-0.04008298846878605
0,0.14,0.27,0,0,1,0.03271912733962017,-0.1098452406582537,0.14576436264191106,-0.12702736602032996,-0.02749747729047423
0,5.4,0.63,0,1,0,-0.2844497065923675,-0.045034808361564316,-0.024903629725212095,-0.03830495841336536,0.07230335054522061
0,5.52,0.02,0,1,0,-0.09010220844670369,-0.08772038270250597,-0.1881596373038706,0.44237467815672143,0.2419396895658017
0,10.56,0.64,0,1,0,-0.17478345452136132,-0.08342147358204537,0.020377785142258298,-0.05938557671981034,0.008308277368200003
0,1.46,0.09,1,0,0,0.10166124735073566,0.21196541986221418,0.0014105239720250092,0.02555056892901212,0.09009228827260829
0,83.68,1.92,0,1,0,0.05932113914348779,-0.1337951708440039,-0.045974382868882606,-0.03688466454329464,-0.017294146699934523
0,19.12,0.7,1,0,0,0.000768986746539018,-0.07639785732391291,0.0836798291252538,0.023828778867689297,0.06699948465555909
0,23.6,1.16,1,0,0,-0.10551762968497735,-0.09048279219226818,-0.002589322590582834,0.24300118164904777,0.07357955513717046
0,0.39,0.24,0,0,1,-0.021933636144850194,-0.20154502347824618,0.03712782505985169,-0.14599935189191027,0.04598271150708992
0,209.28,2.05,0,1,0,0.025457085845183566,0.0907340557773305,-0.1798993118253582,0.019834090765901487,-0.10734939737037416
0,11.54,1.1,0,1,0,0.18758818437093014,0.060716735603883014,-0.018440262252065312,-0.19580004733850634,-0.002154929943640409
0,88.96,0.88,0,1,0,0.047177650567208414,0.23802484219804207,0.21707177801042998,0.0297508519156377,-0.012184142408772324
0,16.91,1.29,1,0,0,-0.2506716435488426,-0.09372269872070406,0.01776834806034873,-0.0049973400154954125,0.1724480810409212
0,128.23,1.8,0,1,0,-0.17103700804785546,0.062360556926918484,-0.15707320076324188,-0.036371573430248945,-0.08623489214040934
1,348.7,2.24,0,0,1,0.047290304339617804,0.04368154670932637,-0.08922980002973332,0.0028344501548517656,-0.06940151859062828
0,15.39,0.64,0,1,0,-0.09182008783832783,0.02403387929124679,-0.08563021956811265,0.04619218188977309,0.0988116685250759
0,22.34,0.75,0,1,0,-0.03879250453662654,0.05749266927849033,-0.1711340312674132,-0.05166238757763523,0.014223648215461532
0,5.98,0.79,0,0,1,-0.0291909450682129,-0.038425364005363255,-0.12757331292556925,-0.08075773957076207,-0.03327367956577336
0,20.26,0.98,0,0,1,0.06415611497646377,0.022998226046075307,0.19401794596868432,-0.028250483197080012,-0.019705765216985922
0,1.44,0.22,1,0,0,0.2165487774053829,0.12011508198223675,0.11746754681090205,-0.053032603458639305,0.119266767498271
0,18.09,1.01,0,1,0,-0.311938619232276,-0.14436122647017938,0.09145498975716604,0.025963714854455477,0.12472169423144841
0,27.65,1.34,1,0,0,-0.126309641186705,-0.013372507676476483,0.08830381510898078,-0.048538167778775676,0.08110255223150484
0,24.53,0.85,0,1,0,-0.17347066813706474,0.11604667383587655,0.09313062544529493,-0.048879601260301206,0.05821136313311996
0,77.31,1.75,0,1,0,-0.048148746274970164,-0.07940210617656136,0.001743046187825329,-0.010093976511232746,0.05373440573825293
0,97.21,0.79,0,0,1,0.3498908641716675,0.02249462247972705,0.014559837402208821,-0.11664028052378651,0.014276410921663214
0,1.51,0.23,0,1,0,0.1649033612585663,-0.19052496546005251,0.040120987169754464,-0.1109321756231207,0.021606757849714747
0,5.97,0.73,1,0,0,-0.2803900613170726,0.15126313230598598,0.1831306617917456,-0.0715473713420076,-0.030915081098771814
0,6.02,0.31,0,0,1,-0.09402585071064187,0.023670159976634936,-0.24067375044734468,-0.09357251158815447,-0.05706412067082908
1,249.16,3.06,0,0,1,-0.0022187561222802043,-0.006129608371250333,0.07895086622444206,-0.06213731737400885,0.09406520583753618
0,40.4,0.44,0,0,1,0.2306238856455637,-0.06643001066496168,0.11286395497233662,-0.06524029669688287,0.004730450068104562
0,129.87,1.23,0,1,0,0.2841053621977688,0.01487373937650629,0.06112265231873296,-0.2120350408270494,0.1931970301532914
0,4.6,0.41,0,0,1,-0.07860436247193586,0.026277990444344944,-0.2697284466974902,-0.02833344985614546,-0.07826337412300305
0,55.42,1.93,0,1,0,-0.022765780164737914,-0.011067279773629013,-0.13670294442965475,0.0023671474094232783,0.06512946300818823
0,5.89,0.07,1,0,0,0.022644669158568064,-0.20798052071570963,0.1573609226264547,-0.047833414271038356,0.011845629946797066
0,7.7,1.63,0,1,0,-0.03832960597779891,0.20460417409238948,0.05311327954913702,-0.025543742945781205,-0.11376597877953717
0,13.25,1.02,1,0,0,-0.25384630707979255,0.012560001208700261,0.05948109130935372,-0.06181187540538521,0.04562518649829142
0,133.29,1.93,1,0,0,-0.10751990712359898,-0.027457156602465737,-0.20172802742851753,0.2750718659927164,0.22861890165047205
0,26.7,0.97,0,1,0,-0.17413298026551072,0.0437510184900548,0.1131370434221067,0.039828673210715926,-0.0757717147948512
1,56.84,1.33,0,1,0,-0.17605330811347536,-0.02885131640516563,-0.05455188813914087,-0.05007173309501462,0.009769944202213892
0,19.12,0.66,0,1,0,0.08306696662421668,-0.03185282120877442,-0.21637119876711733,0.01956187133940216,-0.11104243245021236
0,35.12,1.39,1,0,0,-0.055399597932817644,0.07256078445430343,0.20808972174719764,-0.05268372218801236,-0.010238711349147493
0,15.96,0.85,1,0,0,0.09055718195306897,0.24891354842832805,0.11859028756154046,0.01977364612658298,-0.02330511623459256
0,34.08,0.1,0,1,0,-0.22238081448099678,-0.06457681061792225,0.1821130410597364,-0.04687998003073518,0.08346905266938943
0,80.73,0.37,0,1,0,0.12857878498699238,0.04473988265799159,-0.14504786595898864,0.06320584947655697,-0.10193363075001904
0,110.87,2.04,0,1,0,-0.04808074109215242,0.03801152160865194,-0.1171356564715055,0.006804355898143592,-0.008752172853030718
1,194.54,1.71,0,0,1,0.045388290376251465,-0.0836404397360533,-0.10603888408091329,-0.09558826457165219,-0.009637831707337863
0,9.08,0.46,1,0,0,0.14825966430822474,0.06370452416247087,-0.18512209728216675,0.07072028534550213,0.04008002677815419
0,7.59,0.71,1,0,0,-0.1273850751929158,0.19859974616382559,0.07925818849571625,0.02873930952021514,0.022724915152911015
0,25.53,0.82,1,0,0,-0.1198323473777061,0.06668876083152499,0.19189991554795655,0.06926457139718134,-0.046077343605229776
1,89.39,1.13,0,0,1,0.09646402069816738,-0.17937975388207994,0.11171431693644052,0.08946995093117711,-0.014045751302920045
0,42.18,0.37,0,0,1,0.1977966790264211,-0.09130553516140309,0.1396235321801765,-0.010331832985672518,-0.054430558617205374
1,85.78,1.61,0,0,1,-0.09691688400258194,0.024332295118964165,-0.1282821022238235,-0.07209823868413094,-0.04192653915374017
0,0.97,0.0,1,0,0,-0.10551946159759827,-0.021215394463414926,0.03022639909843848,-0.00346789278000528,0.04772754311135786
1,43.54,1.13,0,0,1,-0.11028272296263061,-0.18628055497892324,0.03976052313105707,-0.06854863918911393,0.12120307631092057
0,36.42,0.99,0,1,0,0.05017624271463441,-0.14913013097388644,-0.07296264551197211,-0.020008285251875972,-0.024199285945539894
0,111.18,1.69,1,0,0,0.12633740510730038,0.29549055968164406,-0.07618167992416756,0.03792940992772728,-0.05294681610875754
0,42.59,0.46,0,0,1,0.2039029359929343,-0.10558004306699784,0.0785415827449654,-0.0035596532290086296,-0.054497491844592696
0,0.33,0.3,0,0,1,-0.0622703912765638,-0.20409466874340237,0.10776577379519156,-0.09079967380588592,-0.031021319851376676
0,504.83,2.19,1,0,0,0.4736119971375986,0.1346796794700328,-0.0936827745967479,-0.05539374296270377,0.1602179506481759
1,5.54,0.85,0,0,1,-0.16081375299014516,-0.2609310980398163,-0.05125645408371207,0.028228605593571193,-0.06446369445770017
0,3.36,0.18,1,0,0,0.034768562241537786,-0.33932853692951176,-0.1725907586848476,-0.05074133299030362,0.03388345000357146
0,1.63,0.52,0,1,0,0.11784496847033812,-0.15304403662615704,0.20197373872338065,0.08491205555979536,-0.11915243759869555
1,17.71,1.23,0,0,1,0.044812339012254856,-0.1581217386510571,0.11308075497790968,-0.058651610222323014,-0.09346314296803812
0,4.56,0.21,0,0,1,-0.05741674556040518,0.0037015282757278693,-0.16058274936315753,-0.12498715180935265,0.02660334755781336
0,52.22,2.36,1,0,0,-0.17575640986402732,-0.058188724094526224,-0.3813262368821079,-0.12548679034136642,-0.020569379753589342
0,38.46,1.08,1,0,0,-0.02449451675822946,0.16048180726011765,0.10018825579289209,-0.0015425610476237357,0.021042275168639657
0,2.29,0.21,0,1,0,0.13186574317140748,0.0996029045371084,0.01730116141770413,-0.048991885695228936,-0.07356420363392754
0,18.8,1.38,0,1,0,-0.01666625161146469,-0.12714261067537716,-0.12892979879465932,-0.05328617698632509,0.002897464159052004
0,39.94,0.18,0,0,1,0.2226318602605402,-0.14677800470342162,0.22712350563129446,0.011683659394683252,-0.06494424936371537
0,1.88,0.33,1,0,0,-0.23315218427110013,0.2688981460491915,0.020976606806750855,-0.03135465582522989,-0.01758488432530228
1,126.58,2.03,0,0,1,-0.1646236731892694,0.025024027695518956,-0.1952094676542691,-0.03118626823560137,-0.06072910289435427
0,9.12,0.99,0,1,0,-0.10960442644085183,0.1915974535283181,-0.1606472583325841,-0.010142184229825244,-0.06801330805490569
0,41.81,0.54,0,0,1,0.1950358631896567,-0.1072792191415482,0.15774478101511982,-0.04230970115445342,-0.0374118857482073
0,92.81,1.0,0,1,0,0.18903502542649536,0.032709864661155816,0.08446215923342812,0.06258180117814711,-0.02511130692867796
0,16.33,1.25,0,1,0,-0.2639895445659095,-0.16957290776101497,0.01315222792401802,0.026338705288944938,0.10484554944412122
0,4.99,0.4,0,0,1,0.0020906778155705616,0.0036726566054407117,-0.18608558460172173,-0.07579888989493404,-0.08046482873449992
0,33.96,0.77,0,1,0,0.30083154687058444,0.03632723568582569,-0.15383429166476295,0.05414014092583147,-0.15622733772871955
0,15.71,0.55,1,0,0,0.41401263706511254,0.0531108211184984,-0.09258844697782105,-0.09274634670617375,0.10353125870289447
0,71.09,0.99,1,0,0,-0.0726771806154809,-0.26219684206439653,0.13419873675996352,0.032940699052958426,-0.0536544684604376
0,24.02,0.76,1,0,0,-0.09400541267710023,-0.34590706906563434,-0.12957685456124995,0.1508827951641044,0.06926392274356165
0,42.33,0.22,0,0,1,0.1368405296324093,-0.14991822705403016,0.13134636047789403,-0.01712168449471741,-0.06514649824121052
0,159.38,0.82,1,0,0,0.3785521111816058,-0.11679276388900234,-0.05789204447035575,-0.08780300949014898,-0.10556830619913987
1,61.71,1.17,0,1,0,-0.13785466747951192,0.025165663591855666,-0.1016477544686273,-0.0428144916729811,-0.0004282539823641995
1,70.32,1.54,0,1,0,-0.06641561439549958,-0.053849056730983676,-0.11436479423939415,-0.07114478143424798,0.006890361700599264
0,63.13,1.56,0,1,0,-0.08701964602973361,0.020487302558578675,-0.05967613905871706,0.08777551857071175,-0.033776024073647555
0,27.94,1.16,0,1,0,-0.1665263364445142,0.07412723534889921,-0.08391085296595525,-0.011569941407574658,-0.0034213876258587144
0,17.58,0.39,1,0,0,-0.20814656308905077,0.14060582962790125,0.2971349983480756,-0.045050406432965935,0.09744719401413088
0,4.03,0.24,1,0,0,-0.26861466858005417,0.2015578816450782,0.20801062996502026,-0.004394464135660423,0.01905709412063403
0,5.53,0.03,0,1,0,-0.2642852063210135,0.1325783731324059,0.12361878893442377,-0.13095347483405562,0.0274715387046243
0,25.33,0.6,1,0,0,-0.11310203465045711,0.02891389819613977,-0.07261661470155217,-0.02395482963682949,0.04744178945930868
0,39.0,0.53,0,0,1,0.16192790626914372,-0.14633375357942535,0.055336475732071476,-0.03808116874860709,-0.04550050514019175
0,73.57,2.04,1,0,0,0.1489613707985184,-0.00290863871239518,-0.1771175650110296,0.073627035385392,0.022710652170467544
1,3.2,0.3,1,0,0,-0.0187947599992855,-0.009240267850790133,-0.014373098661939844,-0.03652046436831519,0.010080750493612905
0,38.37,0.26,0,0,1,0.12995513830957037,-0.12394564359376699,0.15974083544715134,-0.06394967810467703,-0.03430431805990103
1,84.1,1.71,0,0,1,-0.01563454913048993,-0.008533927013545493,-0.07913576546410991,-0.09728311822338116,-0.06689191909301695
0,1.57,0.54,0,1,0,-0.17524343617935026,0.2983406916389176,-0.0826954285085593,-0.004481663448365712,-0.01959653641079815
0,5.78,0.35,0,0,1,-0.03626435670958084,-0.028201012950893268,-0.2624393793416328,-0.07814447715067337,-0.028757829412806694
0,61.97,1.99,0,1,0,-0.1566904511938172,0.18465075178432233,0.1478247540191123,0.05716773754454914,-0.06765012420766303
0,27.75,1.35,1,0,0,-0.03668165012512155,-0.08609891372291295,-0.12192014990392225,0.06610663074868399,0.0027820294621207615
0,4.61,0.51,0,0,1,-0.10234131104964772,-0.03900182658626961,-0.20960489500985285,-0.053763255567670754,0.02466101263356053
0,12.98,0.3,0,1,0,-0.13845279029128207,0.33726887355671653,-0.027185280067494523,0.08742571402867613,-0.03081665058182981
0,111.66,1.95,0,1,0,0.0020253557225349953,0.020860985958146085,-0.06911566546801533,-0.0999141260795845,0.02443887213194509
0,2.64,0.91,0,1,0,0.12568210678849684,-0.33887908606215866,-0.032445499842758595,-0.03012330569071794,-0.03153590111942145
1,181.15,1.5,0,0,1,0.04517727083646946,-0.11821106280690927,0.07046562051257665,0.018931907320909415,0.038931752627975734
0,35.88,1.56,0,1,0,0.32134750930380007,0.059110466305276756,-0.0025337858293943663,-0.044413309843650224,-0.006362373160328073
0,75.6,2.32,0,1,0,-0.11427154243115256,0.2821820917300628,0.17417271322726882,-0.008316213008305883,-0.061231550144120475
0,5.1,1.1,0,1,0,-0.17153567664031194,0.12172397857971674,-0.23137995914713838,-0.052973941931783265,0.028497312210732074
1,65.94,0.95,0,1,0,-0.04644690762760582,0.08207356128796771,-0.04916216110620857,-0.002278117440570322,-0.0328256575783456
1,121.22,3.13,0,0,1,-0.08204545097138931,-0.051950800001580776,-0.09904112831237562,0.07121509913320959,-0.027324818831048252
0,297.31,2.7,1,0,0,0.25905103863298257,0.12636858511676652,-0.13689903413175178,0.06743738672097184,0.08594483255749381
1,25.16,1.56,0,0,1,-0.3260597087354844,0.17429807528503463,-0.09700434709649171,-0.05093067657974582,0.013577699644767034
0,183.67,3.24,0,1,0,-0.017712502512780805,-0.3226788243152265,-0.19131095772855336,-0.06322336595786382,0.05601185205729206
0,331.93,1.44,0,1,0,0.42031812766363286,-0.22010131111975006,0.1684311893163942,-0.05651310929139886,-0.08562943972346125
0,13.74,1.0,1,0,0,-0.07112380405191625,-0.14273102883496466,-0.10293329832037777,0.00393199037459236,0.12685946858276206
0,0.33,0.65,0,0,1,-0.21409805830421744,0.09588787591749387,0.04990915671414725,-0.06041668111621913,0.02467037461584038
0,17.33,1.36,1,0,0,-0.23849914008855747,-0.15306933050979946,-0.026217205863858742,-0.03500173950893774,0.19974258865451727
0,17.33,1.22,0,1,0,-0.15807779775551004,0.11479213493863386,-0.07654943097216421,-0.02615901748830965,0.017508641387281546
0,16.69,0.85,0,1,0,-0.16930462238926272,-0.26680909761704913,0.0175932874572427,-0.11018988293100328,-0.023139363824708926
0,124.12,1.48,1,0,0,0.20060045163437817,0.17551367416165548,-0.07386563035485345,-0.07471750386229759,-0.0630174206969304
0,5.44,0.31,1,0,0,-1.0822010499839698e-05,0.046788172971100654,0.06260965202765062,-0.015155748366689231,0.030913289506035203
1,178.4,1.47,0,0,1,0.13672153188615147,-0.4113221135255689,0.07470117985085756,0.027181491876883252,-0.1904839345356616
0,19.18,0.41,1,0,0,0.4229446586993587,0.20789378895074265,-0.11740920546731332,-0.10454896289595145,0.09689251467800582
0,17.88,1.26,0,1,0,-0.3039594662464089,-0.08883341036700725,0.0132061145375951,0.02954351060211344,0.1628292960359043
0,4.38,0.5,1,0,0,-0.23734277013216828,0.0942553968834532,0.08895563878755514,-0.040634102674103716,0.09338920681854387
0,26.13,0.94,0,1,0,0.010497321335380361,0.12469736411457046,0.09383255342386528,0.11989932312633728,-0.06887552702871154
0,1.4,0.12,1,0,0,0.10366752559251843,-0.17103414563247119,-0.18923070105726056,0.12742877854961387,0.007484026130589985
1,69.52,1.58,0,1,0,-0.0102496913419224,0.045675745743722844,-0.17262318472526314,-0.012046601643311653,-0.04046178206312582
0,12.95,0.83,1,0,0,0.07534656868474027,-0.033914195245998174,-0.04299615433596349,-0.07596286154214715,-0.0595461347211305
0,33.71,0.4,0,1,0,0.025208888152841797,0.08247540645528618,0.1813042840551038,-0.06272698941306643,0.014796151311736006
0,27.13,0.84,1,0,0,-0.022272509438695038,0.1820296970887673,-0.06660242274629474,0.03901559546764548,-0.008189669708351086
0,0.98,0.55,1,0,0,-0.05712684376129301,-0.030898371312104607,0.01974118570849909,0.004579306309914167,0.0024043064174560356
0,39.21,0.33,0,0,1,0.18113659050624303,-0.12270399983333996,0.06940283333958286,-0.030813360255123243,0.0016249171681537843
1,322.8,2.73,0,0,1,-0.10241031905573199,-0.17906731005151413,-0.19285778969894632,0.002376087389840527,0.029037784228042166
0,112.81,0.67,0,1,0,0.37619113281732314,0.235433356040526,-0.1229747937801002,0.10454319096947395,0.09517290707672953
0,24.97,0.77,0,1,0,-0.26205129361928486,-0.1674910841160072,-0.021618540100799943,-0.013559606073854183,-0.06877112392778499
0,1.31,0.16,0,1,0,-0.17612608065010013,-0.20403195890649864,0.0007244540780232705,-0.0904296648829612,-0.046923054063555694
0,454.84,2.53,1,0,0,0.10673216062720349,0.005384809582702096,-0.18176695990269925,0.33504998649795315,-0.07988590272092207
0,27.32,1.75,1,0,0,0.09070641252260364,-0.17733760052577072,-0.009241927904997721,-0.12504667687029716,0.12533521455898672
0,32.26,0.48,0,0,1,-0.13867969616774214,-0.13687296200710913,-0.1054976464687633,-0.03481443058089617,0.05520641297153832
0,98.93,2.97,0,0,1,-0.05743967360677008,-0.058338479912259426,-0.008546767671835728,0.03478453439456093,-0.06438810398995279
0,34.29,0.87,0,1,0,-0.26479904971091534,0.04445499626961392,0.006185618477239771,-0.0019227441895230688,0.07715440877297092
0,52.62,1.38,0,1,0,0.11366224238719547,-0.03450325117201533,-0.011667220176161586,0.01952922319824715,-0.027047530784298897
0,35.6,0.44,0,0,1,0.2620184022887227,-0.1535954886374099,0.08443183953743447,-0.07814319852816959,0.0034530299283918077
0,18.9,0.13,0,1,0,-0.01958181300925476,0.2569834023396135,0.081879589289793,0.05185399205841344,0.11284737475599664
0,41.33,1.91,0,1,0,-0.05295528932652864,-0.2118133684999222,-0.10177107192271823,0.035879107135392385,-0.0024693085991566266
0,55.98,1.39,0,1,0,-0.15528300939229212,-0.2970349103047039,0.07126722467923852,-0.09430453249194913,-0.08108481492642353
0,38.26,0.33,0,0,1,0.13017205305313953,-0.115241251896267,0.09851956642851833,-0.05972920524498919,0.02733031880472271
0,16.72,1.23,1,0,0,-0.2003708662901863,-0.12839109096214732,0.06287078489227806,0.016729874194498204,0.0888575497531165
1,327.97,2.85,0,0,1,-0.019897786325037924,-0.09397025666249365,-0.005671703842398011,0.022928489148169542,-0.0011927726927253863
0,0.4,0.25,0,0,1,-0.2720493899118355,0.04528309263804185,-0.0017523159498146418,-0.10357267311840249,0.019675359818669334
0,11.74,0.94,1,0,0,0.10621884407059741,-0.0007141745077331018,0.13527992268085273,-0.10234113630144177,-0.07462369894343714
0,128.28,2.31,1,0,0,0.040264274270669795,0.18612568118766498,-0.13185566419084424,0.0942040003903545,0.0454476597333026
0,80.9,1.47,1,0,0,0.10746546326715213,0.07423911669636891,-0.18868107850913088,0.06488411738301927,-0.06093910887401562
0,21.83,1.3,1,0,0,-0.0899230641999416,-0.11100414033134981,0.12445334276807325,0.011247657954102232,-0.09592158697301119
0,29.27,1.32,0,1,0,-0.20358275263276085,0.11056233480186081,0.018348775464651777,-0.042158666863709865,0.041900332346742175
0,28.44,0.83,1,0,0,0.06586943138837,0.13456350896984837,-0.11864198902994931,0.012617550982455854,-0.07990288085163902
0,5.9,0.77,1,0,0,0.24838939612872518,-0.12638653330553465,-0.07344002267915162,-0.06433970703854945,-0.03411324270882589
0,5.91,0.19,0,1,0,-0.2880669931702039,-0.07818087053598069,0.02264556948698844,-0.1249947987362055,0.04201685298184358
0,16.16,1.46,0,1,0,-0.24925675186019483,-0.02673586266693318,0.030515206916770607,0.04967414930088143,0.14012536587799904
1,69.38,1.56,0,1,0,-0.03819611095542176,0.0633469435241611,-0.17215338986638495,-0.05026525864022291,-0.01135398522150503
0,7.79,0.5,0,1,0,-0.14641836027625013,-0.05899314278748627,0.02561624999036625,-0.05252232469454745,0.028861171855579664
0,91.19,0.96,0,1,0,0.0390766750058009,0.25730226930757133,0.17955161444650283,-0.00044869677697540996,0.04108803056677743
0,7.48,0.62,1,0,0,0.23480417150859056,0.058071902497931,-0.15629217856181563,0.15718667096794373,0.13584908929492656
0,7.03,0.45,0,1,0,-0.02089090922104663,-0.13899865392257177,-0.1828355639895955,-0.04230955063599459,0.02110728039162143
0,8.84,0.65,1,0,0,0.21855758625956817,-0.019841592673999896,0.16365736283864352,0.0415589350873787,0.31371165058993367
0,30.99,0.7,1,0,0,-0.024395536752654472,0.047000543286952016,-0.029324792579224733,0.10200651605185874,-0.013609915556563962
0,63.93,1.04,1,0,0,0.08940835033143701,0.18471904279393822,0.06989606660016423,0.07298795724275216,-0.08068222284666009
0,132.25,1.08,1,0,0,0.2763687776851658,0.048363746781036165,0.08139250454967764,-0.24814336717741511,0.20890774851818994
0,9.27,0.74,1,0,0,0.04098434321060313,-0.17805603736138462,-0.2388055503133889,0.052236377604998926,-0.06343223084896811
0,17.76,1.01,0,1,0,-0.1413747574811108,0.07898251869045193,-0.11954239457697592,-0.010013549117217161,0.03549989255757224
0,17.94,0.13,1,0,0,-0.03177709168631492,0.25039163380803947,-0.06191871427519542,-0.04960246489451954,-0.02713693591129618
0,5.73,0.11,1,0,0,0.06084108386775511,0.11171670338149345,0.15038972165730957,-0.1398965378253822,0.09423273123370349
0,39.69,0.3,0,0,1,0.21239655481209954,-0.02429460513124526,0.14976204598520593,-0.05994182425123214,-0.029521766695738985
0,17.29,0.92,0,1,0,-0.1241170988383825,0.18526316023591657,0.011521377144880966,0.031218192154598957,-0.07348491461028148
0,210.14,4.37,0,0,1,0.15350825343154714,0.033459654433680715,-0.20075208863386068,-0.05217273405154556,-0.0960056829847003
0,44.48,1.08,0,1,0,-0.07276066226651888,-0.19186035150054018,-0.02527952395135962,-0.012186352133783579,-0.11295438560181993
0,33.02,1.68,1,0,0,-0.07818414312340442,0.07764900712740859,0.027624362744653495,-0.0411855723420556,-0.08256938865662228
0,40.25,0.4,0,0,1,0.1969635997228439,-0.16754825439973908,0.15501368584444827,-0.06323309817866643,-0.03978720898706834
0,36.08,1.03,0,1,0,-0.057744447530721624,-0.22843782973338725,-0.22944922575575905,-0.09866395033035891,0.07660873335899808
0,30.21,1.83,0,1,0,-0.1425340189815123,0.05095067816501742,-0.10342624783071078,-0.05819826331976672,-0.060375405368843414
0,8.34,0.65,1,0,0,0.030149798558295637,-0.1371784142711384,0.013222394233932361,-0.2137201520056354,0.2323164245994685
0,10.61,0.02,1,0,0,-0.07799563713914082,-0.31268798925249097,0.036270607200752404,0.04739934288635103,-0.18361531011390317
0,32.99,0.68,1,0,0,-0.1444951109355661,0.15051892064394243,-0.031735353763777924,-0.0028044839487416403,-3.5189991975946404e-05
1,63.34,2.2,0,0,1,-0.21075247333526628,0.09734328514867083,0.23359175575199498,-0.08760899534997221,-0.03315699108545331
0,77.63,2.48,1,0,0,0.12942507779315734,0.009005470720730513,-0.18225194153382074,0.016651991684266326,-0.03980288313117862
1,5.37,0.97,0,0,1,-0.009765144060780148,0.04195500479443896,-0.010188275266338134,-0.03421035793571708,0.007595578637030489
0,43.51,1.32,0,1,0,-0.275691587308402,-0.02504884368182923,-0.16840937919913804,-0.1108288486168644,-0.004580059942875042
0,19.35,0.92,0,1,0,-0.2225379128925212,-0.10865347623619374,-0.005019032910343479,-0.037865720988842506,0.11086271325040657
0,19.06,0.91,0,1,0,-0.2683464443439855,-0.12935146006631093,0.017314341086833725,0.03103059854316567,0.11209842686919148
0,4.21,2.11,1,0,0,-0.0488887335022023,0.0539229901165547,-0.014658796709493205,-0.0682361985730533,-0.019467297164171803
1,1.57,0.24,0,0,1,-0.06077879972183157,-0.06871080901404256,0.030784343269562957,-0.004360033522234416,-0.009616421570331313
0,10.06,0.61,0,1,0,-0.1323131357094619,-0.05453172102404435,0.06461360232398475,-0.0009490194352699305,-0.014963829302994842
0,35.56,0.97,1,0,0,0.03856175085332064,0.08857952026249877,-0.03634777363517215,0.06779779675366522,-0.06512384956928768
0,18.62,1.16,0,1,0,-0.10382213885840186,0.03311416535639209,-0.1425247222999914,-0.023170849245450934,-0.0485879626235219
0,14.34,1.26,1,0,0,0.06533239277119343,0.20131229926707264,0.08071568724421418,0.08566073694174842,-0.021764212299980067
0,35.31,0.9,1,0,0,-0.18705545894800804,0.027968422374266725,0.1884750871583464,-0.04511076379755981,0.08449131929666572
0,42.02,0.36,0,0,1,0.2628674772283548,-0.1487362775936905,0.12230765679017722,-0.08245937315232926,-0.0172672847411981
0,29.78,0.55,1,0,0,-0.1285570376735827,0.11647211835078204,0.1659552686646076,0.03454913749658724,0.01104528727387902
0,48.4,0.83,1,0,0,-0.06658660677939394,0.23731279389315316,-0.1856544431332347,-0.0033442956014741363,-0.09188760027131752
0,45.42,0.73,0,1,0,-0.0901685383717105,-0.18689923071777506,0.20798097993033848,0.013778154817759238,-0.18783994705940635
0,8.11,1.06,0,1,0,0.22357863404712344,0.13086535482166572,-0.13396138403024088,0.016392959422877752,0.056453523810272
0,26.5,1.31,0,1,0,-0.14355119749030762,0.1457167280670352,0.1965167321278978,0.006754738909806042,0.01337058388335679
0,78.07,1.71,1,0,0,0.105173205706329,-0.17560429686121765,-0.12012553582788335,0.1158664872461705,-0.06825192043941877
0,1.24,0.61,0,1,0,-0.12975616499956877,0.21506837718277008,0.18760006987681582,-0.025187210493559924,0.03003129188778676
1,61.18,2.04,0,1,0,-0.18260372519714957,-0.14045848897769317,-0.012789501088664324,-0.010035520031054106,-0.08116563917336748
0,24.49,0.43,1,0,0,-0.09271338666199194,-0.13443353545285314,0.36538807266238044,0.695028775261837,-0.009930894827767366
0,37.34,1.69,0,1,0,0.00864586883064145,-0.2824016643652142,0.05222237630634877,-0.031759460911396815,0.031057964539983104
0,16.56,0.91,1,0,0,-0.24790083940051494,-0.15128471301727053,0.02148736120962607,-0.01532310959989632,0.12761225175282476
0,47.31,1.24,0,1,0,-0.16206011141611296,-0.22322396208296705,-0.013938522353030955,-0.027142952195188013,-0.09226141958133671
0,98.98,2.5,0,0,1,-0.020016291937066805,-0.05112536206187104,-0.01005992820484291,-0.047838217263921436,0.033419157967450874
0,57.64,1.26,1,0,0,0.11366424170820219,0.23373602817805103,0.034563538954488444,0.06428033423279061,-0.014121406696695092
0,1.97,0.35,1,0,0,0.2520222288782723,-0.022199993513976442,-0.019405176486512642,0.11208372419274028,0.12288648268572057
0,0.48,0.17,1,0,0,-0.10754738711793362,-0.3069681431876163,0.11573339327009674,0.02200371190217814,-0.14000549783717717
0,12.32,0.84,1,0,0,-0.014263380753103233,-0.34444798909512253,0.048198165623704464,0.06469199161056317,-0.21673179743559637
0,39.35,2.1,0,1,0,0.01864189749647016,-0.30085471141308284,0.09384481137428598,-0.0354039605070264,0.04508925562016232
0,38.95,0.12,0,0,1,0.2251978620531286,-0.12921908023650763,0.04624667912894428,-0.03122908651571739,-0.08333786596999106
0,123.24,0.97,1,0,0,0.2696587274361776,0.1866464741540498,-0.09789505333909485,-0.025833477650184466,0.07739576744920952
0,8.4,1.08,1,0,0,-0.13389328026783415,-0.25387072323719506,0.03674860803400312,0.057669986860752045,-0.18565745648572685
0,96.88,2.43,0,0,1,-0.013357766860736354,-0.041674197454030566,0.044233782947751786,0.0015577178493792168,0.010010695539040533
0,5.23,0.48,0,1,0,-0.04975366014180055,-0.2655638512580639,-0.10765360689388309,-0.07008538878665403,-0.06787465091120372
1,45.13,0.88,0,0,1,-0.06025178022453857,-0.17764396545142797,-0.0006495607486658799,-0.05494359562732945,-0.10527599808065195
0,105.91,1.1,0,1,0,0.15476162184633144,0.2236167807984663,-0.1642504309631246,0.07023999866333182,-0.018387556462076866
0,0.48,0.16,0,1,0,-0.2345665632773362,-0.001724200175202068,-0.012699899773308484,-0.09455889493585612,0.022740650435042337
0,85.47,2.7,0,1,0,0.058720693427320066,0.013718010373841023,0.026930633623516817,-0.006119041669225003,0.04121823128496558
0,4.43,0.18,0,1,0,-0.0987896042679409,0.09026151548208254,-0.0665404277634614,-0.03888418528468751,0.03210216598013167
0,44.51,1.11,0,1,0,0.22484696346390157,0.16138213786479433,-0.07705132834041703,0.08230641206968177,0.0224937634282354
0,27.35,1.03,1,0,0,-0.14445418116331235,-0.009435786034603615,0.12065316047139589,-0.045743236398026736,0.04798589928503074
0,22.51,0.71,0,1,0,-0.08830807486752805,-0.131845760946659,-0.2218753379052946,-0.0038469660474526753,0.020705447308110556
0,549.08,1.67,0,0,1,0.166811543179684,0.013431083566548744,-0.10969036439955762,-0.08985481528033759,-0.01749015546671987
0,83.96,1.64,0,1,0,-0.21539326547862409,-0.09264093701812504,-0.013642551090506496,-0.028264449450911444,0.06994135571321869
0,59.77,0.69,0,1,0,0.2493690133353197,0.25561095865292444,-0.049642499050517166,-0.12323288245559771,-4.4717078763704433e-05
0,1.18,0.68,1,0,0,0.0388076356569919,-0.21745149033774916,0.031608032951395616,-0.0622570623821905,0.06139165519726559
0,25.82,1.22,1,0,0,0.050202615525640745,0.3037366886065523,-0.0180067236516295,0.06203477053152254,-0.06767657246091474
0,185.06,3.89,1,0,0,0.17322152283248143,-0.1307806160799915,-0.2528148930742642,0.013397017447178335,-0.11003354479182711
0,18.52,0.53,1,0,0,0.040977617307898465,0.11142840487004131,0.06447497108556868,0.03191878775606994,0.11103430390474092
1,262.83,2.0,0,0,1,-0.03334928398459764,0.22515983430099548,0.05017711559723367,0.0055829243595671135,-0.007182170049546019
1,310.78,5.51,0,0,1,0.060602178959555796,-0.059034425383225925,0.0724728120723555,-0.02428169227080999,0.0706354838594395
0,2.44,0.69,0,1,0,-0.25717494162166754,0.26322231242046423,0.14522034279052154,-0.013516341276773935,0.06299490567942835
1,1.05,0.69,0,0,1,-0.03802759065309713,-0.06577489847232884,0.032966434264779944,-0.014616526217782902,0.008529079171109287
0,7.27,1.94,1,0,0,0.037925842654553614,0.08761425294303977,0.06493105199749123,-0.06753513095964062,-0.10182740582320848
0,116.58,1.34,0,1,0,0.40139457657079675,0.13926315624145344,-0.07208545950785653,-0.14157123469255545,0.11967239506505337
0,92.07,1.73,0,1,0,0.12323326565581978,-0.0751987832675108,0.09763458402994094,-0.012215478759015285,-0.031108939163028877
0,1.34,0.25,1,0,0,-0.2500999892948358,0.01870146573856024,0.03009395632293237,0.22247153025722838,0.06433338535196029
0,1.09,0.71,1,0,0,-0.04178703833079404,-0.20718981085963206,0.02707397920169759,-0.024582660766869886,-0.014569394655465449
0,10.79,0.52,0,0,1,-0.21181018647948377,-0.029357327988282694,0.291261165926299,-0.031281944948603306,0.07230964239201303
0,42.37,1.88,1,0,0,0.1663953707714027,0.18991438862016036,0.2570852001237029,-0.021706431003078893,0.06705163626417825
0,21.34,0.94,1,0,0,-0.11696409838071674,-0.08898018367014034,0.12407474572536067,0.22681152278326655,0.002171195353200525
1,60.66,1.8,0,0,1,-0.036621796325762894,-0.11688632531768554,-0.09704555820421415,-0.046250645802993394,-0.01389926233032042
0,49.87,1.39,0,1,0,-0.11465214753467817,-0.0463925733400645,-0.18687506239615745,-0.0347592978643374,-0.05623161737874263
0,99.89,1.13,0,1,0,-0.12918120079412648,0.16151807938941878,0.05295979031816165,-0.024011012743820104,-0.06369824760546165
0,63.9,1.49,0,1,0,0.14550103221604158,0.2555723162841887,0.036131486799941014,0.06550956266699423,-0.12267143260552683
0,122.61,1.34,0,1,0,0.05121478575480139,-0.05070310526583112,-0.011970694661687452,0.07009211939910323,0.00844863824993617
0,14.47,0.69,1,0,0,0.1644032446116569,-0.018451013424589442,0.027756082095248498,0.002466533131541932,0.04938945727998252
0,54.51,2.77,0,1,0,-0.1199742454372885,0.013655686556785755,-0.14971375837974926,-0.04202076637146687,-0.03813259014304421
0,2.82,0.39,0,1,0,-0.22048567485157894,0.3962084208950985,0.1435276474705264,-0.03607686941621996,-0.034627602847861774
0,255.26,1.14,1,0,0,0.0013448593543094226,-0.02565869173189147,0.0367688907974435,0.041174609925656594,-0.02616951997139265
1,317.03,3.76,0,0,1,0.011159616064979385,-0.02184112332832946,-0.04919446505765475,0.0015018581923037903,0.000687215675452347
0,28.32,1.37,0,1,0,-0.09940522093471675,-0.25025934076824596,-0.13630919728645569,0.19166926055630767,0.017640595324708384
0,18.62,0.74,1,0,0,-0.08711390157619116,0.23038491599271224,0.1519873033316143,0.04295423449078123,-0.09947465966920808
0,115.78,1.81,0,0,1,0.10347226029214569,-0.05781714068022793,-0.07270662955521748,-0.0010574249238897682,0.038395347916362677
0,16.29,0.91,1,0,0,-0.0714007524446637,-0.24468875152912867,-0.08988791109207714,0.02601715302622011,-0.19011711930282155
0,17.49,1.08,1,0,0,0.00937342717646062,0.17314210771085717,0.079444472334667,-0.027696101883754543,0.04365596592576925
0,34.1,1.28,1,0,0,-0.10422313786733545,-0.1852739900537009,0.17856199781670368,0.8278661936990855,0.13346422508682831
0,0.85,0.42,1,0,0,-0.26892520447350515,-0.006362276375734224,-0.013243285745989118,0.11877382645313879,0.15739495877203488
0,16.88,3.27,1,0,0,-0.030991544505718133,0.0017606136027266163,0.002053978309380126,-0.002863500533488211,-0.03305712661845937
1,18.99,1.39,0,0,1,-0.16766098217509998,-0.16892911989554515,-0.053140814266237846,-0.04598799350662651,-0.06971101502207755
0,9.03,0.33,0,1,0,-0.04589598444126207,-0.05159508762583826,0.038508895393278675,0.11058924249384097,0.03491422429584532
1,31.3,1.01,0,0,1,-0.14606638746417505,0.10189661366411751,0.21383884768998712,-0.07411954442726944,-0.048232219839302974
0,22.97,1.3,0,1,0,0.10436368328110797,-0.12225439952786916,-0.2085043220727715,-0.00018866610713401963,-0.042895233346307814
0,28.85,0.94,0,1,0,-0.20149222609637515,0.026325575951333155,0.005363221235827591,-0.0223079383131848,-0.0077624448957210514
0,138.39,1.6,0,1,0,-0.07022004004232958,0.04028843056242871,-0.10336320806921555,-0.044293183631731896,-0.07643527178735764
0,77.95,2.23,0,1,0,0.180067870068,-0.11896791992634145,-0.0009027480496142733,0.08105703428870807,-0.22095115645056834
0,40.56,0.43,0,0,1,0.2173875110139591,-0.10259275342482291,0.19440897813829788,-0.039738440318293405,-0.02034185671733783
0,39.95,0.74,0,1,0,0.05925182313557646,0.2804457345468946,-0.08636380043312768,0.02187951634295392,-0.049311677944752434
0,10.69,0.92,1,0,0,0.18159737617633004,0.09099882792209785,0.1992871073145894,-0.13712851530870465,0.08825026506518568
0,141.49,1.41,1,0,0,0.23047732998058615,-0.14575095741033958,-0.011160904254670583,0.11067755484142343,0.06255712548812528
0,16.94,4.4,0,1,0,-0.0683600209301285,0.007951195831507205,-0.0016885599721243377,-0.018540589256426696,-0.0013495689206562624
0,85.31,0.8,0,1,0,-0.12061030500384073,-0.11416235496022208,0.019407035753154576,-0.027274181088522243,-0.0006148138526372647
0,32.96,1.43,0,1,0,-0.13453872386457844,0.12718637817146475,-0.15848394766665366,-0.06959319773357664,-0.03429291132749965
0,17.24,0.84,1,0,0,-0.31103217026159363,-0.10766565881136977,0.005591578558055377,0.010263140181066596,0.12133882516456393
0,47.71,2.33,1,0,0,-0.17976153982413176,-0.17394490841880114,-0.01806612842165119,-0.0946282648815871,0.022392751855251813
0,4.16,0.36,0,0,1,-0.054924689340689274,-0.018718090972725917,-0.2835803734711895,-0.08848770199063538,-0.011752135068609346
1,61.13,1.92,0,0,1,-0.37291725358415806,0.14656582719131914,-0.25503732063411916,-0.11656997553951785,0.015294231508709344
0,25.0,0.7,0,1,0,0.09881614367576236,0.21036008865939237,0.10787276705238862,0.057094995373872956,-0.024445264835098374
0,0.36,0.15,0,1,0,-0.3006208254160531,0.2822964623282683,0.3168154231221554,-0.09253387359178221,-0.0955484397746919
0,299.36,1.59,1,0,0,0.20832793142217823,0.09212560485699271,-0.14269512128209935,0.04281205512265811,0.10520726222076134
0,41.23,1.26,0,1,0,-0.23503252552183873,-0.1419285307561826,0.0377548752300439,-0.024410331832404663,-0.02298999026254614
0,5.69,0.16,0,1,0,0.239389827644162,-0.23140299841167,0.025537155768883678,0.030325982944746255,-0.08167734411436545
0,26.2,0.94,0,1,0,-0.025330183694044828,0.16024213532394257,-0.019285850818422046,-0.020531684854847472,-0.008626761069995426
0,1.41,0.49,0,1,0,0.25413676386352235,-0.3448566938200498,0.07147531370226248,-0.005562364447029012,-0.01457096702711088
0,82.59,1.45,0,1,0,-0.2663238490852342,-0.08950584729715903,-0.10031280279225305,-0.11055606604001886,0.020380941725537356
0,2.44,0.59,0,1,0,0.18052106188641892,-0.013082425099544992,0.0745779822100701,-0.05724102008467476,0.19132191800876264
0,222.19,2.03,0,1,0,0.09394542645513759,-0.05255224647116521,-0.09242130150589666,0.19327737912379875,-0.016437266850673888
0,4.49,0.49,0,0,1,-0.04414031426003237,0.033165225226213596,-0.13164354491712846,-0.053595038203038826,0.048278667821373286
0,38.74,1.38,0,1,0,-0.2912028801624608,-0.2081618549600602,0.05819234656352647,-0.11801637751065817,0.05065334783729164
0,12.15,0.58,0,1,0,0.01670637056166184,0.28445371452788776,-0.12943088879231204,-0.028855216884768987,-0.007608535105435036
0,4.93,0.39,0,0,1,-0.12598452049393477,-0.04437844920616353,-0.1296569836426342,-0.0818184245618474,-0.0065801140080022046
0,6.86,0.28,0,0,1,-0.09943013282568637,-0.3624292126378193,-0.030009993248521324,-0.24126698770801655,0.0794880024680134
0,325.2,1.21,1,0,0,0.3036383702476305,0.13946702967485777,-0.12521451330940297,0.000887792853688801,0.04003974657515131
1,201.51,1.81,0,0,1,0.32603395840785615,-0.11348387959714393,0.12380430070480106,0.029381856824094645,-0.10049087588787162
0,29.35,1.7,0,1,0,-0.002554295749332033,0.20123652803631636,-0.09929374230806487,0.0031326403232952156,-0.11007456185154674
0,7.91,0.37,0,1,0,0.19937167177122173,-0.214695227734901,-0.07012433306805194,-0.2219286189870055,0.12079009733387193
0,42.87,1.43,0,1,0,-0.12468143079468799,0.07900576496721562,-0.1147136971420535,0.002348919976583672,-0.0169584632358999
0,97.54,1.39,0,0,1,-0.008918003542482676,-0.01247582529482952,0.04203432900927121,-0.00907699684483706,0.001566156540067953
0,42.06,0.23,0,0,1,0.14077391885249219,-0.03662785454183015,0.11153965246372399,-0.05921118389490286,-0.0365304084297312
0,48.15,1.83,1,0,0,0.14568469733471726,0.03202811332242045,0.03617458688038595,-0.08781461447764537,0.03866560853133837
0,1.43,0.46,1,0,0,-0.28825198526334006,0.1955754454849853,0.17401380265210362,-0.13335312489089277,-0.15766095600071264
0,20.94,0.5,0,1,0,0.07619332156141029,0.12135377537977099,-0.08971515619388334,0.02001046354437871,-0.1539888894060318
0,6.07,0.46,1,0,0,0.1637856243313602,-0.24878245068920068,-0.08358381858489307,-0.032578636834993666,-0.1363219859436406
1,199.57,6.64,0,0,1,-0.11612161292329448,-0.07096130385995016,-0.20415056288635297,-0.055236244715520466,0.05125250570690405
0,42.71,1.27,0,1,0,-0.18468427834428155,-0.2737707772049616,0.03456218414365071,0.12365274596094639,-0.013146303507945042
0,1.65,0.33,0,1,0,0.2625933988007787,-0.34212382825740323,0.05037936198736991,-0.034859624695848024,-0.0022315676658000386
1,87.95,1.82,0,0,1,0.17595056705588438,-0.13579386505290203,0.1078375054737182,0.06854647201178829,-0.021135212970906647
0,1.73,0.08,0,1,0,-0.23075695973784532,0.008436452489831749,0.07068933113784821,0.16708304057730855,0.11940753539107427
0,148.14,1.53,1,0,0,-0.045386570013167794,-0.13311435367995336,-0.08651427104562792,0.0742767828035482,-0.21154099809690302
0,98.38,1.11,0,1,0,0.46309508553740536,-0.10165799524450646,0.18049337345224356,-0.1372235623063121,0.03962643369794366
0,28.43,0.82,0,1,0,-0.0915882774690188,0.12931548421127992,0.0790206801616628,0.055661708667430525,-0.07947288451844274
0,17.99,0.54,1,0,0,0.11890036375231158,-0.04833211644661201,-0.01205103111798606,0.060824294476562346,0.16286122291091484
0,8.88,0.44,1,0,0,-0.13317940019679497,-0.12704428658493078,0.19873153188613796,-0.048377006476944234,0.09562283920442059
0,1.15,0.66,1,0,0,0.23787622519851093,-0.0027087239320311013,-0.0605084336032556,-0.14837426658652383,0.14623367796092027
0,4.71,0.65,0,1,0,-0.12736015196859968,-0.08746624267910419,-0.09413450274560914,-0.03131518950024274,0.0631433842081556
0,30.76,1.45,1,0,0,0.10283048678736775,-0.0338244443146258,0.05631959777808476,0.6376746230430211,0.23171069480078352
0,27.43,1.23,1,0,0,-0.08887783633654767,0.09305448358234251,0.15907639704239596,0.03868590270863839,-0.10306521337612883
0,106.47,1.72,1,0,0,0.38689754595232967,0.11338338894733185,-0.08161255485891282,-0.03548595089574047,-0.0167727080001091
0,72.44,1.01,0,1,0,0.09875345986569328,0.1321913458436338,-0.124505217953084,0.07225956337529311,-0.12712687510955367
0,39.76,1.34,1,0,0,0.1871315367364381,0.20082425165351692,-0.1403152309231672,0.04710808629073698,0.05868234323130397
0,39.57,0.7,0,0,1,0.1765445136965267,-0.03667303688518452,0.12072356210825609,-0.05393923370867766,-0.0525146464739213
