is_legendary,weight_kg,height_m,gender_Female,gender_Male,gender_No Gender,1D,2D,3D
0,13.54,0.72,0,1,0,-0.2799662414916907,-0.27037913315499995,0.1354899285077384
0,19.04,1.03,0,1,0,-0.49925958589628283,-0.07286039961775528,-0.09416624648369623
0,4.73,0.61,0,0,1,-0.341341830127665,-0.2269021045195897,-0.09495629098429254
0,22.05,0.59,0,1,0,0.24228576164000457,-0.44408454040145695,-0.047091884246736535
0,108.05,1.5,0,0,1,0.18581548064778378,-0.022498862525290375,0.3061385348341611
0,88.12,0.96,1,0,0,-0.41676222761175,-0.045464905123315226,0.26103621772299695
0,8.65,0.07,1,0,0,-0.3325883086418828,0.033026027932199074,0.2773939178534514
0,55.97,1.05,0,1,0,0.27468752757321463,-0.36905252572554476,0.017633887340875187
0,105.46,2.24,0,1,0,0.9302636747862866,0.10096439751445241,-0.3065415927732501
0,21.71,0.48,0,1,0,0.2683235604173805,0.20966953164564592,-0.20784273885555976
0,14.18,1.3,0,1,0,0.8392241490359761,-0.12442680078294763,-0.4762107469112685
0,1.58,0.37,0,1,0,0.6907857158344505,0.7041261823669637,0.7326982127526817
0,40.13,0.59,1,0,0,-0.3410535436893848,0.23330131367550627,-0.44203573878212826
0,0.91,0.1,1,0,0,-0.5987817597532543,-0.08334379050641008,0.2787185095966662
0,26.13,1.54,0,1,0,0.3570085679822211,0.1846729547995326,-0.27893681812957677
0,102.31,2.55,0,0,1,0.5134327140837867,-0.1593705642284088,0.16717435435604913
0,46.15,1.85,1,0,0,0.4056585923685616,-0.702650160588977,0.2400468349426619
1,35.14,0.85,0,0,1,0.38589346610519265,0.01547858595052216,-0.12088075616981203
1,331.48,4.57,0,0,1,0.9641161530831129,-0.33870793961161705,-0.14792317093031662
0,40.73,0.26,0,0,1,0.004882837738015034,0.11446785321211247,0.3855773749592482
1,202.89,7.21,0,0,1,0.8162447935584594,-0.21609804649919243,-0.23942454900223886
0,10.7,0.24,1,0,0,-0.5484693014367253,0.11160419064555953,0.043982294887172216
0,55.72,0.92,1,0,0,0.46867938742176213,0.46039811303096073,-0.5323330537062683
0,22.54,0.76,0,1,0,-0.3491730017370318,-0.13463448453488175,-0.1728946274885744
0,15.16,0.73,1,0,0,-0.0519745598168059,-0.43949259222480225,0.18862335362467367
0,92.77,1.1,0,1,0,0.24242989551809455,-0.1821255143145874,-0.2797110521865544
0,57.57,2.48,0,1,0,0.4159686667641719,0.4149532574305301,-0.5599897853730514
0,29.85,0.59,0,1,0,0.07380383825040011,-0.24349215129462884,-0.12744680385431612
0,157.44,1.23,0,1,0,0.7250845260817166,-0.14993877931635713,0.2539475108873484
1,496.37,7.0,0,0,1,0.8088580775276858,-0.43111397574097904,-0.4472667448971243
0,32.29,0.72,1,0,0,-0.18577971437530533,0.3816435216165238,-0.3958168194186685
0,28.53,0.35,0,1,0,-0.07982953142962965,-0.23881441076427962,-0.0991764740366726
1,1.53,0.35,0,0,1,0.5909731855093988,-0.13375109079714126,0.09044265690684902
0,50.1,2.29,0,1,0,0.7340033699368075,-0.40081832441070414,0.08698064431441933
0,133.77,2.39,1,0,0,0.2037954553535236,0.2805221735688604,-0.2987924815164008
0,303.52,2.2,0,1,0,0.528054678948864,0.7837694089632343,0.032873082120333054
0,1.9,0.32,0,1,0,-0.9535984944996045,0.14277000953422037,-0.27979776541402407
0,0.8,0.74,0,1,0,-0.4338248729090907,0.2763016548173305,0.22764208280877132
0,38.78,0.2,0,0,1,-0.0058109623718329215,0.12518549799917078,0.3944197907902603
1,58.0,1.12,0,0,1,0.558414710213207,-0.5864113568197532,0.22423014862575316
0,0.67,0.3,0,1,0,-0.8671930093983852,-0.12606303483607914,-0.14897460777900412
0,9.64,0.58,0,1,0,-0.34746839960042286,0.1701646611849035,-0.3698321684204991
0,41.21,0.3,0,0,1,-0.010911304295387671,0.1545011999236383,0.3929871719611842
0,52.11,0.92,1,0,0,0.16041072703410808,0.04700173070253308,0.15792307558983534
0,21.6,1.24,1,0,0,0.3262595492956427,0.41427914683593325,-0.5018773388638211
0,24.56,0.94,1,0,0,-0.4027012876071585,-0.0864526159160984,-0.15442622466776584
0,0.63,0.37,0,0,1,0.40680422384704984,-0.43221868283310394,-0.1656402380307253
0,55.68,2.2,0,1,0,0.5347358827080121,0.48208503306934547,-0.661036436062173
0,21.59,0.47,0,1,0,-0.27327429066207093,-0.16143142362862045,0.09863006806387566
0,70.96,1.19,1,0,0,0.004362821012754141,-0.31028034190871423,0.27177837470353783
0,121.01,1.6,0,1,0,0.20110005908708228,0.28542780230670983,-0.14393679520990837
0,28.65,0.7,1,0,0,0.06930295001126786,-0.04378983001139564,-0.42588146026225454
0,81.36,0.12,1,0,0,0.39545347138371323,0.24202335869818314,-0.19499008783889807
0,12.26,1.56,0,1,0,0.7572389468789027,-0.22726228155165756,-0.3786042512328377
1,29.21,1.43,0,0,1,0.3425790211171689,-0.02093437173573948,-0.26841925732927485
0,43.67,1.14,1,0,0,-0.4008334665900553,0.1332136881013861,-0.28958355520606893
0,36.69,1.43,1,0,0,0.4634439093473226,0.405516714182987,-0.6423888604119762
0,10.3,0.45,0,1,0,-0.34517474497678163,0.20604412505214773,-0.4171699341402292
0,7.79,0.49,0,1,0,-0.4735739704928548,0.031074313119096773,0.31736737412748
0,37.68,1.71,0,1,0,0.449218821434681,-0.23029569989089635,-0.33143942182887304
0,37.86,0.8,1,0,0,-0.01751733091478666,0.31749058817313197,0.4937221317612301
0,4.98,0.34,0,1,0,-0.7690243524460503,-0.09752073148318169,-0.13731922360849458
0,111.97,1.9,0,1,0,0.49003886769130606,0.48176199482282483,-0.5232201004582283
0,9.35,0.21,1,0,0,-0.036771192058585436,-0.2729720692694145,0.1327888285991748
0,43.25,0.37,0,0,1,-0.020161405559893677,0.16076463981851602,0.4346404593425062
0,2.49,0.45,0,1,0,-0.7907619441027636,0.06717556236413662,-0.25883550118947884
0,50.66,0.76,0,1,0,-0.08800222444061835,0.37285416693255696,0.6119467333464735
0,57.43,1.08,0,1,0,0.4803743342270621,-0.2470729032468125,-0.28339823185230806
0,213.19,2.48,1,0,0,0.03916925193390401,-0.3748300133379713,0.32416776730307445
0,96.04,1.44,0,1,0,-0.0936070582789461,0.326069986474866,0.2077451296812888
0,60.11,1.66,1,0,0,0.19776106796014387,-0.06943323519885704,0.18734637485926153
0,31.85,1.09,0,1,0,-0.3115435420384362,0.0683030395776805,0.28529347317961373
0,54.71,1.13,0,1,0,0.08152745135114146,0.6886391010035945,-0.16616943824938346
0,34.86,1.98,0,1,0,0.2794433709214148,0.19102870169797506,-0.07180576439849796
0,35.85,1.74,1,0,0,0.024633838279825907,-0.2383932286340883,0.31829547804756836
0,41.72,0.76,0,0,1,-0.029108139782671866,0.051100804349818785,0.5089322799596998
1,63.97,1.47,0,0,1,1.0493625178334627,-0.738724974473331,-0.48059718308641003
0,41.48,0.48,0,0,1,-0.010645866789755995,0.2718371220543116,0.39754424985158127
0,42.21,2.34,0,1,0,0.45554694037959875,-0.37508342595368727,-0.10780304502687321
0,40.75,1.7,1,0,0,0.3558197166318218,-0.6356145958476997,0.2803373783234408
0,17.3,0.74,0,1,0,-0.5519061741565924,0.1691828378409047,-0.2323836998104976
0,33.64,0.8,1,0,0,0.04680346831711402,-0.4053966502373277,0.09627638977226968
0,99.8,2.19,0,1,0,0.3697363397493207,0.1493223593452458,-0.3834720342998424
1,980.7,0.14,0,0,1,0.6256841787991749,0.601087425895945,0.7096414320303124
0,3.19,0.09,1,0,0,-0.5596018272666732,0.10497933015247315,0.24012669434423725
0,33.17,1.16,0,0,1,0.5648555064779504,-0.5241212077783862,0.2087020823487696
0,24.98,1.61,1,0,0,0.1841000266084026,0.29263268287835037,-0.40280139754048344
0,94.27,1.71,1,0,0,0.16580860298310018,-0.023190813943344653,-0.14257726324729814
0,67.26,1.75,0,1,0,0.20854154175062029,-0.03921602191034287,0.06845477550155718
0,12.0,0.49,1,0,0,-0.760808786963338,0.058961167377216274,0.00939370057135348
0,8.27,0.21,0,1,0,-0.1733515057415189,0.20115195380567366,0.47174704608178636
0,58.57,1.68,1,0,0,0.46445193269556373,0.3640163672936391,-0.13869882584617138
1,78.82,0.31,0,0,1,0.7216990387243187,-0.22955886045012325,-0.12250473253434176
0,135.97,1.55,0,1,0,0.6532629675093897,0.0219843293305351,-0.5325626620587313
0,40.25,1.15,1,0,0,-0.41805566241911596,0.022703051085065023,0.2921092998070365
0,1.7,0.17,1,0,0,-0.7371152435777311,-0.14744187938646394,0.10741655999138966
0,54.08,1.47,0,1,0,0.35833303245441034,0.5532392392156736,-0.422090437219479
0,5.58,0.31,1,0,0,-0.4508259633187825,0.05600665571935781,-0.02372678381687956
0,70.87,1.65,1,0,0,0.42712779736763207,-0.0186665764166433,-0.26243031582755566
0,0.92,0.45,1,0,0,-0.061412992148813024,-0.13698914376377005,0.05415661847785699
0,20.62,0.77,1,0,0,-0.19568810995000352,0.18862869775815522,0.31132890432577
0,23.71,1.07,0,1,0,-0.24250545476715843,-0.21155107376037524,-0.27700310546858037
0,48.38,1.5,1,0,0,0.15554620614147965,0.26744772100791175,0.013676889629369337
0,101.22,2.59,1,0,0,0.434216183057867,0.18871849594075576,-0.46336043942137933
0,43.26,1.97,0,1,0,0.4814861652990771,-0.3339813704049807,-0.13515082729086808
0,79.01,1.76,1,0,0,0.6759826686692211,-0.0690619659935226,0.12126234221130143
0,52.19,0.45,0,1,0,0.5579951655417136,0.9914539545840033,0.2932328652429203
0,17.6,1.33,0,1,0,-0.015325636461231237,-0.4278369496721951,0.16105041191946434
0,10.69,1.29,1,0,0,-1.0645352577806784,0.14542319580057764,-0.3154718982712817
0,87.68,2.25,1,0,0,0.267782547109694,0.061615014786624914,-0.28827246645346305
0,34.6,2.27,1,0,0,0.3398646188356281,0.036026313631002525,-0.05910248410703567
1,39.69,0.83,1,0,0,0.5810803303396401,-0.2070092357591792,0.14012057476787043
0,150.58,2.24,0,1,0,0.4729044789415241,-0.32917652212227444,0.13997083808150504
0,2.35,0.37,1,0,0,-0.9819642698347895,0.1395452073539268,-0.27714878377559987
0,67.9,1.33,1,0,0,-0.4883113396582402,-0.05850569232427529,0.27272588845071805
0,102.32,1.48,1,0,0,0.13404401357140033,0.20485968724857212,-0.4436761868251765
1,23.59,0.54,0,0,1,0.6074086726547271,-0.046847059755473444,-0.3638918344183546
0,55.58,2.43,1,0,0,0.6028881873060096,0.5635565081104528,0.6931581470730269
0,12.93,0.85,0,1,0,-0.3748258410926995,0.08834457650641779,-0.2859316368409482
1,175.01,1.84,0,0,1,0.4528697654668958,-0.5618804730303402,0.35599466164830185
0,6.03,0.14,1,0,0,-0.6763744345302034,-0.26870223316264186,0.05043907599930479
0,6.48,0.56,0,0,1,-0.4100404186204255,-0.26715716201350015,-0.11508458492236223
1,1.31,0.49,0,0,1,0.5674856058154676,-0.15891530018387814,0.15465777953983081
0,11.52,1.42,1,0,0,0.2244081849587262,-0.4443510943999626,0.268945635304794
0,19.06,0.67,0,1,0,-0.3129202492897574,-0.3536683575736446,0.10116581323408114
0,45.12,1.53,1,0,0,0.5004967666778504,-0.6563006103325459,0.14586510896615437
0,32.83,0.92,0,1,0,-0.6931571617347067,0.2319863902162598,-0.1639314807735566
0,1.42,0.15,1,0,0,-0.058592478034055505,-0.5692251763448509,0.2338878622351376
0,68.55,0.25,1,0,0,-0.5611037883135518,0.2572390961130665,0.31703687858612994
0,6.07,0.67,0,1,0,-0.5298375605332728,0.14665073940297174,0.24095837608246554
0,32.89,0.95,0,1,0,-0.21774238750984445,0.36370292804884036,-0.35681394574141284
0,41.34,0.44,0,0,1,-0.006256274487200159,0.18135436485967454,0.3753457102970654
0,76.2,0.8,1,0,0,0.45255996915269586,0.35463681014823606,-0.12997742106670457
0,5.85,0.32,1,0,0,-0.7493139048383117,-0.058026804932954715,0.268257503622837
0,16.86,1.19,0,1,0,0.05340200284934268,-0.168141188973914,0.017896497157565184
1,60.75,1.92,0,0,1,0.5021818392083182,-0.4950939788444322,-0.20048496739600213
1,333.33,2.9,0,0,1,0.8710002702042344,-0.23108960012481872,0.08164592536115609
0,256.51,2.38,1,0,0,0.061006070365554964,0.301812959331021,-0.3045140564607066
1,56.46,1.66,0,0,1,0.5329852075969087,-0.04652845176107191,0.2547807229469623
1,199.88,5.8,0,0,1,0.7663271066710612,-0.25758073047713964,-0.3073840604289546
0,6.19,0.87,0,1,0,-0.2025516802184159,0.3986035765009784,-0.3207960340535886
0,161.64,5.86,1,0,0,0.2607352402645101,-0.3775678417363095,0.24888047216691356
0,44.62,1.97,0,1,0,0.02123289109274707,-0.25501575124365,0.3338314346349446
0,32.77,1.51,0,1,0,0.3265721150427504,-0.007938820956845533,0.00041646003003324933
0,39.43,0.41,0,0,1,-0.03782148471211042,0.03172573955924384,0.4979874759707669
0,87.02,1.8,0,1,0,0.46886299821218186,0.4291320657566604,-0.3219824952513185
0,2.94,0.53,1,0,0,-0.764777552686646,0.10220836590571607,0.14678510356203572
0,20.68,0.58,0,1,0,-0.5249832259297853,0.09893741253286796,-0.21180924955158004
0,5.48,0.39,0,1,0,-0.69188256842811,-0.11462792207154014,0.21061964401363806
0,22.0,1.37,0,1,0,-0.3503862318754257,-0.04523127595259659,0.1713929853006908
0,31.76,0.76,1,0,0,-0.4509896661208061,-0.16147425108729827,-0.03129524097332822
1,23.98,1.64,0,0,1,0.8891755669086204,-0.7897389852440683,-0.45604093636880266
0,113.02,1.63,1,0,0,0.9336198699113006,1.9902833603767505,0.3403204029604977
0,135.1,1.55,1,0,0,0.04885722039717609,0.18679320973456343,0.33544513373479584
0,97.72,1.71,1,0,0,0.18516790285645146,0.682004244611601,0.04737889971334008
0,29.29,1.61,1,0,0,0.2132701303842111,0.0284695586749352,-0.0029398618614907765
0,98.54,2.43,0,0,1,0.5164232868475872,-0.13471055311472796,0.16717635156783905
0,66.59,1.99,0,1,0,-0.21767369063928255,0.3666630863008499,-0.3838420797692169
0,18.78,1.23,1,0,0,0.023823904886229007,-0.23699824002555453,0.0003602226901785353
0,69.06,4.06,1,0,0,0.17183242302465157,0.17291645336216668,-0.2824668134463464
1,230.93,2.01,0,0,1,0.5844576939348991,1.1367537519140138,0.18254443442394855
0,6.62,0.61,1,0,0,-0.6154834297123928,-0.12402660040481726,0.17722675932050036
1,197.64,4.95,0,0,1,0.740939440713701,-0.18756132613164317,0.2404444452486378
0,5.45,0.51,1,0,0,-0.598953403600734,-0.28575432878266416,-0.03182384329027561
0,8.76,0.77,1,0,0,-0.6240762294556907,-0.18089813076856262,-0.055531610290480746
0,39.78,1.72,0,1,0,0.10915504667931031,-0.3122513570404064,-0.028184266616730166
0,5.02,0.22,0,1,0,-0.6666825553624696,-0.20079625365248477,-0.2117989803797159
0,7.2,0.32,0,1,0,-0.5462075293791485,0.19021353484602072,-0.2509217231371836
1,213.44,2.17,0,0,1,0.5085534442066295,0.05135676329498047,-0.4047827797080548
0,2.6,0.41,1,0,0,0.11144624297885551,-0.2718115006153607,0.06350181506531814
0,98.61,0.27,0,1,0,0.577077188635385,0.9530903620062325,0.3323198967660212
0,0.64,0.13,0,1,0,-0.9962367472169928,-0.054727783450371006,-0.06332376103717484
0,28.92,0.48,0,1,0,-0.25024039778988255,0.38175110820932157,-0.3900294506369873
0,15.51,1.03,0,1,0,-0.2574972229153003,0.4593999316287069,0.3126871714576531
0,30.18,0.98,0,1,0,0.12920455174520412,-0.20927760995512265,-0.12352526158512786
0,8.87,0.54,0,1,0,-0.6454705601181409,-0.25431272762797064,-0.04437809019446534
0,4.64,0.71,0,0,1,-0.3537886167120969,-0.2097459360548969,-0.0700942031671855
0,25.09,0.75,1,0,0,-1.0539648857639998,0.03443150460437922,0.10083688470947377
0,3.61,0.19,0,1,0,-0.8927031952208876,0.1433943666343906,-0.343906487663245
0,22.62,1.31,1,0,0,0.45522144239154394,-0.5671723572730492,-0.031549601701635836
0,132.68,2.8,0,1,0,-0.05906058745381092,-0.383416441850698,0.22775608211559042
0,44.63,1.42,0,1,0,0.43604576135255346,-0.5521952609222608,0.2017752205649141
0,47.14,2.14,1,0,0,0.2902809222555954,0.7094926940989731,0.04289139857592612
0,16.8,0.63,1,0,0,-0.13199207838993224,-0.34829705478194517,0.21267159305824376
0,72.0,1.14,0,1,0,-0.15553541012829356,0.3680947919707499,-0.3613052766918725
0,499.15,1.49,1,0,0,0.7591008696110064,1.5632883616663293,0.2614909584538219
1,19.55,1.05,0,0,1,0.7243028194075769,-0.47883914066336253,0.10818941474243593
0,119.89,1.85,1,0,0,0.33312695979761586,0.4756696813546723,-0.4095249115662464
0,31.94,0.64,1,0,0,-0.6340067489720472,0.18117443996671664,-0.21623048751251098
0,56.35,1.79,0,1,0,0.07925676202380988,-0.18359741571056978,-0.163780682234873
0,38.7,0.74,1,0,0,-0.41673667449499674,0.13195771525118402,-0.29975810340536385
0,14.15,0.7,1,0,0,-0.6315331677442432,-0.0447387682151072,-0.07891431088896446
0,7.0,0.26,0,1,0,-0.5003285273298339,-0.00025906745948522806,0.09961560076689956
0,159.83,5.88,1,0,0,0.11826359777230695,-0.4274800296055348,0.2834689037222779
0,208.14,9.25,0,1,0,0.3464911324598788,0.8799344586226103,0.09658382461670502
0,39.8,0.35,0,0,1,-0.011849439159991608,0.1612372547469394,0.40435762659728874
0,51.73,0.99,0,1,0,0.1372372251047538,0.31079653454648576,-0.303638658544711
0,30.33,0.67,1,0,0,-0.0920519618715112,0.12982091530263348,-0.28661722450015115
0,0.74,0.03,1,0,0,-0.5433608836804219,-0.17062947858229205,0.1012138541834675
1,36.28,0.64,0,0,1,0.3818658604198767,-0.03318810593200078,-0.21118269601657558
0,5.77,0.25,0,0,1,-0.44127253133883804,-0.19184284804161023,0.2938438699857508
0,49.48,1.2,0,1,0,0.2146313509460165,-0.060040082193029386,0.1272728890919698
0,17.89,0.25,0,1,0,-0.5963934941788602,0.19866245382516204,-0.08271535298869001
0,42.33,0.93,0,1,0,-0.6256400446444895,0.17008166134062927,-0.186239711087316
0,84.2,1.17,0,1,0,-0.7641987779646244,0.18639088690829383,-0.41603627413190414
0,94.45,0.8,0,0,1,-0.6157427760333329,0.1693716840058385,-0.21175593529719394
0,6.95,0.35,1,0,0,-0.5581834932892081,-0.0008577178701450654,-0.102002762889047
0,3.36,0.48,0,1,0,-0.6313998536610257,0.15341305211529843,-0.2546005137717452
0,62.05,0.9,0,1,0,0.3359286691290827,0.415963676880506,-0.4742122319794359
0,101.99,1.67,0,1,0,0.9102543048329101,0.07779262245627554,-0.40262021459552844
1,25.87,2.23,0,0,1,0.7242707047479443,-0.7424746139027117,-0.3638592911644827
0,8.13,0.62,0,1,0,0.3553575021624897,-0.1984330394576635,-0.22907419257637138
0,113.31,1.99,1,0,0,0.30381056878035556,0.6678587667139724,0.4082006744126893
0,12.2,0.71,0,1,0,0.38566032369730535,-0.5966089810862452,0.2643391024810423
0,98.66,2.6,0,0,1,0.4760110881019546,-0.2619256113858669,0.14653750471563196
1,199.35,1.68,0,0,1,0.7364276805121579,-0.1330291490932643,0.24802647114496917
0,31.25,1.08,0,1,0,0.05050637508493455,-0.23401918548248016,0.5221945352501942
0,30.27,0.8,1,0,0,-0.5068891337763681,0.04850170395247014,-0.03677818100079359
0,14.9,0.99,0,1,0,-0.11720552722427005,-0.38566312756161797,0.15796195858318962
0,28.84,0.35,0,1,0,0.2163112781143623,0.04962508306501691,-0.266629595384469
0,132.55,1.93,0,1,0,0.194372264068299,0.31807914144756655,-0.45203683469835454
0,9.05,0.34,1,0,0,-0.4775180405861029,0.06984235656206339,-0.050068620261048115
0,83.48,2.35,0,1,0,0.36219400645010447,0.10974553554620768,-0.22889986797283535
0,36.09,0.86,1,0,0,-0.037792965631200826,0.055593711766032214,-0.29377760447817175
0,38.44,0.19,1,0,0,-0.4999526818881409,0.11866325420550802,-0.2407206402643516
1,1.14,0.15,0,0,1,0.6051346541613253,-0.11911238572163486,0.05648964510386639
1,942.43,2.94,0,0,1,0.9196293111477438,-0.10781921467101448,-0.21850685618706872
1,83.86,1.22,0,0,1,0.6123597129013412,-0.186832562447661,-0.3323702729654729
0,50.17,0.87,0,1,0,-0.013623671335878199,0.2219001659357271,0.45852857801311586
0,44.6,2.06,1,0,0,0.022429418344164093,-0.2501352191015401,0.3294157818280853
0,8.51,1.17,1,0,0,0.2303244611303569,-0.47598939160643366,0.25485585391401716
0,21.81,0.18,1,0,0,0.7672056892734714,0.7170396092464684,0.9701114914687246
0,61.26,1.84,1,0,0,0.4170287503079098,0.22497123152959822,-0.08471575612365007
0,2.57,0.46,1,0,0,-1.0577295298293998,0.15106619132252236,-0.34060230995631624
0,11.78,0.62,1,0,0,-0.10156902226954344,-0.12173324172342315,0.1947028707030958
0,66.24,0.81,0,1,0,-0.6375282567802621,-0.21235614179434234,0.11970543676925643
0,51.51,0.73,0,1,0,-0.018228789365437974,0.6561282666290469,-0.1345809060348952
0,28.27,1.65,1,0,0,0.2819452549854778,0.2934100204299507,0.4156187079586526
0,8.16,0.95,0,1,0,-0.5364358135458658,-0.09143686862667733,-0.008832685614266329
0,99.03,0.46,0,1,0,-0.1189368089858019,0.35186811955930153,0.12500310131093903
0,15.04,0.51,1,0,0,-0.6178284484940336,-0.12368899855325911,-0.04836976899622794
0,0.93,0.22,1,0,0,-0.5829733791716623,-0.18157786363258105,-0.1824867470062131
0,22.61,1.24,0,1,0,-0.10288875684776987,0.042604477832915835,-0.3159475199496499
0,63.09,1.16,1,0,0,0.2946306626466102,0.3803908451593441,-0.4346136624437438
0,138.3,2.21,1,0,0,-0.032732664766389745,-0.26305649988528296,0.37907108139297085
0,5.5,0.09,0,1,0,-0.40433183000908984,-0.00944721018186933,-0.28037345213625214
0,0.63,0.46,0,0,1,0.39810507857520344,-0.4330040502870863,-0.08351072946941815
1,179.87,2.23,0,0,1,0.47373669354405584,-0.6098305133352722,0.3832282010910961
0,14.86,0.32,1,0,0,0.13298057285808765,-0.4222800506740962,-0.03594408579370526
0,6.99,0.3,0,1,0,-0.41234977286106556,0.062180557351046696,-0.022482631455591387
0,13.98,0.77,0,1,0,-0.6799644581549417,0.19124374310476908,0.21827219253117405
0,8.1,0.03,0,1,0,-1.0702326112034677,0.14543253819234392,-0.31735834761360665
0,7.63,0.81,0,1,0,-0.0020660471344732235,-0.3688769520362636,0.16377572396844856
0,391.63,9.69,0,1,0,0.6770997631394826,1.3630002051415866,0.22446504894206407
0,320.88,0.84,1,0,0,0.3600684367632825,0.1505751724720819,-0.027107066691678606
0,11.52,0.68,0,1,0,-1.1448361993976122,0.14715683635653878,-0.34077533867292875
0,10.21,0.78,1,0,0,0.35936853824406867,-0.386841722537576,0.2856124606167256
1,997.36,9.07,0,0,1,0.2483904926160008,0.11174923161507916,0.10669006337936028
0,0.88,0.21,1,0,0,-0.5852618363593497,-0.06482875546178704,-0.06196019354992835
0,3.25,0.3,0,0,1,-0.76727806774264,0.07079794498655775,0.2464232876752507
0,156.39,0.84,0,0,1,0.17240459816554124,-0.16144628360495258,0.1871378114107079
0,25.0,0.59,1,0,0,-0.3986386172084886,-0.2948049518955027,-0.01214737232954882
0,38.1,1.43,0,1,0,0.3857883101133924,-0.7083351930821604,0.2871128619700531
0,0.44,0.1,0,0,1,0.4299753053888306,-0.3939799469713544,-0.1598344420493977
0,6.22,0.49,1,0,0,-0.6150885927138979,0.17552760616380436,-0.3525369244904888
0,501.9,2.2,0,1,0,0.7728242608851097,1.5969196732299569,0.26772716951706843
0,17.52,1.19,0,1,0,-0.12138189663318749,-0.3805455833014975,0.16772939185593952
0,156.03,1.4,0,0,1,-0.148095778821967,0.3650602208800864,-0.14008594317537806
1,197.51,7.9,0,0,1,0.8830866591419007,-0.174480412430801,-0.29529954294135713
0,6.88,0.9,0,1,0,-0.41468991683697487,0.13376303017446903,-0.3113786278161082
0,22.96,0.44,1,0,0,-0.7049201148828106,-0.13157940180692304,-0.017737315175791527
0,19.26,0.63,0,1,0,-0.26984699017614816,0.2869135231806032,-0.4120387861250475
0,44.05,0.25,0,0,1,-0.012168388612740565,0.1613763826284193,0.4044482306251885
0,27.84,1.55,0,1,0,-0.49222634188991987,-0.10187520440537112,0.1723860650848906
0,29.24,1.77,1,0,0,0.16511579760452463,0.022661030553125273,-0.21913938314895837
0,3.67,1.63,0,1,0,-0.3151097443050137,-0.048210411744023435,0.12811325877347166
0,7.95,0.46,1,0,0,-0.8137752571759893,0.10055687751650133,-0.10189318286809432
0,3.33,0.57,1,0,0,-1.05204748182932,0.1448201970949255,-0.3104257748487127
0,36.61,1.23,1,0,0,0.007179793681194879,-0.03493643750113932,-0.2411266057263142
0,28.0,1.4,0,1,0,0.4505738593843143,-0.05646740875643282,-0.482180767032536
0,50.36,0.76,0,1,0,-0.02961584635782671,0.17958975568939856,0.47769158588682764
0,9.64,0.81,1,0,0,-0.4852943218702985,0.051249508732330966,0.24759130642285626
0,17.49,0.22,1,0,0,-0.8441977886851366,-0.09946784874403074,-0.15257150110987272
0,4.36,0.12,1,0,0,-0.7565484763483444,0.00448466811026717,-0.04647666914136765
0,18.89,1.39,1,0,0,0.23762294559399705,0.09119473222203646,-0.30189181008008226
0,5.76,0.61,0,1,0,-0.5950519105890122,0.021055089233385744,0.053897897501631375
0,6.19,0.57,0,1,0,-0.2142755722747107,0.1999013186186652,0.44661528020666386
0,117.37,2.0,1,0,0,0.03710036433046194,-0.17583968183445708,0.2597850291414187
0,15.98,0.39,1,0,0,-0.6250285271174079,-0.03920402418120467,-0.045873089582873394
0,25.75,0.47,0,1,0,-0.4106306836871672,-0.34533432144220916,0.048369020621247816
0,4.05,0.98,1,0,0,-0.24455146033134065,-0.19215548934395288,0.0817766054093289
0,48.8,1.51,1,0,0,0.15557609237307002,0.2675453589797837,0.013685129742424938
0,53.83,0.8,0,1,0,-0.16049445425214465,0.425620855830763,-0.05546578844320497
0,1.16,0.28,0,1,0,-0.7784212068511145,-0.09710815636481782,0.16251928647686115
0,924.01,2.56,0,1,0,0.45409029358659597,0.6280774818803979,-0.059540316609300196
0,5.12,0.52,0,0,1,-0.30477540855606083,-0.27598143570975475,-0.12126330547143098
0,18.2,0.72,1,0,0,-0.3485012664218336,-0.10279788261008277,0.18686042520309293
0,2.91,0.4,1,0,0,-1.104493389956319,0.14167008640030126,-0.31463157765609545
1,210.45,3.24,0,0,1,0.8502710891917116,-0.21734373123056666,0.02848434855503193
0,20.57,0.96,0,1,0,-0.45070397893578057,-0.12654573328941796,-0.06987500075726326
0,0.23,0.12,1,0,0,0.10543990650309301,-0.396650249077419,0.2559469187780124
0,38.95,1.76,0,1,0,0.34321820232432243,-0.45411470487174044,0.24702140109405382
0,4.21,0.13,1,0,0,-0.7272672502344207,-0.07790137578027166,0.07046642478238829
0,62.47,0.37,0,0,1,-0.5609328678013759,0.1657988526876349,0.394603514221126
1,7.41,0.32,0,0,1,0.6379011586304217,-0.08369025455908995,-0.4197177983564282
0,17.34,0.2,0,1,0,-0.5470028007189887,0.035978446900618445,-0.06667452268119439
0,102.96,0.87,0,1,0,0.9344118041848817,1.9922071452829428,0.3406712632296283
0,2.19,0.27,0,1,0,-0.5569856188099604,0.06525789835551016,-0.029254108014605935
0,4.86,0.51,1,0,0,-0.720437645970169,0.01743204866764861,0.15912088524162604
0,81.38,2.08,1,0,0,0.24147201177982291,-0.36888376712627075,-0.18111024540993276
0,117.38,0.53,1,0,0,0.924977794770908,1.9691296428594853,0.3364219462787635
1,179.83,2.26,0,0,1,0.5924492715413082,0.046228693612487104,0.3503903342899936
0,23.43,0.95,1,0,0,0.4337693327132301,0.8405699947313239,0.3167126965687484
0,5.77,0.92,0,1,0,-0.5326299004925886,-0.032003121924937754,0.15086828579111308
0,18.54,0.76,1,0,0,0.24432473950653533,-0.36329167451698274,-0.18891049816786878
1,176.7,1.81,0,0,1,0.5729516840593443,-0.5225042674134712,0.1641994530403262
0,30.88,0.71,1,0,0,-0.06630628009109832,0.037531050592614086,0.14312070875075228
0,30.97,1.05,0,1,0,0.21569017500257995,0.7233269919636561,0.1918912046937879
0,79.99,2.29,0,1,0,-0.052779500506630286,0.11104120495571346,0.38655199587046263
0,7.62,0.62,1,0,0,0.059904223098240346,-0.4981982587877659,0.10702037856154048
0,27.89,0.68,0,1,0,-0.49731451299479584,0.050610371741186835,-0.03655867897703877
0,13.48,0.85,0,1,0,0.8790030920123313,-0.08751630093110463,-0.4867766716473669
0,30.34,0.88,0,1,0,0.1409162048578695,0.04139421817351521,-0.14449598327464294
1,257.89,1.91,0,0,1,0.4837866967648786,-0.08109224667229113,-0.3136082762148455
1,0.14,0.33,0,0,1,0.5801517032412358,-0.31447330952064734,-0.20378508318220812
1,0.12,0.02,0,0,1,-0.9795879167263908,0.14407288772909918,-0.2896325300971363
0,17.84,0.74,0,1,0,-0.053571421666356187,-0.378316922472428,0.16494233497630442
0,26.65,0.32,1,0,0,0.14894737609059394,-0.3186146892440868,-0.10735318938177466
0,16.16,1.28,0,1,0,-0.1145620072723015,-0.38691176587773374,0.21749200212613068
0,14.04,0.91,1,0,0,-0.8047659729170072,0.14152263769422477,-0.23700245763399966
0,142.84,2.01,1,0,0,0.20789044154511593,0.22185953935123534,-0.32404010235944686
0,154.21,1.55,1,0,0,0.10653106612783879,-0.07628190317730114,0.23790389087121824
0,31.93,1.2,0,1,0,-0.1722453218322618,0.3855828482927482,-0.34802469687221094
0,39.31,1.77,1,0,0,0.16110894025425176,0.14387705985310997,-0.6497625451091502
0,40.92,1.34,0,1,0,0.385650380170662,0.02880527500770132,-0.24714812509338244
0,45.72,1.36,1,0,0,0.02805501273903992,-0.22132563904556585,0.30231700717510357
0,15.64,1.53,0,1,0,-0.15692843963943567,0.1568162454381835,0.39828086439804616
0,2.67,0.62,1,0,0,-0.14006813965938988,-0.31049764849479966,0.16123839667608555
0,5.85,0.48,0,1,0,-0.4824474164829615,-0.10514644536696736,-0.1857992002978888
0,10.16,0.89,1,0,0,0.023989873387761464,-0.456399433833171,0.1376289170874216
0,20.8,0.61,0,1,0,-0.6406696791938359,0.11824607636186582,-0.2061156319244171
0,84.86,1.69,0,1,0,0.06595121145846702,0.12496540815087791,0.23976812052397362
0,13.71,0.49,1,0,0,-0.45480469479095925,0.48989479833526084,0.024285992213975923
1,259.86,2.11,0,0,1,0.7332798403263796,-0.04984799783588251,0.2362410555535193
0,4.39,0.32,0,0,1,-0.36616530425006755,-0.2442288103214156,-0.10043670305492147
0,85.82,2.06,1,0,0,0.28553408832011207,0.2562347246240828,-0.34401990244383585
0,55.91,2.16,0,1,0,0.6374362843796828,-0.27657932460758905,-0.31249207416771346
0,67.75,3.54,1,0,0,0.05375126514145984,0.18369378470578393,-0.3038053939060318
0,3.42,0.45,0,0,1,-0.5609565262110399,0.04661505001931383,-0.024472674316046418
0,20.89,0.92,0,1,0,-0.8770269006451815,0.14176251650302796,-0.2565373096702838
0,41.92,0.14,0,0,1,-0.14065983951837985,0.15082865496174974,0.3815866803207011
0,49.74,1.96,0,1,0,0.30842179183825336,0.7444784136760139,0.04972614720535069
0,39.86,0.37,0,0,1,-0.00830000607280426,0.07902329178650112,0.47893711109387194
0,318.51,2.25,0,1,0,0.34489870418465324,0.15928583571808733,-0.027854799554624804
1,78.0,1.93,0,0,1,0.6558198930580148,-0.17393016751206908,0.0662075810194598
0,54.83,0.55,1,0,0,0.5490670936263177,0.9752315216822401,0.285812585778412
0,2.32,0.44,1,0,0,-0.5683370294832648,0.07376103261161925,0.09955186246751624
0,33.78,1.22,1,0,0,-0.0808532609275298,0.13328418069963557,0.09505187009240648
0,301.65,3.49,1,0,0,0.5139852688698696,0.3024301939512697,-0.5054337685642534
0,32.23,0.84,0,0,1,0.5682281544376988,-0.4767739857645713,0.20048329771409437
1,33.39,0.65,0,0,1,0.38476871398137313,-0.08598907178402132,-0.24503107973762178
1,5.02,0.46,0,0,1,0.5486425732255207,-0.5859880321005563,0.19706090663856465
0,15.61,0.77,1,0,0,-0.37672496494125207,0.14090492375556207,-0.28752478652461927
0,7.03,0.11,0,1,0,-0.6017358418282183,0.059806500430086236,-0.09502228443530993
1,428.37,2.06,1,0,0,0.643468262513759,-0.1168851397536629,0.23619364376786234
1,68.75,1.84,0,1,0,0.651573131634773,-0.2467134825146561,-0.2532766896983652
0,74.94,1.71,1,0,0,0.15062508151715664,-0.036593230632567676,0.21455685821404477
0,87.18,1.27,1,0,0,0.30682311797299816,-0.4988178059883337,0.008614420747093883
0,96.65,0.85,1,0,0,0.6446450284715258,0.8294104661500146,0.5089077581849134
0,6.93,0.28,1,0,0,-0.0974701548773668,0.20239226121415593,0.4442970832181641
0,1.8,0.57,1,0,0,-0.03987011912325982,-0.18195918876635098,-0.22376881182043742
0,40.59,0.24,0,0,1,0.049806805855599386,0.10880261972746567,0.32732909908857183
0,12.53,0.75,0,1,0,-0.43578303256992496,-0.20289265678502527,-0.05020511049405682
0,95.7,0.83,0,1,0,-0.5477154161292543,0.06589139782915072,-0.05413631389092561
0,104.03,2.55,0,1,0,0.044223107400955544,0.26711328707596393,-0.5033113823145159
0,6.53,0.42,0,1,0,-0.570627076069084,-0.17850257018378624,-0.1772439512567001
0,23.26,0.92,0,1,0,-0.45228366855787644,-0.28982876104012195,-0.14901328180527637
0,24.17,0.65,1,0,0,0.25573992841073145,-0.6508585731804635,-0.06767384694159607
0,108.89,2.61,0,0,1,0.5662605367713626,-0.13865022015153353,0.18400846497988577
0,22.52,1.4,0,1,0,0.07729823381281968,-0.2480176006769364,-0.05424616346522412
0,39.34,0.56,0,0,1,-0.06843960983889577,0.1572008163067964,0.3909179798954843
0,33.66,1.37,0,1,0,-0.4632019689580507,-0.13605471577439357,0.08521782014361956
1,33.24,0.07,0,0,1,0.3786588824258863,-0.0727464211208644,-0.2543728539217787
0,46.49,0.83,0,1,0,0.45390055504000965,-0.8862827910472137,0.3360713437947242
0,28.99,1.01,1,0,0,-0.2860436053355654,-0.05041550670772148,-0.3869679109884481
0,3.04,0.36,1,0,0,-0.9369093714648564,0.14313521975861362,-0.275912759922526
0,8.97,0.47,1,0,0,-0.670286282421055,-0.20689858708817555,-0.21317909883902572
0,1.67,0.3,0,1,0,-0.9522790654485986,0.14300452701407754,-0.27990580797622994
0,19.53,0.99,1,0,0,-0.41346233313246344,-0.14837827746105484,-0.05505241196376755
0,98.62,2.12,0,0,1,0.4138180715738709,-0.23679420509393503,0.09427398723942804
0,0.14,1.32,1,0,0,0.444578685900844,-0.7406468739625348,0.3181597733673836
0,117.35,1.32,0,0,1,0.2559840117694786,0.1071110951406256,0.05828720067827143
0,27.58,0.51,0,1,0,0.17804024839109603,-0.32945381049006156,-0.02402128096855142
0,11.45,0.48,0,1,0,-0.42586514532136344,0.15412181925950721,0.1158378364269362
0,13.12,0.22,0,1,0,-0.8844881627006977,-0.18002285976411794,-0.10593448217352028
1,324.49,4.87,0,0,1,0.9470308380718179,-0.27989762734271434,0.010639492844902955
0,3.91,0.4,1,0,0,-0.8205277513012902,0.06948685278762316,-0.2291509963163471
0,11.61,0.96,0,1,0,-0.5260945502679878,-0.04014129582764752,-0.11284537972664978
0,4.58,0.7,0,1,0,-0.6872331376719609,-0.2028850775563209,-0.22030381183325212
0,28.2,0.43,1,0,0,-0.5746026813449001,0.01950184199130236,-0.07203074427869612
0,8.21,0.45,1,0,0,-0.33857442763568124,0.13811962288698884,0.3386412256468757
1,227.21,5.2,0,0,1,0.6801489983879283,0.10054379292770173,0.3851604475556733
0,1.92,0.22,1,0,0,-1.0376748545441004,0.1415677376970736,-0.29636993062812744
0,7.12,0.07,0,1,0,-0.6528476343542957,0.07396803173744722,0.027040410666133934
0,4.98,0.38,0,1,0,-0.59382887138071,-0.08594703126575493,-0.12250323338869332
0,2.53,0.5,1,0,0,-1.0165958012073368,0.14269196000651424,-0.2946352697760603
0,114.35,1.48,0,1,0,0.27612042766782496,0.35433963135122876,-0.4035710604677024
0,2.94,0.59,0,1,0,-0.4486020555577984,-0.24673664587523206,-0.13009850341044696
0,0.52,0.31,0,1,0,0.2987252748306746,-0.44795389600751073,-0.21005966733654052
0,39.27,0.37,0,0,1,-0.02918396038522048,0.15214503508499858,0.3984897538872982
0,6.65,0.71,1,0,0,-0.4088674726913477,0.19562883775205453,-0.40803972144209927
0,100.11,0.88,1,0,0,-0.15775468077791832,0.3765510278174621,0.028833457416010556
0,5.3,0.51,0,0,1,-0.3865632244762864,-0.24125841742011747,-0.08573345340052596
1,47.79,2.29,0,0,1,0.8658250548180596,0.2416724902931852,-0.27922686826199666
0,98.79,1.38,1,0,0,-0.037708885544262806,0.1935391743344401,0.3242102269254864
0,40.62,0.84,0,1,0,0.4182103939504584,0.16875955163027448,-0.4611597728464121
0,2.54,0.53,1,0,0,-0.7272378912809041,-0.21649131164305105,-0.22843100858259152
0,6.59,0.13,0,1,0,-0.47291747484773194,-0.21916216023403168,-0.04470956400297394
0,18.79,0.63,0,1,0,-0.31672815471370386,0.17632826793328227,-0.38083225598549636
0,13.82,0.84,1,0,0,-0.006367381708621141,0.31630864952731597,-0.3888835791774762
0,7.25,0.92,1,0,0,0.10263828566359043,-0.41034315313715986,0.04742880514854397
0,60.31,1.15,1,0,0,0.29467721287018217,0.6376295746228839,-0.29850278180294154
0,7.74,0.76,0,1,0,-1.1474646908233213,0.14724576610507267,-0.34148906495326575
0,54.51,1.99,0,1,0,0.6063111482504536,0.5663925944714711,0.6986017568800144
0,142.77,0.98,0,1,0,0.44106019868756646,-0.002552533609475811,-0.23581087559465247
0,23.12,0.46,1,0,0,0.061705985966706796,0.6638236654840887,0.2614591813049861
1,34.88,1.08,0,0,1,0.30530786485915934,-0.03648857456370207,-0.28668909062897496
1,0.09,0.14,0,0,1,0.708660165652643,0.577470269903612,-0.5447697335757596
0,14.04,0.58,0,1,0,-0.3463177157063303,0.13745036369438413,-0.25713967872414545
0,31.25,1.4,1,0,0,0.39681257596957226,-0.04044471804502158,-0.4027656764080243
0,24.21,1.63,0,1,0,-0.39577896965213477,0.19086811169654266,0.4194699468382502
0,9.7,0.48,0,1,0,-0.18659428075088366,0.017478141751446484,0.3421996116348414
0,38.96,1.3,0,1,0,0.4556748518523054,-0.6170571037457918,0.27056998944725114
0,155.61,1.07,0,0,1,-0.1393697197690989,0.43493930488253413,-0.09920600777436077
0,210.36,2.3,0,1,0,-0.011972233420354696,0.40452754856689227,0.5738374976672528
0,21.25,0.71,0,1,0,-0.4921729183543197,0.21427466408072687,-0.3596815086368378
0,1.14,0.32,0,1,0,-0.05655118775239944,-0.5599093569065292,0.22985786447594264
0,91.01,0.61,0,0,1,-0.6605848523906953,0.03753056066378109,0.05427350803600328
0,72.61,0.37,1,0,0,0.03885096779758473,-0.2293768416635657,0.2298039253063816
0,100.41,1.29,1,0,0,0.5781973410990179,-0.20321185183747442,-0.3097139512734932
0,17.83,0.84,1,0,0,0.36997915884578825,-0.08400767246137555,0.0941132657668122
0,10.73,0.13,0,1,0,-0.7099563357664064,-0.08442210553369069,-0.12445117116555612
0,23.44,0.45,0,1,0,0.008836903959478972,-0.034959033701485606,0.14810630720195975
0,88.0,1.54,0,1,0,0.5222030074462136,0.5405136494741719,-0.22338426801810238
0,4.39,0.69,0,0,1,-0.3603071052675921,-0.22124158217170048,-0.11322357287276395
0,61.02,0.81,1,0,0,0.31134239878035447,0.3929785454665835,-0.4595652439003714
0,11.76,0.77,0,1,0,-0.19826930054988684,-0.3585617499620471,0.18522568757140767
1,82.72,1.82,0,0,1,0.7140527541266105,-0.2905548540535513,0.035248277982046876
0,27.92,1.42,1,0,0,0.1964847538258459,0.03713339226889713,-0.15994487499477314
0,2.58,0.07,0,1,0,0.11347006668580033,-0.4373117995642905,-0.000364448579029598
0,6.64,0.84,0,1,0,-0.48829707077796575,-0.17640365068323843,-0.021474616729169716
0,1.07,0.14,1,0,0,-0.6689844307094015,-0.20401238194336405,-0.21495320069522916
0,125.57,2.45,0,1,0,0.4529818701362373,-0.18579850612373797,-0.29095083731035626
0,55.41,0.64,0,1,0,-0.08484199061125049,0.30884821412603175,0.5643555658088438
0,12.53,1.37,1,0,0,-0.10571068903583207,-0.026365107161478128,0.19772226991859496
0,47.88,0.74,1,0,0,0.15359013492256193,0.061300364466054615,-0.42968828073524834
0,23.11,0.82,0,1,0,-0.40667383417561953,0.1034218500117126,0.361336627920086
0,32.17,0.43,0,1,0,-0.2198946850719951,-0.033947892848301325,0.4214776655036618
0,38.88,1.1,1,0,0,0.15556744291277297,0.2675171078709171,0.013682746265253608
0,0.95,0.2,0,1,0,-0.3978995350755603,0.40772680471520506,0.2729265704924822
0,27.83,0.85,0,1,0,-0.37120662454996733,-0.03413559664441142,-0.2953664521871725
1,327.85,3.0,0,0,1,0.5028449187693144,0.5899612448333612,-0.404403315175147
0,38.62,1.52,0,1,0,0.28296339169445306,0.30251271587961726,-0.749465671624848
0,2.9,0.08,0,1,0,-0.102741378303721,0.18719849084172221,0.4650965951700081
0,1.45,0.23,1,0,0,-0.5214207060288343,0.19468688974894585,0.35871888076580843
0,129.04,2.05,1,0,0,0.22897853434884105,0.28968528328487275,-0.2614043560037785
0,37.87,0.96,0,1,0,-0.1572851386404079,0.18380386825655162,-0.22779824932501067
0,15.28,0.83,0,1,0,0.5667174163605002,0.5339819305612518,0.6326630660601709
0,41.25,1.4,1,0,0,0.2573571293589568,-0.5902209152179979,0.28758054938149885
0,19.5,0.73,1,0,0,-0.25591018471194915,-0.07446758744197131,0.0378948674066254
0,10.05,0.43,1,0,0,-0.09145263395778842,-0.293737394300738,0.20175801448260824
0,1.51,0.42,1,0,0,-0.7312303529954378,0.023411551459740887,-0.05534504320554622
1,117.66,2.39,0,0,1,1.020981716182401,-0.5951935917526736,-0.5349206008302472
0,0.14,0.27,0,0,1,0.3891628853922102,-0.17636111284198128,0.2591536034638852
0,5.4,0.63,0,1,0,-0.4664848496123709,-0.2319195184183512,-0.023492345714916124
0,5.52,0.02,0,1,0,-0.8382528085494833,-0.07731038742221139,0.05702412661999703
0,10.56,0.64,0,1,0,-0.5795690628509557,-0.24063076678052778,-0.04653558043766047
0,1.46,0.09,1,0,0,-0.7084620486329931,0.13549769511599014,-0.2531173682119305
0,83.68,1.92,0,1,0,0.1430722754227932,-0.0554108148624776,0.2421846810600028
0,19.12,0.7,1,0,0,-0.7208353961478629,0.10212888091975997,0.29310102341032823
0,23.6,1.16,1,0,0,-0.03591609562740884,-0.13972570643116394,0.22945491359705428
0,0.39,0.24,0,0,1,0.2519739973793677,-0.35486860884881083,0.4120100483030407
0,209.28,2.05,0,1,0,0.8073386740362192,-0.05266939418308905,-0.4242413459612233
0,11.54,1.1,0,1,0,-0.40352714312781296,0.1358303329214176,0.23182106588905355
0,88.96,0.88,0,1,0,0.5114390938180633,0.5090870705531746,-0.3149890272470041
0,16.91,1.29,1,0,0,-0.007384199690099402,-0.38787867959825356,0.14380714713708445
0,128.23,1.8,0,1,0,0.4769423151707924,-0.22185858412454476,-0.31241279896547147
1,348.7,2.24,0,0,1,1.0158506971017847,-0.010847021781675969,-0.3190955043429897
0,15.39,0.64,0,1,0,-0.33789874306870615,-0.10967378273087391,0.006932097681250424
0,22.34,0.75,0,1,0,-0.1984562972979189,-0.2621304150598133,-0.10551910512655825
0,5.98,0.79,0,0,1,-0.38746741764340936,-0.2323966306847482,-0.07535166034519523
0,20.26,0.98,0,0,1,-0.5756807037053981,0.07147750749295059,0.07651215090301612
0,1.44,0.22,1,0,0,-1.0062848144774676,0.14421773411911673,-0.2970607354865509
0,18.09,1.01,0,1,0,-0.12111548747622039,-0.4334447753204524,0.23332809005836377
0,27.65,1.34,1,0,0,0.04433567082324641,-0.26330623436676825,0.014512159718318832
0,24.53,0.85,0,1,0,0.26495913617784755,-0.3062210540083451,-0.20367774261477742
0,77.31,1.75,0,1,0,0.19715078985175993,-0.14900533777427774,0.11924848373293546
0,97.21,0.79,0,0,1,-0.6521164189958131,0.10393083055573521,0.051832510381087084
0,1.51,0.23,0,1,0,-0.524700533147988,0.14817174880265843,0.29180018094785104
0,5.97,0.73,1,0,0,-0.4995097167298142,-0.15233559630622762,-0.1510680737970919
0,6.02,0.31,0,0,1,-0.34915816653492737,-0.26060583680537347,-0.10821940168309502
1,249.16,3.06,0,0,1,0.6554472920069256,-0.06836242400095273,0.20908905338654682
0,40.4,0.44,0,0,1,-0.02445972737710206,0.21870236949014552,0.3929218851370816
0,129.87,1.23,0,1,0,0.3700560967061856,0.9313226610884073,0.06344124829440494
0,4.6,0.41,0,0,1,-0.34114623721835746,-0.290680134951872,-0.12456166562883803
0,55.42,1.93,0,1,0,-0.07761015508058697,-0.24314179018448387,0.0488281993743448
0,5.89,0.07,1,0,0,-0.6101097221083155,0.11045915339936646,0.29723288724865343
0,7.7,1.63,0,1,0,-0.5947703474863819,0.06499158718221196,-0.10190525497333444
0,13.25,1.02,1,0,0,0.1194579232345066,-0.3784999542351574,-0.035593662741926685
0,133.29,1.93,1,0,0,-0.08900401551875378,-0.1681053963080181,0.2018792742485501
0,26.7,0.97,0,1,0,0.20203120713448364,0.039590309305703675,-0.09769616068434869
1,56.84,1.33,0,1,0,0.5997609832783173,-0.2964691390343489,-0.17446126410187648
0,19.12,0.66,0,1,0,0.3081739749187241,0.2514876794017644,-0.1643187073645153
0,35.12,1.39,1,0,0,0.34217966749575446,0.07384253378214238,-0.06499261839544149
0,15.96,0.85,1,0,0,-0.2999405191238491,0.15729339369860484,-0.31445950370500086
0,34.08,0.1,0,1,0,-0.04103381669851156,-0.4691803884330515,0.17655473097690652
0,80.73,0.37,0,1,0,0.2634685504194082,0.2727481661151506,-0.146697348554606
0,110.87,2.04,0,1,0,0.6241925326396868,-0.14894581430220546,-0.33666354461173087
1,194.54,1.71,0,0,1,0.7681801148942646,-0.09650073310409434,0.18622104563793082
0,9.08,0.46,1,0,0,-0.5770811835179652,0.15617786095396205,-0.145870072920862
0,7.59,0.71,1,0,0,0.2067763828615931,0.007838469862205577,-0.1738800067572568
0,25.53,0.82,1,0,0,0.1647489517831282,0.02770828343686714,-0.13786385762027398
1,89.39,1.13,0,0,1,0.6066726747516114,0.11200376270775549,0.4084907518289845
0,42.18,0.37,0,0,1,-0.021457988773010066,0.15349834398822532,0.37303702309063064
1,85.78,1.61,0,0,1,0.720185234851964,-0.2457603974714734,-0.23448215203358858
0,0.97,0.0,1,0,0,-0.06644279888558709,-0.22998061833683842,0.039358966500394846
1,43.54,1.13,0,0,1,0.7148624552206738,-0.5212096766154701,0.12184165086156289
0,36.42,0.99,0,1,0,-0.39876279934483716,0.06646560734593987,0.2895262945328602
0,111.18,1.69,1,0,0,-0.15644547206897158,0.35842894998863845,-0.385362224393923
0,42.59,0.46,0,0,1,-0.04477860275893841,0.16353498921670764,0.42222928139139915
0,0.33,0.3,0,0,1,0.24539681282915904,-0.3491677578150758,0.2733066411589984
0,504.83,2.19,1,0,0,0.7984550879754865,1.6596241130833704,0.2793214619893266
1,5.54,0.85,0,0,1,0.7159736265272153,-0.5302118015467676,0.13312046801953556
0,3.36,0.18,1,0,0,-0.6713648088893054,-0.07619204660532636,0.050223748856457764
0,1.63,0.52,0,1,0,-0.4956168950390334,0.07455417926324458,0.259466601063608
1,17.71,1.23,0,0,1,0.36993909968433686,-0.08510742579777278,0.31311677238346297
0,4.56,0.21,0,0,1,-0.3502203508982092,-0.21771870336123036,-0.07577936206475204
0,52.22,2.36,1,0,0,1.061759332998741,-0.518119688692519,-0.5376956842748927
0,38.46,1.08,1,0,0,0.08845007174927765,-0.06886459204146557,-0.054233857061240655
0,2.29,0.21,0,1,0,-0.44535731212107055,0.013733448811456777,0.08311372025324495
0,18.8,1.38,0,1,0,0.032138298674962124,-0.1625719875695012,0.21970684408431104
0,39.94,0.18,0,0,1,-0.021623352357941893,0.1606557057543031,0.44016518334621063
0,1.88,0.33,1,0,0,-0.7307334915545031,0.06874514352149189,-0.2429512679118562
1,126.58,2.03,0,0,1,0.9896745738776193,-0.530981608082934,-0.40832321810969685
0,9.12,0.99,0,1,0,0.03608475066697183,0.0313406969859918,-0.3226104386974802
0,41.81,0.54,0,0,1,-0.0005986727367745281,0.1541807750421599,0.3618663400265225
0,92.81,1.0,0,1,0,-0.5377863852383634,0.05686879430102443,0.04148935102230875
0,16.33,1.25,0,1,0,-0.08460296021708895,-0.4036209002813838,0.17262321211354406
0,4.99,0.4,0,0,1,-0.3842675784397206,-0.252639863358973,-0.1147328178318508
0,33.96,0.77,0,1,0,0.3285493932757514,0.40567129039638117,-0.13557096802148658
0,15.71,0.55,1,0,0,-0.3281277427638494,0.45784148447344186,0.31213844703732396
0,71.09,0.99,1,0,0,0.052487895496918756,-0.2903180760011484,0.2663162527872032
0,24.02,0.76,1,0,0,-0.6497374255178882,-0.1153787401799469,-0.01796899311155696
0,42.33,0.22,0,0,1,0.02748516137744061,0.09945711666636997,0.3685527685777775
0,159.38,0.82,1,0,0,0.0898961935752568,0.5317143373126205,0.5650603316378043
1,61.71,1.17,0,1,0,0.5339067961283472,-0.23125637519544723,-0.29152938118798205
1,70.32,1.54,0,1,0,0.7369481413146369,-0.21887054807696318,-0.02698497975407929
0,63.13,1.56,0,1,0,0.16317905627895313,0.012117831822785046,-0.00015732224489988043
0,27.94,1.16,0,1,0,0.14108493478343417,-0.18121640696762842,-0.14496267229565238
0,17.58,0.39,1,0,0,-0.8312436679995063,-0.0573889165638305,-0.13223770183299793
0,4.03,0.24,1,0,0,-0.7323665019466951,-0.22074881740160995,-0.23472047291991133
0,5.53,0.03,0,1,0,-0.5030422337686684,-0.15074632834021215,-0.15533409293908795
0,25.33,0.6,1,0,0,-0.4699762776260752,-0.07248661292229315,-0.08962985225549813
0,39.0,0.53,0,0,1,-0.039018761518070835,0.1560221166235327,0.4584860727511702
0,73.57,2.04,1,0,0,-0.0752828281749516,0.1986690768972677,0.23595388736724046
1,3.2,0.3,1,0,0,0.61158701216109,-0.1217830465744153,0.014678502764674521
0,38.37,0.26,0,0,1,-0.010285640236696241,0.11640956151487525,0.4155345094889284
1,84.1,1.71,0,0,1,0.7641537564775581,-0.20494697075370324,0.03945967814885299
0,1.57,0.54,0,1,0,-0.6496718481617704,0.12231860681722133,-0.258939931505097
0,5.78,0.35,0,0,1,-0.4115030599248122,-0.2512782949074924,-0.09782811329136122
0,61.97,1.99,0,1,0,0.25591491733528543,-0.06685497237483216,-0.3549909640658826
0,27.75,1.35,1,0,0,-0.4384355913820459,-0.13147743386012473,0.12777043933045254
0,4.61,0.51,0,0,1,-0.3922476861410291,-0.2250954928618216,-0.08564737504495601
0,12.98,0.3,0,1,0,-0.6940457951822895,0.12893744969217374,-0.28793631138823494
0,111.66,1.95,0,1,0,0.7750526451593098,-0.2144820813615812,-0.22569573091414682
0,2.64,0.91,0,1,0,-0.3104430690067538,0.16026700584522965,0.4794490607402866
1,181.15,1.5,0,0,1,0.5822753425862289,0.012081734220145116,0.3228375494251939
0,35.88,1.56,0,1,0,-0.05366112046501391,0.44502428736642086,0.3338003294404718
0,75.6,2.32,0,1,0,0.5364122257988492,-0.09792122047601128,-0.589883606081545
0,5.1,1.1,0,1,0,-0.44466406787615603,-0.21057173303161206,-0.11150795528967984
1,65.94,0.95,0,1,0,0.5980812853695759,-0.0681242495624839,-0.3019369849778861
1,121.22,3.13,0,0,1,0.8831984925525591,-0.21226250307881359,-0.19264865838078207
0,297.31,2.7,1,0,0,0.5472899912074736,0.7340377579455176,-0.029472602554388824
1,25.16,1.56,0,0,1,0.8593819858820787,-0.8205119339899096,-0.44642045487914134
0,183.67,3.24,0,1,0,0.01740880804842529,-0.273784035410316,0.35144750639504563
0,331.93,1.44,0,1,0,0.5391912098597473,0.5072845798619146,0.585772605089793
0,13.74,1.0,1,0,0,-0.36090251974606924,-0.19680407525394258,0.18944758059883168
0,0.33,0.65,0,0,1,0.21798061996543436,-0.3474175901152457,-0.16416875270766806
0,17.33,1.36,1,0,0,-0.009628952011769047,-0.39547257108331485,0.1468689957636427
0,17.33,1.22,0,1,0,0.058293645570427134,-0.11384148042110673,-0.198786590606183
0,16.69,0.85,0,1,0,0.29475691687760347,-0.520200093172552,0.2766689264848732
0,124.12,1.48,1,0,0,0.7390499600296726,0.4293842903080629,-0.4390480300524635
0,5.44,0.31,1,0,0,0.03367831707829875,-0.07336089990437888,0.05019249632246442
1,178.4,1.47,0,0,1,0.46057256236623273,-0.5795977943046066,0.36604820639764885
0,19.18,0.41,1,0,0,-0.3538517142471886,0.47314613506673625,0.3136056707766002
0,17.88,1.26,0,1,0,-0.03608086477415717,-0.41675631237286886,0.1545198237065733
0,4.38,0.5,1,0,0,-0.5751401448835343,-0.04522125178618707,-0.1288230076819004
0,26.13,0.94,0,1,0,-0.22874129527590414,0.06577326804105225,-0.3389280475801556
0,1.4,0.12,1,0,0,-0.6031833037770833,-0.08718833486076333,0.24922590302441333
1,69.52,1.58,0,1,0,0.7121944044856354,-0.11663184478046847,-0.37331611840932744
0,12.95,0.83,1,0,0,-0.3678678403528731,-0.009456404821389139,0.23197016198083895
0,33.71,0.4,0,1,0,-0.53365097216683,0.04420786634776296,-0.009775048630665474
0,27.13,0.84,1,0,0,-0.39534829309842623,0.1601705740727349,-0.3800460510193971
0,0.98,0.55,1,0,0,-0.12017591892767081,-0.18070728822888688,0.03295670472350395
0,39.21,0.33,0,0,1,-0.04358912066478866,0.116946078619671,0.4715326663015418
1,322.8,2.73,0,0,1,0.9506304320183934,-0.2847245862988752,0.004149245426389565
0,112.81,0.67,0,1,0,-0.20333854341551671,0.4489628611943796,-0.038758788748601475
0,24.97,0.77,0,1,0,0.4802947723996761,-0.5501360324181295,0.21356267489984665
0,1.31,0.16,0,1,0,-0.17443637009619792,-0.39527009911784494,0.19724735849850322
0,454.84,2.53,1,0,0,0.1237830289558516,0.19366376377575262,0.13206958857859183
0,27.32,1.75,1,0,0,-0.027902114731878133,-0.10891332715794157,0.5248453625034105
0,32.26,0.48,0,0,1,0.5065195590365079,-0.3879973364544803,0.17510196044482523
0,98.93,2.97,0,0,1,0.46948113496948113,-0.20475517387500272,0.143640696240556
0,34.29,0.87,0,1,0,0.1925374448222369,-0.42892187536897863,-0.09009356134600725
0,52.62,1.38,0,1,0,0.15037741059952586,0.03151742425226184,0.19710789669160952
0,35.6,0.44,0,0,1,-0.08676677340022193,0.238259990830429,0.45228917896477405
0,18.9,0.13,0,1,0,-0.4237868682699806,0.13000926823742182,-0.2887375883756098
0,41.33,1.91,0,1,0,0.029352261765856973,-0.26597868803701363,0.31180586721632686
0,55.98,1.39,0,1,0,0.16369829482092607,-0.4302402020057912,0.3166147903120476
0,38.26,0.33,0,0,1,-0.03933416210496544,0.06765698621876241,0.49970946737692284
0,16.72,1.23,1,0,0,-0.11005818713269078,-0.35225285464108674,0.2024501924948563
1,327.97,2.85,0,0,1,0.8614499948121619,-0.19018708154591918,0.16649419999228016
0,0.4,0.25,0,0,1,0.4249492529442742,-0.43279347513417366,-0.07375653633115946
0,11.74,0.94,1,0,0,-0.5915795338769029,0.009449162436871513,0.04058786769452135
0,128.28,2.31,1,0,0,0.7572870405814003,0.183298528985922,-0.6141010173979911
0,80.9,1.47,1,0,0,0.27000514570429784,0.2525016981805364,-0.2237800749696399
0,21.83,1.3,1,0,0,0.15641258296127708,-0.1306376590770186,0.18288575102757365
0,29.27,1.32,0,1,0,0.24352095127767504,-0.3677990177477257,-0.17931694726674735
0,28.44,0.83,1,0,0,-0.253948274661542,0.32933118841975334,-0.39477547031393245
0,5.9,0.77,1,0,0,-0.06327194717840787,0.2824199735347065,0.4876206965604985
0,5.91,0.19,0,1,0,-0.9773633647053508,0.14209053023011425,-0.28385801801567767
0,16.16,1.46,0,1,0,-0.03355446525015971,-0.4626082584319418,0.1845817963445905
1,69.38,1.56,0,1,0,0.7513965688763724,-0.2039877226544804,-0.2879338236796899
0,7.79,0.5,0,1,0,-0.5996855422922095,-0.21829062839088165,-0.04947857130650501
0,91.19,0.96,0,1,0,0.503026185221149,0.4647363104287333,-0.35276932150583923
0,7.48,0.62,1,0,0,-1.104132834805888,0.12820810045082687,-0.2904031728187913
0,7.03,0.45,0,1,0,-0.5487645274976217,-0.02377230548651564,0.10593133182244407
0,8.84,0.65,1,0,0,-1.1472890587218623,0.14724595759627207,-0.34131254387260274
0,30.99,0.7,1,0,0,-0.7986705190630047,-0.003358869411270249,0.24953640059876556
0,63.93,1.04,1,0,0,0.3744491752698532,0.38814447596595314,-0.4717666762137405
0,132.25,1.08,1,0,0,0.375972183347774,0.9505689386593948,0.0646825129404596
0,9.27,0.74,1,0,0,-0.27300426567751823,0.06428640187929002,0.44861531699719626
0,17.76,1.01,0,1,0,-0.45883671255729586,-0.1420189007309241,-0.07464956110028287
0,17.94,0.13,1,0,0,-0.5688625303094051,0.12724162188304539,-0.23144913244550872
0,5.73,0.11,1,0,0,-0.6254661120762384,0.03688443887293219,-0.049187524031100854
0,39.69,0.3,0,0,1,-0.0628611330629144,0.20380194611882646,0.3890066223195284
0,17.29,0.92,0,1,0,0.2654151818972903,0.04453488008947361,-0.2708791444537697
0,210.14,4.37,0,0,1,0.3292580854143884,0.2777568016546426,-0.15534449626211128
0,44.48,1.08,0,1,0,0.3232985152731502,-0.30969191069304935,0.24485010722435854
0,33.02,1.68,1,0,0,0.45050481062189773,0.07632109882695734,-0.19991424705098626
0,40.25,0.4,0,0,1,-0.008715563652637396,0.15347183742000517,0.3903513278711799
0,36.08,1.03,0,1,0,-0.5968492443473838,-0.06358803516184401,0.052895058739990515
0,30.21,1.83,0,1,0,0.44401409137947323,-0.1811923528017326,-0.2831221390811091
0,8.34,0.65,1,0,0,-0.5812706587307243,0.027678285280719913,0.176478863623463
0,10.61,0.02,1,0,0,0.40422139773805127,-0.4429600822920963,0.2810937901802786
0,32.99,0.68,1,0,0,-0.3503959143648291,-0.048228383524779074,-0.25485888859083194
1,63.34,2.2,0,0,1,0.5556576654442483,-0.2875830470289208,-0.3634693902871276
0,77.63,2.48,1,0,0,0.31644550518655057,0.20270834175918778,-0.14966420594939006
1,5.37,0.97,0,0,1,0.618084796022241,-0.10508075885565606,-0.1010439673324279
0,43.51,1.32,0,1,0,1.0551991191413963,-0.484597134092174,-0.5010247623338512
0,19.35,0.92,0,1,0,0.007154935358336381,-0.3473200843727105,0.12073100146454005
0,19.06,0.91,0,1,0,-0.05344495007697924,-0.4045033100036534,0.17496712753597074
0,4.21,2.11,1,0,0,-0.5352675088834093,-0.010809812540775957,-0.09395117789054264
1,1.57,0.24,0,0,1,0.5199911820263283,-0.15740435304364633,0.14175643740179913
0,10.06,0.61,0,1,0,-0.07397761707961667,-0.28605442354088234,0.08404573583397186
0,35.56,0.97,1,0,0,-0.03645168784251392,0.1431892142077959,-0.32404108607406357
0,18.62,1.16,0,1,0,-0.36028465307310875,-0.19277002036825014,-0.10877140826525311
0,14.34,1.26,1,0,0,-0.30846958082001924,0.15828317378606346,-0.3479731596319728
0,35.31,0.9,1,0,0,0.031406630195752426,-0.398312676950982,0.097418429166754
0,42.02,0.36,0,0,1,-0.04800675624417766,0.20095180036432939,0.43397085509650823
0,29.78,0.55,1,0,0,0.053210754971679645,0.037904687008590635,-0.22602022054032528
0,48.4,0.83,1,0,0,0.13550759528276338,0.15869343188090926,-0.4295410986657983
0,45.42,0.73,0,1,0,-0.5534501106183966,-0.17609923881013198,0.10289756819138564
0,8.11,1.06,0,1,0,-0.533054897693582,0.10211698720085197,-0.13087839285654748
0,26.5,1.31,0,1,0,0.3354098508535811,-0.13301285139922361,-0.30240249290663207
0,78.07,1.71,1,0,0,-0.1619132380503092,-0.12209876821593209,0.4130545790472515
0,1.24,0.61,0,1,0,-0.8060116891573292,0.028193122980297077,-0.09665534364105365
1,61.18,2.04,0,1,0,0.7963176503967914,-0.38302554096680774,0.058412747245506456
0,24.49,0.43,1,0,0,-1.05874113652499,0.0341964697564687,0.1006150372007033
0,37.34,1.69,0,1,0,0.2616635517834223,-0.4203160475527481,0.3556656378317119
0,16.56,0.91,1,0,0,-0.024184663470217117,-0.37779022005370716,0.15324872148353064
0,47.31,1.24,0,1,0,0.400608174748264,-0.423430781215485,0.23459515959849872
0,98.98,2.5,0,0,1,0.5474724471155451,-0.16852757087646922,0.2119630200594411
0,57.64,1.26,1,0,0,0.4215082799447835,0.43822130246341445,-0.4467508042457265
0,1.97,0.35,1,0,0,-1.0150815067591616,0.14345089806381972,-0.37306279886586513
0,0.48,0.17,1,0,0,-0.5791010837995261,-0.18648830223146062,0.10822703735073443
0,12.32,0.84,1,0,0,0.41275844210653756,-0.46931573851880326,0.3036675838748851
0,39.35,2.1,0,1,0,0.26441120842643306,-0.42979737916600347,0.359586360307729
0,38.95,0.12,0,0,1,-0.04944763975633302,0.1975410897263253,0.43848199814412725
0,123.24,0.97,1,0,0,0.49830254440663596,0.7891772281542124,-0.184204239094077
0,8.4,1.08,1,0,0,0.4083519494008974,-0.4924107167216913,0.23083448579733132
0,96.88,2.43,0,0,1,0.5197091195405378,-0.11114154898732764,0.1925634774848111
0,5.23,0.48,0,1,0,-0.513146339683298,-0.11809127534612139,0.13695935531416414
1,45.13,0.88,0,0,1,0.9057352124154793,-0.3247886237031985,0.21828792727371543
0,105.91,1.1,0,1,0,-0.1648257757545493,0.3920380662560113,-0.2581603807765316
0,0.48,0.16,0,1,0,0.40434389541443616,-0.38870107932580633,-0.061947360795779845
0,85.47,2.7,0,1,0,0.07962451764522159,0.00032715805590588997,0.11485654707424493
0,4.43,0.18,0,1,0,-0.493547444905958,-0.0023430785743454047,-0.11888021878963777
0,44.51,1.11,0,1,0,-0.13116406215066834,0.40113523347615765,0.02812397754013802
0,27.35,1.03,1,0,0,0.04916814901282374,-0.3059835153179619,0.02618266130275432
0,22.51,0.71,0,1,0,-0.5366130744540702,-0.07867912046083052,0.00855821711684688
0,549.08,1.67,0,0,1,0.8993958099319426,0.08706004698109726,0.03530747779055767
0,83.96,1.64,0,1,0,0.15483196556547404,-0.3641136972357353,0.010609831607195485
0,59.77,0.69,0,1,0,0.3678422338172384,0.6699224938797763,-0.3258638015340396
0,1.18,0.68,1,0,0,-0.022418560776356726,-0.1287344601651855,0.45544808755628063
0,25.82,1.22,1,0,0,0.45373316450776185,0.37601663479381436,-0.5252099760040915
0,185.06,3.89,1,0,0,0.3194871431990029,0.16527221805952255,-0.02701371011166512
0,18.52,0.53,1,0,0,-0.29919619369415285,0.054114176821807095,-0.06137799668420371
1,262.83,2.0,0,0,1,0.5582737766073291,0.028596552279208702,-0.512726888645443
1,310.78,5.51,0,0,1,0.6519170943835628,0.01699977597405728,0.2999431449201301
0,2.44,0.69,0,1,0,-0.7509307806143346,-0.2283803583601795,-0.24020136302553885
1,1.05,0.69,0,0,1,0.5517507535878537,-0.12296494995792515,0.16473673919798204
0,7.27,1.94,1,0,0,-0.5470184957019817,0.00046183908827271934,0.0064787298635401785
0,116.58,1.34,0,1,0,0.8866335864657576,1.8753328388221975,0.3191395291403983
0,92.07,1.73,0,1,0,0.15056926927424452,0.015078061881630331,0.2587625214174859
0,1.34,0.25,1,0,0,-0.06381284119357766,-0.5930628736321946,0.244209218191468
0,1.09,0.71,1,0,0,-0.010977058825845284,-0.2233103804188778,0.32479859769767394
0,10.79,0.52,0,0,1,-0.8146982703007615,-0.19275596588962407,-0.15747312913543446
0,42.37,1.88,1,0,0,0.5013620619876401,0.4673805557274451,-0.0678521041317799
0,21.34,0.94,1,0,0,-0.8277684947251214,0.04897493750948011,0.10223262697002382
1,60.66,1.8,0,0,1,0.7354023241941768,-0.16627879646042681,0.14576764451301033
0,49.87,1.39,0,1,0,0.26941262714474595,-0.11054564205854721,-0.12618338407562835
0,99.89,1.13,0,1,0,0.3611793903499359,0.037723603132518914,-0.26220062987946946
0,63.9,1.49,0,1,0,0.3261208480219419,0.4093277870210506,-0.493514433133608
0,122.61,1.34,0,1,0,0.11726044004336794,0.03896249653318698,0.18905436039935614
0,14.47,0.69,1,0,0,-0.492254917620156,0.06336588450099363,-0.005190872902088615
0,54.51,2.77,0,1,0,0.23020204306856684,-0.1631229736609122,-0.18988198403964332
0,2.82,0.39,0,1,0,-0.8198764557171725,0.06619254432817447,-0.2636561843149398
0,255.26,1.14,1,0,0,0.11972428167373314,-0.013871400928899989,0.12244119534296544
1,317.03,3.76,0,0,1,0.9082581976890418,-0.12737842694217744,-0.11060873110176743
0,28.32,1.37,0,1,0,-0.035756639659040704,-0.30042901759404966,0.3883742360080591
0,18.62,0.74,1,0,0,-0.07374188849152889,-0.010212756952844574,-0.3368266904603875
0,115.78,1.81,0,0,1,0.1494457821430244,0.016231906840318815,0.18426668475551244
0,16.29,0.91,1,0,0,0.07363802786082002,-0.36733227813687963,0.3499742114978618
0,17.49,1.08,1,0,0,-0.2596722630625194,0.13667466758658267,-0.17675846152700112
0,34.1,1.28,1,0,0,0.15555968659585273,0.2674917686453935,0.013680607838948507
0,0.85,0.42,1,0,0,-0.043648706812325654,-0.5010399097723418,0.2044189882356385
0,16.88,3.27,1,0,0,-0.1762206958327834,-0.16566214417584904,0.03549325549461936
1,18.99,1.39,0,0,1,0.7791136370435764,-0.3811562086796419,0.06564083615449545
0,9.03,0.33,0,1,0,-0.7634628487605348,0.05113900722359573,0.2890579155164274
1,31.3,1.01,0,0,1,0.4165099288179004,-0.08982333956799315,-0.2545376302117852
0,22.97,1.3,0,1,0,-0.26653671722012756,0.12753980179414287,0.37607547405326547
0,28.85,0.94,0,1,0,0.12173360836467244,-0.2652033652713657,-0.09903180365875609
0,138.39,1.6,0,1,0,0.3607070045980136,-0.1162482198199583,-0.25770129314552226
0,77.95,2.23,0,1,0,0.03560931763354402,0.10624859130696436,0.3589934251870607
0,40.56,0.43,0,0,1,-0.005206507132347873,0.1617080552195928,0.37906337690377667
0,39.95,0.74,0,1,0,-0.021857636139067393,0.3260420982746465,-0.4597084485257079
0,10.69,0.92,1,0,0,0.39222552081199946,0.5426127170211776,-0.001134303557644465
0,141.49,1.41,1,0,0,0.08956651565682687,0.21616198861983918,0.35455264876127474
0,16.94,4.4,0,1,0,-0.12229756293720517,-0.1807018344474192,0.03286363183619044
0,85.31,0.8,0,1,0,0.28802486412928047,-0.2558885910697355,0.07364395374919547
0,32.96,1.43,0,1,0,0.4961904076764407,-0.22842341823295786,-0.3353460870553511
0,17.24,0.84,1,0,0,-0.08845724746566964,-0.43847405323558847,0.18825655560973845
0,47.71,2.33,1,0,0,0.5980873356255857,-0.4965491722305426,0.13891732998062223
0,4.16,0.36,0,0,1,-0.40526616964858214,-0.26333735376409545,-0.1060506966579619
1,61.13,1.92,0,0,1,1.2607940607441293,-0.7689611737079406,-0.5873962917615679
0,25.0,0.7,0,1,0,-0.2759362401821387,0.1401479779080175,-0.2536713283528658
0,0.36,0.15,0,1,0,-0.6809816944048311,-0.20184273411599166,-0.21801302976701384
0,299.36,1.59,1,0,0,0.5587971452756978,0.7848406572397228,-0.08487025982461563
0,41.23,1.26,0,1,0,0.5008693933198831,-0.6276345149884163,0.2011480773646386
0,5.69,0.16,0,1,0,-0.1690633744469151,0.1982859532629061,0.47047095975985836
0,26.2,0.94,0,1,0,-0.11214458044851869,0.13214920559930354,-0.26462659931083504
0,1.41,0.49,0,1,0,-0.662107521259935,0.09572358979866297,0.27777421318081896
0,82.59,1.45,0,1,0,0.34094699906876397,-0.5016206963587609,-0.07896860251122374
0,2.44,0.59,0,1,0,-0.5749496773319022,0.05531743911505052,0.010695372343198206
0,222.19,2.03,0,1,0,0.182178150319478,0.1915730600534389,0.1279766985696294
0,4.49,0.49,0,0,1,-0.3350954895523948,-0.17893098052490275,-0.027413759119431454
0,38.74,1.38,0,1,0,0.3809858844875897,-0.6995289318076721,0.28949463153112504
0,12.15,0.58,0,1,0,-0.8204413321486073,0.13589751601858924,-0.2887146265763742
0,4.93,0.39,0,0,1,-0.4380209301697358,-0.18722977814196032,-0.07748608620897993
0,6.86,0.28,0,0,1,-0.3799293035928604,-0.30077914502883724,0.24980973438039594
0,325.2,1.21,1,0,0,0.5377265622939157,0.7620773553858573,0.03472065848471202
1,201.51,1.81,0,0,1,0.47011131077269536,0.4414015174148197,0.46761149593646867
0,29.35,1.7,0,1,0,-0.3350683279195077,0.24459645282573514,-0.40794167965833483
0,7.91,0.37,0,1,0,-0.5164870749062196,0.1319489954864918,0.3857334354398757
0,42.87,1.43,0,1,0,0.10460979037464316,-0.10524457547384132,-0.12440348531442257
0,97.54,1.39,0,0,1,0.4795905013898619,-0.11877647646290582,0.13763851106836414
0,42.06,0.23,0,0,1,-0.15869266249211564,0.15913564814809167,0.38147448484635516
0,48.15,1.83,1,0,0,-0.2698259817892664,0.10636041862055841,0.3463509850227579
0,1.43,0.46,1,0,0,-0.6748561223248738,-0.21076200781987744,-0.21585648460877127
0,20.94,0.5,0,1,0,0.04240169173467745,0.22188589123423366,-0.28924180588368964
0,6.07,0.46,1,0,0,-0.2882467474802331,0.16476277738861017,0.43872945609442315
1,199.57,6.64,0,0,1,0.8789627568973537,-0.34389388871830234,-0.3828409047224604
0,42.71,1.27,0,1,0,-0.10467005676747664,-0.37292253256590113,0.23764723743518942
0,1.65,0.33,0,1,0,-0.660916356533914,0.09582040724548051,0.27737245292259083
1,87.95,1.82,0,0,1,0.5307708989707831,0.1971094231978179,0.4024013421571823
0,1.73,0.08,0,1,0,-0.054342147391188804,-0.5498332790727197,0.22550184968593492
0,148.14,1.53,1,0,0,0.39740602900939404,-0.07463386381459183,0.041292480205153456
0,98.38,1.11,0,1,0,0.5309687769274963,0.9740760189257677,0.26303571430439016
0,28.43,0.82,0,1,0,0.2257211476508914,0.03083215082525691,-0.2320966143890656
0,17.99,0.54,1,0,0,-1.0169028365465809,0.14271099181817562,-0.2949078370565565
0,8.88,0.44,1,0,0,0.01593442004728196,-0.44422074429422137,0.14851215303362145
0,1.15,0.66,1,0,0,-0.4643399279754995,0.32973941269603196,0.2644721747513294
0,4.71,0.65,0,1,0,-0.4796247950087315,-0.08304712743103075,-0.01778564631324711
0,30.76,1.45,1,0,0,-0.37758366391925946,0.06727742708729122,0.10739698514793125
0,27.43,1.23,1,0,0,0.26136355255716853,0.020164895478539578,-0.181275288584831
0,106.47,1.72,1,0,0,0.531815373061896,0.8881443058564241,0.21542510343602275
0,72.44,1.01,0,1,0,0.09033777760400165,0.25630044274941266,-0.2526695563735241
0,39.76,1.34,1,0,0,-0.14483076892208369,0.39688014836664137,-0.0664258306108367
0,39.57,0.7,0,0,1,-0.07487644802771945,0.16779428155231524,0.38187708241299
